Datetime,Adj Close,Close,High,Low,Open,Volume
2026-09-24 00:09:00-04:00,2853.60009765625,2853.60009765625,2854.10009765625,2853.199951171875,2853.199951171875,0
2026-09-24 00:10:00-04:00,2853.60009765625,2853.60009765625,2854.0,2853.60009765625,2853.699951171875,10
2026-09-24 00:11:00-04:00,2853.699951171875,2853.699951171875,2853.89990234375,2853.699951171875,2853.800048828125,12
2026-09-24 00:12:00-04:00,2853.39990234375,2853.39990234375,2853.800048828125,2853.39990234375,2853.800048828125,13
2026-09-24 00:13:00-04:00,2853.0,2853.0,2853.199951171875,2852.800048828125,2853.10009765625,105
2026-09-24 00:14:00-04:00,2852.800048828125,2852.800048828125,2853.199951171875,2852.800048828125,2853.0,13
2026-09-24 00:15:00-04:00,2852.800048828125,2852.800048828125,2852.800048828125,2852.199951171875,2852.60009765625,26
2026-09-24 00:16:00-04:00,2853.300048828125,2853.300048828125,2853.39990234375,2852.800048828125,2852.800048828125,12
2026-09-24 00:17:00-04:00,2852.800048828125,2852.800048828125,2853.300048828125,2852.699951171875,2853.199951171875,25
2026-09-24 00:18:00-04:00,2853.199951171875,2853.199951171875,2853.60009765625,2852.699951171875,2852.699951171875,21
2026-09-24 00:19:00-04:00,2853.5,2853.5,2853.60009765625,2853.199951171875,2853.199951171875,9
2026-09-24 00:20:00-04:00,2853.800048828125,2853.800048828125,2854.10009765625,2853.39990234375,2853.39990234375,18
2026-09-24 00:21:00-04:00,2853.60009765625,2853.60009765625,2853.89990234375,2853.60009765625,2853.89990234375,7
2026-09-24 00:22:00-04:00,2854.10009765625,2854.10009765625,2854.10009765625,2853.699951171875,2853.699951171875,13
2026-09-24 00:23:00-04:00,2853.39990234375,2853.39990234375,2854.0,2853.39990234375,2854.0,12
2026-09-24 00:24:00-04:00,2853.60009765625,2853.60009765625,2853.60009765625,2853.199951171875,2853.199951171875,14
2026-09-24 00:25:00-04:00,2853.800048828125,2853.800048828125,2853.89990234375,2853.60009765625,2853.60009765625,6
2026-09-24 00:26:00-04:00,2853.699951171875,2853.699951171875,2854.0,2853.39990234375,2853.89990234375,12
2026-09-24 00:27:00-04:00,2853.699951171875,2853.699951171875,2853.699951171875,2853.60009765625,2853.699951171875,8
2026-09-24 00:28:00-04:00,2854.0,2854.0,2854.0,2853.699951171875,2853.800048828125,9
2026-09-24 00:29:00-04:00,2854.800048828125,2854.800048828125,2854.800048828125,2854.10009765625,2854.10009765625,14
2026-09-24 00:30:00-04:00,2854.5,2854.5,2855.0,2854.5,2854.699951171875,7
2026-09-24 00:31:00-04:00,2855.199951171875,2855.199951171875,2855.199951171875,2854.699951171875,2854.699951171875,13
2026-09-24 00:32:00-04:00,2855.5,2855.5,2855.60009765625,2855.300048828125,2855.300048828125,12
2026-09-24 00:33:00-04:00,2855.699951171875,2855.699951171875,2855.89990234375,2855.60009765625,2855.60009765625,12
2026-09-24 00:34:00-04:00,2855.800048828125,2855.800048828125,2855.800048828125,2855.60009765625,2855.699951171875,34
2026-09-24 00:35:00-04:00,2855.800048828125,2855.800048828125,2855.89990234375,2855.5,2855.800048828125,14
2026-09-24 00:36:00-04:00,2855.800048828125,2855.800048828125,2856.0,2855.699951171875,2856.0,15
2026-09-24 00:37:00-04:00,2855.800048828125,2855.800048828125,2856.0,2855.800048828125,2855.800048828125,9
2026-09-24 00:38:00-04:00,2856.199951171875,2856.199951171875,2856.199951171875,2855.800048828125,2855.800048828125,16
2026-09-24 00:39:00-04:00,2856.0,2856.0,2856.199951171875,2856.0,2856.199951171875,11
2026-09-24 00:40:00-04:00,2855.800048828125,2855.800048828125,2855.800048828125,2855.60009765625,2855.699951171875,6
2026-09-24 00:41:00-04:00,2855.699951171875,2855.699951171875,2855.699951171875,2855.699951171875,2855.699951171875,4
2026-09-24 00:42:00-04:00,2855.5,2855.5,2855.699951171875,2855.5,2855.60009765625,8
2026-09-24 00:43:00-04:00,2855.199951171875,2855.199951171875,2855.199951171875,2855.10009765625,2855.199951171875,14
2026-09-24 00:44:00-04:00,2855.10009765625,2855.10009765625,2855.199951171875,2855.10009765625,2855.199951171875,8
2026-09-24 00:45:00-04:00,2854.89990234375,2854.89990234375,2854.89990234375,2854.89990234375,2854.89990234375,5
2026-09-24 00:46:00-04:00,2854.89990234375,2854.89990234375,2855.0,2854.699951171875,2854.800048828125,11
2026-09-24 00:47:00-04:00,2855.0,2855.0,2855.0,2854.699951171875,2854.800048828125,10
2026-09-24 00:48:00-04:00,2854.89990234375,2854.89990234375,2855.0,2854.89990234375,2855.0,6
2026-09-24 00:49:00-04:00,2855.10009765625,2855.10009765625,2855.10009765625,2854.89990234375,2855.0,12
2026-09-24 00:50:00-04:00,2854.89990234375,2854.89990234375,2855.10009765625,2854.89990234375,2855.10009765625,8
2026-09-24 00:51:00-04:00,2854.89990234375,2854.89990234375,2855.0,2854.89990234375,2854.89990234375,5
2026-09-24 00:52:00-04:00,2854.800048828125,2854.800048828125,2855.0,2854.800048828125,2854.89990234375,8
2026-09-24 00:53:00-04:00,2854.699951171875,2854.699951171875,2854.699951171875,2854.5,2854.699951171875,7
2026-09-24 00:54:00-04:00,2854.60009765625,2854.60009765625,2854.60009765625,2854.5,2854.5,15
2026-09-24 00:55:00-04:00,2854.5,2854.5,2854.89990234375,2854.5,2854.699951171875,15
2026-09-24 00:56:00-04:00,2854.60009765625,2854.60009765625,2854.60009765625,2854.5,2854.5,13
2026-09-24 00:57:00-04:00,2854.300048828125,2854.300048828125,2854.60009765625,2854.300048828125,2854.60009765625,10
2026-09-24 00:58:00-04:00,2854.300048828125,2854.300048828125,2854.39990234375,2854.300048828125,2854.39990234375,5
2026-09-24 00:59:00-04:00,2854.699951171875,2854.699951171875,2854.800048828125,2854.300048828125,2854.300048828125,6
2026-09-24 01:00:00-04:00,2855.5,2855.5,2855.5,2854.800048828125,2854.800048828125,17
2026-09-24 01:01:00-04:00,2856.10009765625,2856.10009765625,2856.10009765625,2855.800048828125,2855.800048828125,7
2026-09-24 01:02:00-04:00,2856.5,2856.5,2856.5,2856.199951171875,2856.300048828125,17
2026-09-24 01:03:00-04:00,2857.199951171875,2857.199951171875,2857.199951171875,2856.39990234375,2856.5,13
2026-09-24 01:04:00-04:00,2856.89990234375,2856.89990234375,2857.0,2856.89990234375,2857.0,9
2026-09-24 01:05:00-04:00,2857.0,2857.0,2857.0,2856.89990234375,2857.0,4
2026-09-24 01:06:00-04:00,2856.800048828125,2856.800048828125,2856.800048828125,2856.699951171875,2856.699951171875,2
2026-09-24 01:07:00-04:00,2857.10009765625,2857.10009765625,2857.10009765625,2856.800048828125,2856.800048828125,6
2026-09-24 01:08:00-04:00,2856.89990234375,2856.89990234375,2857.5,2856.89990234375,2857.199951171875,38
2026-09-24 01:09:00-04:00,2856.800048828125,2856.800048828125,2856.800048828125,2856.699951171875,2856.800048828125,8
2026-09-24 01:10:00-04:00,2856.699951171875,2856.699951171875,2856.800048828125,2856.699951171875,2856.800048828125,2
2026-09-24 01:11:00-04:00,2856.10009765625,2856.10009765625,2856.300048828125,2856.0,2856.300048828125,7
2026-09-24 01:12:00-04:00,2856.199951171875,2856.199951171875,2856.199951171875,2856.199951171875,2856.199951171875,1
2026-09-24 01:13:00-04:00,2855.800048828125,2855.800048828125,2856.199951171875,2855.800048828125,2856.10009765625,10
2026-09-24 01:14:00-04:00,2856.199951171875,2856.199951171875,2856.199951171875,2855.699951171875,2855.800048828125,22
2026-09-24 01:15:00-04:00,2856.300048828125,2856.300048828125,2856.39990234375,2856.300048828125,2856.300048828125,8
2026-09-24 01:16:00-04:00,2856.199951171875,2856.199951171875,2856.199951171875,2856.0,2856.0,14
2026-09-24 01:17:00-04:00,2856.39990234375,2856.39990234375,2856.39990234375,2856.10009765625,2856.10009765625,11
2026-09-24 01:18:00-04:00,2856.60009765625,2856.60009765625,2856.60009765625,2856.5,2856.5,9
2026-09-24 01:19:00-04:00,2856.699951171875,2856.699951171875,2856.699951171875,2856.60009765625,2856.60009765625,10
2026-09-24 01:20:00-04:00,2856.199951171875,2856.199951171875,2856.60009765625,2856.199951171875,2856.60009765625,6
2026-09-24 01:21:00-04:00,2855.60009765625,2855.60009765625,2856.39990234375,2855.60009765625,2856.39990234375,14
2026-09-24 01:22:00-04:00,2855.800048828125,2855.800048828125,2855.800048828125,2855.39990234375,2855.60009765625,9
2026-09-24 01:23:00-04:00,2856.0,2856.0,2856.0,2855.699951171875,2855.699951171875,7
2026-09-24 01:25:00-04:00,2856.300048828125,2856.300048828125,2856.300048828125,2855.89990234375,2855.89990234375,5
2026-09-24 01:26:00-04:00,2856.39990234375,2856.39990234375,2856.39990234375,2856.39990234375,2856.39990234375,6
2026-09-24 01:27:00-04:00,2856.39990234375,2856.39990234375,2856.60009765625,2856.300048828125,2856.60009765625,17
2026-09-24 01:28:00-04:00,2857.199951171875,2857.199951171875,2857.199951171875,2856.60009765625,2856.60009765625,25
2026-09-24 01:29:00-04:00,2857.39990234375,2857.39990234375,2857.39990234375,2857.0,2857.199951171875,14
2026-09-24 01:30:00-04:00,2857.39990234375,2857.39990234375,2857.39990234375,2857.199951171875,2857.300048828125,10
2026-09-24 01:31:00-04:00,2857.39990234375,2857.39990234375,2857.39990234375,2857.39990234375,2857.39990234375,1
2026-09-24 01:32:00-04:00,2857.39990234375,2857.39990234375,2857.60009765625,2857.39990234375,2857.5,7
2026-09-24 01:33:00-04:00,2857.39990234375,2857.39990234375,2857.800048828125,2857.39990234375,2857.5,7
2026-09-24 01:35:00-04:00,2856.300048828125,2856.300048828125,2856.89990234375,2856.300048828125,2856.800048828125,13
2026-09-24 01:36:00-04:00,2856.39990234375,2856.39990234375,2856.39990234375,2856.199951171875,2856.300048828125,16
2026-09-24 01:37:00-04:00,2856.60009765625,2856.60009765625,2856.699951171875,2856.199951171875,2856.5,29
2026-09-24 01:38:00-04:00,2856.199951171875,2856.199951171875,2856.5,2856.199951171875,2856.5,5
2026-09-24 01:39:00-04:00,2855.800048828125,2855.800048828125,2855.89990234375,2855.800048828125,2855.800048828125,5
2026-09-24 01:40:00-04:00,2856.39990234375,2856.39990234375,2856.60009765625,2856.0,2856.0,6
2026-09-24 01:41:00-04:00,2856.10009765625,2856.10009765625,2856.60009765625,2856.10009765625,2856.300048828125,21
2026-09-24 01:42:00-04:00,2855.699951171875,2855.699951171875,2856.300048828125,2855.699951171875,2856.10009765625,13
2026-09-24 01:43:00-04:00,2855.300048828125,2855.300048828125,2855.60009765625,2855.300048828125,2855.60009765625,2
2026-09-24 01:44:00-04:00,2854.800048828125,2854.800048828125,2855.300048828125,2854.699951171875,2855.10009765625,36
2026-09-24 01:45:00-04:00,2854.699951171875,2854.699951171875,2854.699951171875,2854.10009765625,2854.699951171875,14
2026-09-24 01:46:00-04:00,2854.60009765625,2854.60009765625,2854.800048828125,2854.60009765625,2854.699951171875,13
2026-09-24 01:47:00-04:00,2854.199951171875,2854.199951171875,2854.39990234375,2854.0,2854.39990234375,60
2026-09-24 01:48:00-04:00,2854.0,2854.0,2854.10009765625,2853.89990234375,2854.0,9
2026-09-24 01:49:00-04:00,2853.60009765625,2853.60009765625,2853.800048828125,2853.60009765625,2853.800048828125,16
2026-09-24 01:50:00-04:00,2853.60009765625,2853.60009765625,2853.800048828125,2853.60009765625,2853.699951171875,5
2026-09-24 01:51:00-04:00,2853.800048828125,2853.800048828125,2854.0,2853.699951171875,2853.699951171875,12
2026-09-24 01:52:00-04:00,2853.800048828125,2853.800048828125,2853.89990234375,2853.800048828125,2853.800048828125,9
2026-09-24 01:53:00-04:00,2853.60009765625,2853.60009765625,2854.39990234375,2853.60009765625,2854.300048828125,8
2026-09-24 01:54:00-04:00,2853.800048828125,2853.800048828125,2853.800048828125,2853.800048828125,2853.800048828125,1
2026-09-24 01:55:00-04:00,2853.10009765625,2853.10009765625,2853.199951171875,2853.0,2853.199951171875,12
2026-09-24 01:56:00-04:00,2852.10009765625,2852.10009765625,2852.800048828125,2852.0,2852.800048828125,22
2026-09-24 01:57:00-04:00,2851.5,2851.5,2852.0,2851.39990234375,2852.0,64
2026-09-24 01:58:00-04:00,2851.60009765625,2851.60009765625,2851.60009765625,2851.5,2851.60009765625,18
2026-09-24 01:59:00-04:00,2851.89990234375,2851.89990234375,2852.10009765625,2851.60009765625,2851.800048828125,12
2026-09-24 02:00:00-04:00,2851.699951171875,2851.699951171875,2852.199951171875,2851.60009765625,2851.60009765625,39
2026-09-24 02:01:00-04:00,2851.89990234375,2851.89990234375,2852.60009765625,2851.699951171875,2852.0,52
2026-09-24 02:02:00-04:00,2852.0,2852.0,2852.699951171875,2851.800048828125,2852.0,35
2026-09-24 02:03:00-04:00,2852.10009765625,2852.10009765625,2852.10009765625,2851.60009765625,2852.10009765625,53
2026-09-24 02:04:00-04:00,2851.89990234375,2851.89990234375,2852.199951171875,2851.60009765625,2852.10009765625,160
2026-09-24 02:05:00-04:00,2851.800048828125,2851.800048828125,2852.10009765625,2851.60009765625,2852.0,62
2026-09-24 02:06:00-04:00,2851.89990234375,2851.89990234375,2852.199951171875,2851.60009765625,2851.800048828125,66
2026-09-24 02:07:00-04:00,2853.300048828125,2853.300048828125,2853.300048828125,2852.10009765625,2852.10009765625,43
2026-09-24 02:08:00-04:00,2853.699951171875,2853.699951171875,2854.300048828125,2853.39990234375,2853.39990234375,109
2026-09-24 02:09:00-04:00,2854.199951171875,2854.199951171875,2854.199951171875,2853.300048828125,2853.39990234375,23
2026-09-24 02:10:00-04:00,2854.5,2854.5,2854.5,2853.89990234375,2854.39990234375,33
2026-09-24 02:11:00-04:00,2855.199951171875,2855.199951171875,2855.300048828125,2854.39990234375,2854.699951171875,19
2026-09-24 02:12:00-04:00,2855.39990234375,2855.39990234375,2855.5,2855.0,2855.199951171875,21
2026-09-24 02:13:00-04:00,2855.0,2855.0,2855.39990234375,2854.699951171875,2855.39990234375,20
2026-09-24 02:14:00-04:00,2855.10009765625,2855.10009765625,2855.5,2855.0,2855.10009765625,17
2026-09-24 02:15:00-04:00,2854.89990234375,2854.89990234375,2855.10009765625,2854.800048828125,2855.10009765625,10
2026-09-24 02:16:00-04:00,2854.199951171875,2854.199951171875,2854.699951171875,2854.199951171875,2854.60009765625,12
2026-09-24 02:17:00-04:00,2854.199951171875,2854.199951171875,2854.60009765625,2854.0,2854.300048828125,22
2026-09-24 02:18:00-04:00,2854.5,2854.5,2854.5,2853.800048828125,2854.199951171875,19
2026-09-24 02:19:00-04:00,2854.300048828125,2854.300048828125,2854.5,2854.300048828125,2854.5,4
2026-09-24 02:20:00-04:00,2853.10009765625,2853.10009765625,2854.0,2853.10009765625,2854.0,18
2026-09-24 02:21:00-04:00,2853.199951171875,2853.199951171875,2853.5,2853.0,2853.199951171875,61
2026-09-24 02:22:00-04:00,2853.39990234375,2853.39990234375,2853.60009765625,2853.300048828125,2853.300048828125,19
2026-09-24 02:23:00-04:00,2853.0,2853.0,2853.5,2853.0,2853.199951171875,10
2026-09-24 02:24:00-04:00,2853.0,2853.0,2853.5,2852.89990234375,2853.10009765625,26
2026-09-24 02:25:00-04:00,2853.10009765625,2853.10009765625,2853.60009765625,2852.800048828125,2852.800048828125,17
2026-09-24 02:26:00-04:00,2853.300048828125,2853.300048828125,2853.39990234375,2853.300048828125,2853.39990234375,5
2026-09-24 02:27:00-04:00,2853.0,2853.0,2853.39990234375,2853.0,2853.39990234375,23
2026-09-24 02:28:00-04:00,2852.199951171875,2852.199951171875,2853.199951171875,2852.199951171875,2853.199951171875,14
2026-09-24 02:29:00-04:00,2852.10009765625,2852.10009765625,2852.39990234375,2851.699951171875,2851.89990234375,92
2026-09-24 02:30:00-04:00,2851.39990234375,2851.39990234375,2852.0,2851.199951171875,2852.0,32
2026-09-24 02:31:00-04:00,2851.10009765625,2851.10009765625,2851.39990234375,2851.0,2851.39990234375,27
2026-09-24 02:32:00-04:00,2850.199951171875,2850.199951171875,2851.199951171875,2850.199951171875,2851.10009765625,40
2026-09-24 02:33:00-04:00,2849.60009765625,2849.60009765625,2850.199951171875,2849.5,2850.199951171875,38
2026-09-24 02:34:00-04:00,2849.300048828125,2849.300048828125,2849.89990234375,2849.199951171875,2849.39990234375,25
2026-09-24 02:35:00-04:00,2849.10009765625,2849.10009765625,2849.699951171875,2849.0,2849.39990234375,44
2026-09-24 02:36:00-04:00,2849.0,2849.0,2849.300048828125,2848.800048828125,2849.300048828125,17
2026-09-24 02:37:00-04:00,2848.800048828125,2848.800048828125,2848.89990234375,2848.39990234375,2848.89990234375,28
2026-09-24 02:38:00-04:00,2848.800048828125,2848.800048828125,2848.89990234375,2848.39990234375,2848.89990234375,12
2026-09-24 02:39:00-04:00,2848.699951171875,2848.699951171875,2849.10009765625,2848.60009765625,2848.800048828125,62
2026-09-24 02:40:00-04:00,2849.5,2849.5,2849.5,2848.800048828125,2848.800048828125,110
2026-09-24 02:41:00-04:00,2849.699951171875,2849.699951171875,2849.89990234375,2849.199951171875,2849.60009765625,94
2026-09-24 02:42:00-04:00,2850.39990234375,2850.39990234375,2850.39990234375,2849.60009765625,2849.699951171875,60
2026-09-24 02:43:00-04:00,2850.699951171875,2850.699951171875,2850.699951171875,2850.10009765625,2850.60009765625,33
2026-09-24 02:44:00-04:00,2850.199951171875,2850.199951171875,2851.0,2850.199951171875,2850.699951171875,20
2026-09-24 02:45:00-04:00,2850.300048828125,2850.300048828125,2850.5,2849.89990234375,2850.10009765625,17
2026-09-24 02:46:00-04:00,2849.5,2849.5,2850.300048828125,2849.39990234375,2850.300048828125,16
2026-09-24 02:47:00-04:00,2849.800048828125,2849.800048828125,2850.10009765625,2849.60009765625,2849.800048828125,18
2026-09-24 02:48:00-04:00,2850.199951171875,2850.199951171875,2850.199951171875,2849.699951171875,2849.699951171875,18
2026-09-24 02:49:00-04:00,2850.89990234375,2850.89990234375,2850.89990234375,2850.300048828125,2850.300048828125,17
2026-09-24 02:50:00-04:00,2850.800048828125,2850.800048828125,2851.199951171875,2850.699951171875,2851.10009765625,17
2026-09-24 02:51:00-04:00,2850.5,2850.5,2850.699951171875,2850.10009765625,2850.39990234375,8
2026-09-24 02:52:00-04:00,2850.10009765625,2850.10009765625,2850.39990234375,2849.89990234375,2850.39990234375,21
2026-09-24 02:53:00-04:00,2850.0,2850.0,2850.10009765625,2849.800048828125,2850.10009765625,23
2026-09-24 02:54:00-04:00,2850.300048828125,2850.300048828125,2851.0,2850.10009765625,2850.10009765625,20
2026-09-24 02:55:00-04:00,2850.39990234375,2850.39990234375,2850.5,2849.800048828125,2850.10009765625,13
2026-09-24 02:56:00-04:00,2851.5,2851.5,2851.5,2850.89990234375,2850.89990234375,15
2026-09-24 02:57:00-04:00,2851.699951171875,2851.699951171875,2851.699951171875,2851.300048828125,2851.300048828125,26
2026-09-24 02:58:00-04:00,2851.699951171875,2851.699951171875,2852.199951171875,2851.60009765625,2851.89990234375,12
2026-09-24 02:59:00-04:00,2851.800048828125,2851.800048828125,2851.89990234375,2851.300048828125,2851.300048828125,26
2026-09-24 03:00:00-04:00,2852.0,2852.0,2852.89990234375,2851.0,2851.800048828125,181
2026-09-24 03:01:00-04:00,2850.699951171875,2850.699951171875,2852.199951171875,2850.60009765625,2852.199951171875,79
2026-09-24 03:02:00-04:00,2848.300048828125,2848.300048828125,2850.60009765625,2848.300048828125,2850.60009765625,61
2026-09-24 03:03:00-04:00,2849.699951171875,2849.699951171875,2850.0,2848.5,2848.5,71
2026-09-24 03:04:00-04:00,2850.699951171875,2850.699951171875,2851.0,2849.5,2849.60009765625,66
2026-09-24 03:05:00-04:00,2851.39990234375,2851.39990234375,2851.699951171875,2849.89990234375,2850.800048828125,51
2026-09-24 03:06:00-04:00,2852.89990234375,2852.89990234375,2852.89990234375,2850.699951171875,2851.300048828125,54
2026-09-24 03:07:00-04:00,2851.800048828125,2851.800048828125,2853.199951171875,2851.0,2852.800048828125,34
2026-09-24 03:08:00-04:00,2853.10009765625,2853.10009765625,2853.5,2852.0,2852.0,48
2026-09-24 03:09:00-04:00,2852.800048828125,2852.800048828125,2853.10009765625,2852.199951171875,2853.0,38
2026-09-24 03:10:00-04:00,2853.0,2853.0,2853.39990234375,2852.800048828125,2852.800048828125,101
2026-09-24 03:11:00-04:00,2853.89990234375,2853.89990234375,2854.0,2853.10009765625,2853.10009765625,85
2026-09-24 03:12:00-04:00,2853.800048828125,2853.800048828125,2854.0,2853.0,2853.699951171875,37
2026-09-24 03:13:00-04:00,2854.199951171875,2854.199951171875,2854.699951171875,2853.699951171875,2853.800048828125,31
2026-09-24 03:14:00-04:00,2854.800048828125,2854.800048828125,2854.89990234375,2854.300048828125,2854.60009765625,23
2026-09-24 03:15:00-04:00,2854.10009765625,2854.10009765625,2855.199951171875,2853.89990234375,2854.89990234375,37
2026-09-24 03:16:00-04:00,2853.699951171875,2853.699951171875,2854.199951171875,2853.699951171875,2854.10009765625,44
2026-09-24 03:17:00-04:00,2853.60009765625,2853.60009765625,2854.39990234375,2853.5,2853.800048828125,59
2026-09-24 03:18:00-04:00,2854.699951171875,2854.699951171875,2854.699951171875,2853.60009765625,2853.60009765625,22
2026-09-24 03:19:00-04:00,2854.800048828125,2854.800048828125,2855.199951171875,2854.5,2854.60009765625,14
2026-09-24 03:20:00-04:00,2854.89990234375,2854.89990234375,2855.0,2854.699951171875,2854.800048828125,21
2026-09-24 03:21:00-04:00,2854.89990234375,2854.89990234375,2855.10009765625,2854.5,2854.5,37
2026-09-24 03:22:00-04:00,2855.10009765625,2855.10009765625,2855.10009765625,2854.60009765625,2854.60009765625,21
2026-09-24 03:23:00-04:00,2854.89990234375,2854.89990234375,2855.39990234375,2854.89990234375,2855.0,28
2026-09-24 03:24:00-04:00,2854.0,2854.0,2855.0,2854.0,2854.800048828125,11
2026-09-24 03:25:00-04:00,2854.199951171875,2854.199951171875,2854.5,2854.199951171875,2854.300048828125,12
2026-09-24 03:26:00-04:00,2854.60009765625,2854.60009765625,2854.699951171875,2854.0,2854.5,15
2026-09-24 03:27:00-04:00,2855.10009765625,2855.10009765625,2855.300048828125,2854.699951171875,2854.699951171875,25
2026-09-24 03:28:00-04:00,2854.89990234375,2854.89990234375,2855.39990234375,2854.89990234375,2855.199951171875,26
2026-09-24 03:29:00-04:00,2855.699951171875,2855.699951171875,2855.800048828125,2854.5,2854.60009765625,27
2026-09-24 03:30:00-04:00,2855.699951171875,2855.699951171875,2856.39990234375,2855.5,2855.699951171875,59
2026-09-24 03:31:00-04:00,2856.10009765625,2856.10009765625,2856.5,2855.39990234375,2856.0,95
2026-09-24 03:32:00-04:00,2856.199951171875,2856.199951171875,2856.60009765625,2855.800048828125,2856.10009765625,71
2026-09-24 03:33:00-04:00,2857.300048828125,2857.300048828125,2857.300048828125,2856.0,2856.0,76
2026-09-24 03:34:00-04:00,2856.5,2856.5,2857.199951171875,2856.5,2857.199951171875,51
2026-09-24 03:35:00-04:00,2856.39990234375,2856.39990234375,2856.60009765625,2856.10009765625,2856.39990234375,48
2026-09-24 03:36:00-04:00,2857.800048828125,2857.800048828125,2857.800048828125,2856.300048828125,2856.699951171875,184
2026-09-24 03:37:00-04:00,2857.89990234375,2857.89990234375,2858.0,2857.60009765625,2857.800048828125,112
2026-09-24 03:38:00-04:00,2858.0,2858.0,2858.300048828125,2857.89990234375,2857.89990234375,32
2026-09-24 03:39:00-04:00,2857.60009765625,2857.60009765625,2858.39990234375,2857.39990234375,2858.10009765625,40
2026-09-24 03:40:00-04:00,2857.0,2857.0,2857.60009765625,2857.0,2857.5,25
2026-09-24 03:41:00-04:00,2856.89990234375,2856.89990234375,2857.300048828125,2856.800048828125,2857.0,33
2026-09-24 03:42:00-04:00,2856.800048828125,2856.800048828125,2856.800048828125,2856.39990234375,2856.800048828125,15
2026-09-24 03:43:00-04:00,2857.300048828125,2857.300048828125,2857.300048828125,2856.60009765625,2856.60009765625,17
2026-09-24 03:44:00-04:00,2857.800048828125,2857.800048828125,2857.89990234375,2857.300048828125,2857.39990234375,18
2026-09-24 03:45:00-04:00,2857.699951171875,2857.699951171875,2858.10009765625,2857.39990234375,2857.39990234375,50
2026-09-24 03:46:00-04:00,2857.5,2857.5,2857.800048828125,2857.39990234375,2857.800048828125,33
2026-09-24 03:47:00-04:00,2856.39990234375,2856.39990234375,2857.60009765625,2856.300048828125,2857.300048828125,21
2026-09-24 03:48:00-04:00,2856.10009765625,2856.10009765625,2856.60009765625,2856.0,2856.5,23
2026-09-24 03:49:00-04:00,2855.60009765625,2855.60009765625,2856.199951171875,2855.5,2856.10009765625,34
2026-09-24 03:50:00-04:00,2855.699951171875,2855.699951171875,2855.800048828125,2854.89990234375,2855.60009765625,48
2026-09-24 03:51:00-04:00,2856.199951171875,2856.199951171875,2856.300048828125,2855.60009765625,2855.800048828125,39
2026-09-24 03:52:00-04:00,2855.5,2855.5,2856.0,2855.39990234375,2856.0,24
2026-09-24 03:53:00-04:00,2855.0,2855.0,2855.39990234375,2854.60009765625,2855.39990234375,20
2026-09-24 03:54:00-04:00,2854.60009765625,2854.60009765625,2854.89990234375,2854.39990234375,2854.800048828125,26
2026-09-24 03:55:00-04:00,2853.5,2853.5,2854.39990234375,2852.89990234375,2854.39990234375,53
2026-09-24 03:56:00-04:00,2852.199951171875,2852.199951171875,2853.10009765625,2852.0,2853.10009765625,60
2026-09-24 03:57:00-04:00,2851.800048828125,2851.800048828125,2852.300048828125,2851.800048828125,2852.10009765625,25
2026-09-24 03:58:00-04:00,2851.5,2851.5,2851.89990234375,2851.5,2851.699951171875,16
2026-09-24 03:59:00-04:00,2850.800048828125,2850.800048828125,2851.39990234375,2850.699951171875,2851.39990234375,44
2026-09-24 04:00:00-04:00,2851.300048828125,2851.300048828125,2851.39990234375,2849.0,2850.89990234375,133
2026-09-24 04:01:00-04:00,2853.60009765625,2853.60009765625,2853.89990234375,2850.5,2851.0,105
2026-09-24 04:02:00-04:00,2852.89990234375,2852.89990234375,2853.699951171875,2852.199951171875,2853.699951171875,52
2026-09-24 04:03:00-04:00,2853.300048828125,2853.300048828125,2853.300048828125,2851.800048828125,2852.800048828125,17
2026-09-24 04:04:00-04:00,2852.5,2852.5,2853.39990234375,2851.39990234375,2853.39990234375,48
2026-09-24 04:05:00-04:00,2852.0,2852.0,2853.300048828125,2851.5,2853.0,43
2026-09-24 04:06:00-04:00,2851.800048828125,2851.800048828125,2851.89990234375,2850.89990234375,2851.800048828125,40
2026-09-24 04:07:00-04:00,2851.39990234375,2851.39990234375,2851.800048828125,2850.89990234375,2851.60009765625,51
2026-09-24 04:08:00-04:00,2850.60009765625,2850.60009765625,2851.800048828125,2850.60009765625,2851.300048828125,38
2026-09-24 04:09:00-04:00,2850.89990234375,2850.89990234375,2851.300048828125,2850.300048828125,2850.39990234375,35
2026-09-24 04:10:00-04:00,2850.39990234375,2850.39990234375,2851.10009765625,2850.199951171875,2850.800048828125,90
2026-09-24 04:11:00-04:00,2849.300048828125,2849.300048828125,2850.39990234375,2848.39990234375,2850.39990234375,229
2026-09-24 04:12:00-04:00,2848.800048828125,2848.800048828125,2850.0,2848.699951171875,2849.5,70
2026-09-24 04:13:00-04:00,2847.10009765625,2847.10009765625,2849.39990234375,2847.10009765625,2849.300048828125,113
2026-09-24 04:14:00-04:00,2847.39990234375,2847.39990234375,2847.699951171875,2846.5,2847.0,213
2026-09-24 04:15:00-04:00,2846.60009765625,2846.60009765625,2848.39990234375,2846.5,2847.199951171875,100
2026-09-24 04:16:00-04:00,2848.5,2848.5,2848.5,2846.199951171875,2846.5,138
2026-09-24 04:17:00-04:00,2849.5,2849.5,2849.800048828125,2848.300048828125,2848.300048828125,56
2026-09-24 04:18:00-04:00,2847.0,2847.0,2849.0,2846.5,2849.0,82
2026-09-24 04:19:00-04:00,2848.10009765625,2848.10009765625,2848.199951171875,2846.39990234375,2847.300048828125,50
2026-09-24 04:20:00-04:00,2848.10009765625,2848.10009765625,2848.60009765625,2847.699951171875,2847.699951171875,55
2026-09-24 04:21:00-04:00,2846.89990234375,2846.89990234375,2848.10009765625,2846.699951171875,2848.10009765625,128
2026-09-24 04:22:00-04:00,2847.89990234375,2847.89990234375,2848.0,2847.10009765625,2847.10009765625,45
2026-09-24 04:23:00-04:00,2847.89990234375,2847.89990234375,2848.5,2847.800048828125,2848.10009765625,51
2026-09-24 04:24:00-04:00,2848.39990234375,2848.39990234375,2848.5,2847.39990234375,2847.699951171875,42
2026-09-24 04:25:00-04:00,2848.300048828125,2848.300048828125,2849.39990234375,2848.199951171875,2848.60009765625,30
2026-09-24 04:26:00-04:00,2847.300048828125,2847.300048828125,2848.300048828125,2847.199951171875,2848.300048828125,56
2026-09-24 04:27:00-04:00,2847.699951171875,2847.699951171875,2847.800048828125,2846.60009765625,2847.5,41
2026-09-24 04:28:00-04:00,2847.39990234375,2847.39990234375,2847.800048828125,2847.10009765625,2847.60009765625,100
2026-09-24 04:29:00-04:00,2847.800048828125,2847.800048828125,2848.5,2847.199951171875,2847.199951171875,49
2026-09-24 04:30:00-04:00,2849.199951171875,2849.199951171875,2849.5,2847.60009765625,2847.60009765625,94
2026-09-24 04:31:00-04:00,2851.0,2851.0,2851.10009765625,2849.39990234375,2849.39990234375,68
2026-09-24 04:32:00-04:00,2851.699951171875,2851.699951171875,2851.800048828125,2851.0,2851.300048828125,47
2026-09-24 04:33:00-04:00,2851.10009765625,2851.10009765625,2852.0,2851.10009765625,2851.60009765625,26
2026-09-24 04:34:00-04:00,2848.10009765625,2848.10009765625,2851.300048828125,2847.60009765625,2851.199951171875,142
2026-09-24 04:35:00-04:00,2848.699951171875,2848.699951171875,2848.699951171875,2847.300048828125,2847.89990234375,87
2026-09-24 04:36:00-04:00,2848.800048828125,2848.800048828125,2848.89990234375,2848.0,2848.39990234375,53
2026-09-24 04:37:00-04:00,2849.39990234375,2849.39990234375,2849.60009765625,2848.10009765625,2848.699951171875,56
2026-09-24 04:38:00-04:00,2849.199951171875,2849.199951171875,2849.5,2848.699951171875,2849.199951171875,40
2026-09-24 04:39:00-04:00,2849.89990234375,2849.89990234375,2850.0,2849.300048828125,2849.300048828125,31
2026-09-24 04:40:00-04:00,2848.60009765625,2848.60009765625,2850.0,2848.60009765625,2849.800048828125,24
2026-09-24 04:41:00-04:00,2848.39990234375,2848.39990234375,2849.199951171875,2848.0,2848.300048828125,46
2026-09-24 04:42:00-04:00,2849.199951171875,2849.199951171875,2849.300048828125,2848.199951171875,2848.300048828125,21
2026-09-24 04:43:00-04:00,2849.89990234375,2849.89990234375,2849.89990234375,2849.300048828125,2849.300048828125,46
2026-09-24 04:44:00-04:00,2849.300048828125,2849.300048828125,2849.89990234375,2849.10009765625,2849.89990234375,21
2026-09-24 04:45:00-04:00,2849.5,2849.5,2850.10009765625,2848.800048828125,2849.5,65
2026-09-24 04:46:00-04:00,2849.89990234375,2849.89990234375,2850.60009765625,2849.300048828125,2849.300048828125,25
2026-09-24 04:47:00-04:00,2849.199951171875,2849.199951171875,2850.10009765625,2849.10009765625,2850.0,129
2026-09-24 04:48:00-04:00,2848.60009765625,2848.60009765625,2849.39990234375,2848.39990234375,2849.39990234375,58
2026-09-24 04:49:00-04:00,2848.199951171875,2848.199951171875,2848.89990234375,2847.699951171875,2848.800048828125,23
2026-09-24 04:50:00-04:00,2848.10009765625,2848.10009765625,2848.39990234375,2847.800048828125,2848.0,50
2026-09-24 04:51:00-04:00,2848.800048828125,2848.800048828125,2849.0,2848.0,2848.199951171875,32
2026-09-24 04:52:00-04:00,2848.60009765625,2848.60009765625,2849.10009765625,2848.0,2849.10009765625,39
2026-09-24 04:53:00-04:00,2848.0,2848.0,2848.800048828125,2847.60009765625,2848.5,28
2026-09-24 04:54:00-04:00,2848.199951171875,2848.199951171875,2848.60009765625,2847.800048828125,2847.89990234375,23
2026-09-24 04:55:00-04:00,2848.10009765625,2848.10009765625,2848.39990234375,2847.699951171875,2848.0,25
2026-09-24 04:56:00-04:00,2847.800048828125,2847.800048828125,2848.199951171875,2847.60009765625,2848.199951171875,17
2026-09-24 04:57:00-04:00,2848.199951171875,2848.199951171875,2848.199951171875,2847.800048828125,2847.89990234375,22
2026-09-24 04:58:00-04:00,2848.699951171875,2848.699951171875,2848.800048828125,2847.89990234375,2848.199951171875,65
2026-09-24 04:59:00-04:00,2848.300048828125,2848.300048828125,2848.5,2848.300048828125,2848.39990234375,14
2026-09-24 05:00:00-04:00,2849.300048828125,2849.300048828125,2849.39990234375,2848.300048828125,2848.699951171875,53
2026-09-24 05:01:00-04:00,2850.0,2850.0,2850.5,2849.0,2849.5,46
2026-09-24 05:02:00-04:00,2849.89990234375,2849.89990234375,2850.300048828125,2849.89990234375,2850.199951171875,30
2026-09-24 05:03:00-04:00,2849.300048828125,2849.300048828125,2850.0,2849.300048828125,2849.699951171875,19
2026-09-24 05:04:00-04:00,2849.39990234375,2849.39990234375,2849.800048828125,2849.10009765625,2849.199951171875,21
2026-09-24 05:05:00-04:00,2849.800048828125,2849.800048828125,2850.199951171875,2849.60009765625,2849.699951171875,14
2026-09-24 05:06:00-04:00,2850.300048828125,2850.300048828125,2850.39990234375,2849.60009765625,2849.89990234375,14
2026-09-24 05:07:00-04:00,2851.5,2851.5,2851.5,2850.60009765625,2850.60009765625,23
2026-09-24 05:08:00-04:00,2852.300048828125,2852.300048828125,2852.300048828125,2851.5,2851.5,29
2026-09-24 05:09:00-04:00,2851.800048828125,2851.800048828125,2852.199951171875,2851.699951171875,2852.199951171875,16
2026-09-24 05:10:00-04:00,2851.699951171875,2851.699951171875,2852.300048828125,2851.39990234375,2852.0,110
2026-09-24 05:11:00-04:00,2850.5,2850.5,2851.60009765625,2850.5,2851.60009765625,37
2026-09-24 05:12:00-04:00,2849.199951171875,2849.199951171875,2850.5,2849.199951171875,2850.5,22
2026-09-24 05:13:00-04:00,2849.800048828125,2849.800048828125,2849.800048828125,2848.89990234375,2849.10009765625,52
2026-09-24 05:14:00-04:00,2849.300048828125,2849.300048828125,2849.89990234375,2848.699951171875,2849.60009765625,146
2026-09-24 05:15:00-04:00,2849.800048828125,2849.800048828125,2849.89990234375,2849.10009765625,2849.39990234375,42
2026-09-24 05:16:00-04:00,2849.10009765625,2849.10009765625,2849.89990234375,2849.10009765625,2849.89990234375,40
2026-09-24 05:17:00-04:00,2849.300048828125,2849.300048828125,2849.89990234375,2848.699951171875,2849.0,16
2026-09-24 05:18:00-04:00,2849.300048828125,2849.300048828125,2849.300048828125,2848.5,2848.60009765625,6
2026-09-24 05:19:00-04:00,2849.5,2849.5,2849.60009765625,2849.199951171875,2849.39990234375,11
2026-09-24 05:20:00-04:00,2850.0,2850.0,2850.199951171875,2849.699951171875,2849.699951171875,7
2026-09-24 05:21:00-04:00,2849.60009765625,2849.60009765625,2850.199951171875,2849.60009765625,2850.10009765625,42
2026-09-24 05:22:00-04:00,2849.300048828125,2849.300048828125,2849.300048828125,2849.199951171875,2849.300048828125,3
2026-09-24 05:23:00-04:00,2850.199951171875,2850.199951171875,2850.199951171875,2849.699951171875,2849.699951171875,3
2026-09-24 05:24:00-04:00,2850.39990234375,2850.39990234375,2850.39990234375,2850.39990234375,2850.39990234375,1
2026-09-24 05:25:00-04:00,2851.300048828125,2851.300048828125,2851.300048828125,2850.39990234375,2850.60009765625,16
2026-09-24 05:26:00-04:00,2850.199951171875,2850.199951171875,2851.10009765625,2849.89990234375,2851.10009765625,19
2026-09-24 05:27:00-04:00,2848.800048828125,2848.800048828125,2850.10009765625,2848.800048828125,2850.10009765625,20
2026-09-24 05:28:00-04:00,2848.60009765625,2848.60009765625,2848.60009765625,2848.300048828125,2848.39990234375,12
2026-09-24 05:29:00-04:00,2848.5,2848.5,2848.699951171875,2848.39990234375,2848.699951171875,4
2026-09-24 05:30:00-04:00,2847.5,2847.5,2848.699951171875,2847.39990234375,2848.60009765625,33
2026-09-24 05:31:00-04:00,2848.199951171875,2848.199951171875,2848.300048828125,2846.699951171875,2847.10009765625,31
2026-09-24 05:32:00-04:00,2848.89990234375,2848.89990234375,2848.89990234375,2848.0,2848.300048828125,11
2026-09-24 05:33:00-04:00,2848.39990234375,2848.39990234375,2848.39990234375,2848.300048828125,2848.39990234375,3
2026-09-24 05:34:00-04:00,2849.10009765625,2849.10009765625,2849.10009765625,2848.300048828125,2848.5,17
2026-09-24 05:35:00-04:00,2848.60009765625,2848.60009765625,2849.300048828125,2848.60009765625,2849.199951171875,15
2026-09-24 05:36:00-04:00,2848.0,2848.0,2848.89990234375,2848.0,2848.800048828125,15
2026-09-24 05:37:00-04:00,2847.300048828125,2847.300048828125,2848.199951171875,2847.300048828125,2848.199951171875,9
2026-09-24 05:38:00-04:00,2847.199951171875,2847.199951171875,2847.39990234375,2846.39990234375,2847.10009765625,28
2026-09-24 05:39:00-04:00,2847.60009765625,2847.60009765625,2847.89990234375,2847.60009765625,2847.699951171875,9
2026-09-24 05:40:00-04:00,2847.5,2847.5,2847.60009765625,2847.39990234375,2847.60009765625,6
2026-09-24 05:41:00-04:00,2846.300048828125,2846.300048828125,2846.699951171875,2846.300048828125,2846.699951171875,33
2026-09-24 05:42:00-04:00,2846.199951171875,2846.199951171875,2846.60009765625,2846.0,2846.10009765625,42
2026-09-24 05:43:00-04:00,2844.800048828125,2844.800048828125,2846.300048828125,2844.39990234375,2846.300048828125,332
2026-09-24 05:44:00-04:00,2844.39990234375,2844.39990234375,2844.89990234375,2844.300048828125,2844.699951171875,33
2026-09-24 05:45:00-04:00,2844.699951171875,2844.699951171875,2844.89990234375,2843.89990234375,2844.300048828125,34
2026-09-24 05:46:00-04:00,2846.0,2846.0,2846.0,2844.60009765625,2844.60009765625,31
2026-09-24 05:47:00-04:00,2845.10009765625,2845.10009765625,2846.0,2844.5,2846.0,87
2026-09-24 05:48:00-04:00,2844.800048828125,2844.800048828125,2845.699951171875,2844.199951171875,2844.89990234375,213
2026-09-24 05:49:00-04:00,2846.0,2846.0,2846.199951171875,2844.800048828125,2844.89990234375,108
2026-09-24 05:50:00-04:00,2846.10009765625,2846.10009765625,2846.39990234375,2845.800048828125,2845.89990234375,50
2026-09-24 05:51:00-04:00,2845.89990234375,2845.89990234375,2846.300048828125,2845.60009765625,2846.0,39
2026-09-24 05:52:00-04:00,2846.10009765625,2846.10009765625,2846.199951171875,2845.300048828125,2845.89990234375,29
2026-09-24 05:53:00-04:00,2845.800048828125,2845.800048828125,2846.39990234375,2845.699951171875,2846.199951171875,18
2026-09-24 05:54:00-04:00,2845.39990234375,2845.39990234375,2845.89990234375,2844.199951171875,2845.699951171875,127
2026-09-24 05:55:00-04:00,2846.300048828125,2846.300048828125,2846.300048828125,2845.60009765625,2845.699951171875,54
2026-09-24 05:56:00-04:00,2846.10009765625,2846.10009765625,2846.60009765625,2845.60009765625,2846.39990234375,68
2026-09-24 05:57:00-04:00,2845.699951171875,2845.699951171875,2846.0,2845.39990234375,2846.0,27
2026-09-24 05:58:00-04:00,2846.199951171875,2846.199951171875,2846.39990234375,2845.5,2845.5,40
2026-09-24 05:59:00-04:00,2847.0,2847.0,2847.199951171875,2846.300048828125,2846.39990234375,41
2026-09-24 06:00:00-04:00,2847.5,2847.5,2847.89990234375,2846.39990234375,2847.0,48
2026-09-24 06:01:00-04:00,2847.60009765625,2847.60009765625,2847.800048828125,2847.199951171875,2847.5,102
2026-09-24 06:02:00-04:00,2845.89990234375,2845.89990234375,2847.5,2845.89990234375,2847.5,41
2026-09-24 06:03:00-04:00,2845.89990234375,2845.89990234375,2846.199951171875,2845.89990234375,2846.0,50
2026-09-24 06:04:00-04:00,2845.5,2845.5,2846.199951171875,2845.300048828125,2846.0,34
2026-09-24 06:05:00-04:00,2844.5,2844.5,2845.5,2844.5,2845.5,9
2026-09-24 06:06:00-04:00,2844.300048828125,2844.300048828125,2844.89990234375,2844.300048828125,2844.39990234375,23
2026-09-24 06:07:00-04:00,2844.60009765625,2844.60009765625,2844.60009765625,2844.300048828125,2844.39990234375,44
2026-09-24 06:08:00-04:00,2844.699951171875,2844.699951171875,2844.699951171875,2844.5,2844.60009765625,51
2026-09-24 06:09:00-04:00,2844.800048828125,2844.800048828125,2845.199951171875,2844.5,2844.60009765625,30
2026-09-24 06:10:00-04:00,2847.10009765625,2847.10009765625,2848.0,2844.800048828125,2844.89990234375,187
2026-09-24 06:11:00-04:00,2847.39990234375,2847.39990234375,2847.800048828125,2846.89990234375,2846.89990234375,35
2026-09-24 06:12:00-04:00,2847.10009765625,2847.10009765625,2847.60009765625,2847.10009765625,2847.60009765625,19
2026-09-24 06:13:00-04:00,2846.89990234375,2846.89990234375,2847.800048828125,2846.89990234375,2847.10009765625,40
2026-09-24 06:14:00-04:00,2846.89990234375,2846.89990234375,2847.10009765625,2846.39990234375,2846.60009765625,21
2026-09-24 06:15:00-04:00,2847.10009765625,2847.10009765625,2847.10009765625,2846.699951171875,2846.89990234375,19
2026-09-24 06:16:00-04:00,2848.10009765625,2848.10009765625,2848.10009765625,2846.5,2847.199951171875,136
2026-09-24 06:17:00-04:00,2848.199951171875,2848.199951171875,2848.60009765625,2848.0,2848.300048828125,31
2026-09-24 06:18:00-04:00,2847.300048828125,2847.300048828125,2848.60009765625,2847.300048828125,2848.300048828125,57
2026-09-24 06:19:00-04:00,2847.5,2847.5,2847.89990234375,2847.5,2847.5,27
2026-09-24 06:20:00-04:00,2847.39990234375,2847.39990234375,2847.89990234375,2847.39990234375,2847.800048828125,20
2026-09-24 06:21:00-04:00,2847.199951171875,2847.199951171875,2847.5,2847.199951171875,2847.5,9
2026-09-24 06:22:00-04:00,2847.199951171875,2847.199951171875,2847.800048828125,2847.199951171875,2847.60009765625,42
2026-09-24 06:23:00-04:00,2847.10009765625,2847.10009765625,2847.699951171875,2846.89990234375,2847.300048828125,24
2026-09-24 06:24:00-04:00,2845.60009765625,2845.60009765625,2848.39990234375,2845.5,2847.10009765625,287
2026-09-24 06:25:00-04:00,2845.89990234375,2845.89990234375,2846.199951171875,2845.10009765625,2845.60009765625,81
2026-09-24 06:26:00-04:00,2846.10009765625,2846.10009765625,2846.5,2845.60009765625,2846.0,60
2026-09-24 06:27:00-04:00,2846.0,2846.0,2846.39990234375,2846.0,2846.199951171875,16
2026-09-24 06:28:00-04:00,2847.699951171875,2847.699951171875,2848.300048828125,2845.5,2845.800048828125,190
2026-09-24 06:29:00-04:00,2846.0,2846.0,2847.60009765625,2845.89990234375,2847.60009765625,108
2026-09-24 06:30:00-04:00,2846.0,2846.0,2847.300048828125,2845.0,2846.199951171875,159
2026-09-24 06:31:00-04:00,2847.10009765625,2847.10009765625,2847.39990234375,2846.0,2846.10009765625,126
2026-09-24 06:32:00-04:00,2847.5,2847.5,2847.60009765625,2847.10009765625,2847.199951171875,24
2026-09-24 06:33:00-04:00,2846.89990234375,2846.89990234375,2847.800048828125,2846.89990234375,2847.60009765625,26
2026-09-24 06:34:00-04:00,2847.5,2847.5,2847.89990234375,2846.800048828125,2846.800048828125,26
2026-09-24 06:35:00-04:00,2847.89990234375,2847.89990234375,2848.0,2847.39990234375,2847.699951171875,18
2026-09-24 06:36:00-04:00,2847.39990234375,2847.39990234375,2847.89990234375,2847.300048828125,2847.699951171875,26
2026-09-24 06:37:00-04:00,2848.60009765625,2848.60009765625,2848.60009765625,2847.5,2847.5,14
2026-09-24 06:38:00-04:00,2849.0,2849.0,2849.60009765625,2848.5,2848.800048828125,59
2026-09-24 06:39:00-04:00,2849.0,2849.0,2849.199951171875,2848.800048828125,2848.89990234375,28
2026-09-24 06:40:00-04:00,2850.10009765625,2850.10009765625,2850.300048828125,2849.199951171875,2849.199951171875,147
2026-09-24 06:41:00-04:00,2849.800048828125,2849.800048828125,2850.0,2849.39990234375,2850.0,24
2026-09-24 06:42:00-04:00,2850.300048828125,2850.300048828125,2850.5,2849.699951171875,2849.89990234375,21
2026-09-24 06:43:00-04:00,2850.0,2850.0,2850.300048828125,2850.0,2850.10009765625,11
2026-09-24 06:44:00-04:00,2850.199951171875,2850.199951171875,2850.699951171875,2850.199951171875,2850.199951171875,52
2026-09-24 06:45:00-04:00,2850.300048828125,2850.300048828125,2850.5,2850.10009765625,2850.300048828125,33
2026-09-24 06:46:00-04:00,2850.800048828125,2850.800048828125,2850.89990234375,2850.199951171875,2850.199951171875,15
2026-09-24 06:47:00-04:00,2850.5,2850.5,2851.10009765625,2850.5,2850.699951171875,28
2026-09-24 06:48:00-04:00,2850.800048828125,2850.800048828125,2850.89990234375,2850.10009765625,2850.39990234375,9
2026-09-24 06:49:00-04:00,2853.89990234375,2853.89990234375,2854.199951171875,2851.0,2851.0,425
2026-09-24 06:50:00-04:00,2852.10009765625,2852.10009765625,2854.0,2851.60009765625,2853.89990234375,78
2026-09-24 06:51:00-04:00,2851.800048828125,2851.800048828125,2852.300048828125,2851.699951171875,2852.300048828125,24
2026-09-24 06:52:00-04:00,2851.800048828125,2851.800048828125,2851.800048828125,2851.199951171875,2851.5,10
2026-09-24 06:53:00-04:00,2851.39990234375,2851.39990234375,2852.0,2851.39990234375,2852.0,23
2026-09-24 06:54:00-04:00,2850.300048828125,2850.300048828125,2851.199951171875,2850.300048828125,2851.199951171875,18
2026-09-24 06:55:00-04:00,2849.800048828125,2849.800048828125,2850.39990234375,2849.60009765625,2850.300048828125,27
2026-09-24 06:56:00-04:00,2850.10009765625,2850.10009765625,2850.10009765625,2849.699951171875,2850.0,16
2026-09-24 06:57:00-04:00,2851.0,2851.0,2851.10009765625,2850.199951171875,2850.199951171875,28
2026-09-24 06:58:00-04:00,2851.39990234375,2851.39990234375,2851.800048828125,2851.10009765625,2851.10009765625,35
2026-09-24 06:59:00-04:00,2851.5,2851.5,2851.699951171875,2851.300048828125,2851.300048828125,14
2026-09-24 07:00:00-04:00,2852.10009765625,2852.10009765625,2852.800048828125,2851.199951171875,2851.5,113
2026-09-24 07:01:00-04:00,2852.0,2852.0,2852.10009765625,2851.0,2852.0,94
2026-09-24 07:02:00-04:00,2851.699951171875,2851.699951171875,2852.199951171875,2851.60009765625,2852.0,28
2026-09-24 07:03:00-04:00,2851.60009765625,2851.60009765625,2851.800048828125,2851.300048828125,2851.60009765625,32
2026-09-24 07:04:00-04:00,2850.60009765625,2850.60009765625,2851.60009765625,2850.60009765625,2851.60009765625,15
2026-09-24 07:05:00-04:00,2850.800048828125,2850.800048828125,2850.89990234375,2850.300048828125,2850.5,31
2026-09-24 07:06:00-04:00,2851.0,2851.0,2851.199951171875,2851.0,2851.0,7
2026-09-24 07:07:00-04:00,2850.699951171875,2850.699951171875,2851.5,2850.60009765625,2851.0,51
2026-09-24 07:08:00-04:00,2849.800048828125,2849.800048828125,2851.0,2849.800048828125,2851.0,98
2026-09-24 07:09:00-04:00,2850.699951171875,2850.699951171875,2850.699951171875,2849.60009765625,2849.800048828125,28
2026-09-24 07:10:00-04:00,2850.5,2850.5,2850.800048828125,2850.5,2850.60009765625,21
2026-09-24 07:11:00-04:00,2850.0,2850.0,2850.60009765625,2849.89990234375,2850.60009765625,36
2026-09-24 07:12:00-04:00,2849.39990234375,2849.39990234375,2850.10009765625,2849.39990234375,2849.89990234375,103
2026-09-24 07:13:00-04:00,2849.39990234375,2849.39990234375,2849.60009765625,2848.800048828125,2849.300048828125,48
2026-09-24 07:14:00-04:00,2850.60009765625,2850.60009765625,2851.10009765625,2849.5,2849.5,245
2026-09-24 07:15:00-04:00,2852.800048828125,2852.800048828125,2852.89990234375,2849.5,2850.699951171875,417
2026-09-24 07:16:00-04:00,2852.699951171875,2852.699951171875,2853.300048828125,2851.699951171875,2852.60009765625,106
2026-09-24 07:17:00-04:00,2852.300048828125,2852.300048828125,2853.39990234375,2851.89990234375,2853.0,131
2026-09-24 07:18:00-04:00,2851.300048828125,2851.300048828125,2852.39990234375,2851.199951171875,2852.199951171875,98
2026-09-24 07:19:00-04:00,2850.800048828125,2850.800048828125,2851.699951171875,2850.800048828125,2851.39990234375,24
2026-09-24 07:20:00-04:00,2851.300048828125,2851.300048828125,2852.0,2850.800048828125,2850.800048828125,159
2026-09-24 07:21:00-04:00,2850.5,2850.5,2850.800048828125,2850.300048828125,2850.699951171875,68
2026-09-24 07:22:00-04:00,2851.800048828125,2851.800048828125,2851.800048828125,2850.300048828125,2850.300048828125,33
2026-09-24 07:23:00-04:00,2852.0,2852.0,2852.10009765625,2851.699951171875,2851.89990234375,22
2026-09-24 07:24:00-04:00,2852.0,2852.0,2852.60009765625,2851.300048828125,2851.800048828125,149
2026-09-24 07:25:00-04:00,2851.10009765625,2851.10009765625,2852.0,2850.89990234375,2852.0,34
2026-09-24 07:26:00-04:00,2851.89990234375,2851.89990234375,2851.89990234375,2851.300048828125,2851.300048828125,11
2026-09-24 07:27:00-04:00,2851.800048828125,2851.800048828125,2852.0,2851.5,2852.0,15
2026-09-24 07:28:00-04:00,2851.60009765625,2851.60009765625,2852.5,2851.60009765625,2852.199951171875,21
2026-09-24 07:29:00-04:00,2851.199951171875,2851.199951171875,2851.699951171875,2851.199951171875,2851.699951171875,9
2026-09-24 07:30:00-04:00,2851.699951171875,2851.699951171875,2852.199951171875,2850.800048828125,2851.199951171875,33
2026-09-24 07:31:00-04:00,2851.199951171875,2851.199951171875,2852.10009765625,2851.199951171875,2851.60009765625,35
2026-09-24 07:32:00-04:00,2850.800048828125,2850.800048828125,2851.300048828125,2850.699951171875,2851.199951171875,14
2026-09-24 07:33:00-04:00,2850.89990234375,2850.89990234375,2851.199951171875,2850.89990234375,2850.89990234375,9
2026-09-24 07:34:00-04:00,2850.10009765625,2850.10009765625,2851.199951171875,2850.10009765625,2851.199951171875,27
2026-09-24 07:35:00-04:00,2850.0,2850.0,2850.0,2849.0,2849.800048828125,28
2026-09-24 07:36:00-04:00,2849.60009765625,2849.60009765625,2850.10009765625,2849.5,2850.0,14
2026-09-24 07:37:00-04:00,2848.5,2848.5,2849.89990234375,2848.5,2849.89990234375,30
2026-09-24 07:38:00-04:00,2848.300048828125,2848.300048828125,2848.699951171875,2848.0,2848.60009765625,90
2026-09-24 07:39:00-04:00,2848.699951171875,2848.699951171875,2848.699951171875,2848.199951171875,2848.199951171875,24
2026-09-24 07:40:00-04:00,2847.89990234375,2847.89990234375,2848.800048828125,2847.89990234375,2848.60009765625,52
2026-09-24 07:41:00-04:00,2847.89990234375,2847.89990234375,2848.300048828125,2847.89990234375,2848.0,44
2026-09-24 07:42:00-04:00,2847.60009765625,2847.60009765625,2848.0,2847.60009765625,2848.0,40
2026-09-24 07:43:00-04:00,2847.199951171875,2847.199951171875,2847.699951171875,2847.0,2847.5,53
2026-09-24 07:44:00-04:00,2847.0,2847.0,2847.199951171875,2846.60009765625,2847.199951171875,60
2026-09-24 07:45:00-04:00,2846.39990234375,2846.39990234375,2847.199951171875,2846.300048828125,2847.199951171875,28
2026-09-24 07:46:00-04:00,2846.5,2846.5,2846.800048828125,2846.199951171875,2846.39990234375,47
2026-09-24 07:47:00-04:00,2846.300048828125,2846.300048828125,2846.5,2846.300048828125,2846.300048828125,14
2026-09-24 07:48:00-04:00,2845.699951171875,2845.699951171875,2846.10009765625,2845.39990234375,2846.10009765625,53
2026-09-24 07:49:00-04:00,2845.800048828125,2845.800048828125,2845.89990234375,2845.60009765625,2845.800048828125,22
2026-09-24 07:50:00-04:00,2845.60009765625,2845.60009765625,2846.0,2845.199951171875,2845.800048828125,29
2026-09-24 07:51:00-04:00,2845.60009765625,2845.60009765625,2845.800048828125,2845.5,2845.60009765625,31
2026-09-24 07:52:00-04:00,2845.5,2845.5,2846.10009765625,2845.199951171875,2845.60009765625,84
2026-09-24 07:53:00-04:00,2846.10009765625,2846.10009765625,2846.5,2845.699951171875,2845.699951171875,15
2026-09-24 07:54:00-04:00,2846.800048828125,2846.800048828125,2846.800048828125,2845.800048828125,2846.10009765625,189
2026-09-24 07:55:00-04:00,2847.0,2847.0,2847.39990234375,2846.800048828125,2846.89990234375,48
2026-09-24 07:56:00-04:00,2846.699951171875,2846.699951171875,2846.89990234375,2846.300048828125,2846.89990234375,32
2026-09-24 07:57:00-04:00,2847.39990234375,2847.39990234375,2847.5,2846.699951171875,2846.89990234375,34
2026-09-24 07:58:00-04:00,2848.60009765625,2848.60009765625,2848.800048828125,2847.5,2847.5,192
2026-09-24 07:59:00-04:00,2850.199951171875,2850.199951171875,2851.300048828125,2848.699951171875,2848.89990234375,395
2026-09-24 08:00:00-04:00,2849.60009765625,2849.60009765625,2850.199951171875,2849.10009765625,2850.10009765625,186
2026-09-24 08:01:00-04:00,2849.0,2849.0,2850.10009765625,2849.0,2849.800048828125,78
2026-09-24 08:02:00-04:00,2850.699951171875,2850.699951171875,2852.0,2848.89990234375,2849.199951171875,265
2026-09-24 08:03:00-04:00,2848.60009765625,2848.60009765625,2850.89990234375,2848.60009765625,2850.699951171875,68
2026-09-24 08:04:00-04:00,2848.60009765625,2848.60009765625,2849.300048828125,2848.39990234375,2848.39990234375,35
2026-09-24 08:05:00-04:00,2849.199951171875,2849.199951171875,2849.199951171875,2848.5,2848.5,33
2026-09-24 08:06:00-04:00,2848.699951171875,2848.699951171875,2849.60009765625,2848.39990234375,2849.5,44
2026-09-24 08:07:00-04:00,2848.89990234375,2848.89990234375,2849.39990234375,2848.5,2848.60009765625,46
2026-09-24 08:08:00-04:00,2849.199951171875,2849.199951171875,2849.300048828125,2848.5,2849.10009765625,57
2026-09-24 08:09:00-04:00,2849.10009765625,2849.10009765625,2849.39990234375,2848.89990234375,2849.199951171875,14
2026-09-24 08:10:00-04:00,2849.60009765625,2849.60009765625,2849.699951171875,2848.800048828125,2849.0,40
2026-09-24 08:11:00-04:00,2849.10009765625,2849.10009765625,2849.89990234375,2849.0,2849.800048828125,41
2026-09-24 08:12:00-04:00,2848.89990234375,2848.89990234375,2849.89990234375,2848.89990234375,2849.10009765625,43
2026-09-24 08:13:00-04:00,2848.89990234375,2848.89990234375,2849.300048828125,2848.800048828125,2849.0,64
2026-09-24 08:14:00-04:00,2849.800048828125,2849.800048828125,2849.89990234375,2848.800048828125,2848.800048828125,55
2026-09-24 08:15:00-04:00,2850.0,2850.0,2850.199951171875,2849.5,2849.800048828125,58
2026-09-24 08:16:00-04:00,2850.800048828125,2850.800048828125,2851.199951171875,2849.60009765625,2850.199951171875,113
2026-09-24 08:17:00-04:00,2851.199951171875,2851.199951171875,2852.0,2850.800048828125,2851.10009765625,64
2026-09-24 08:18:00-04:00,2851.300048828125,2851.300048828125,2851.89990234375,2851.300048828125,2851.39990234375,55
2026-09-24 08:19:00-04:00,2850.89990234375,2850.89990234375,2851.300048828125,2850.800048828125,2851.0,30
2026-09-24 08:20:00-04:00,2850.89990234375,2850.89990234375,2852.10009765625,2850.800048828125,2850.800048828125,86
2026-09-24 08:21:00-04:00,2850.699951171875,2850.699951171875,2851.39990234375,2850.699951171875,2851.0,72
2026-09-24 08:22:00-04:00,2850.699951171875,2850.699951171875,2851.199951171875,2850.39990234375,2850.60009765625,46
2026-09-24 08:23:00-04:00,2850.39990234375,2850.39990234375,2850.800048828125,2850.10009765625,2850.699951171875,32
2026-09-24 08:24:00-04:00,2850.89990234375,2850.89990234375,2851.10009765625,2849.800048828125,2850.300048828125,89
2026-09-24 08:25:00-04:00,2849.60009765625,2849.60009765625,2851.0,2848.300048828125,2850.60009765625,448
2026-09-24 08:26:00-04:00,2849.300048828125,2849.300048828125,2850.0,2848.300048828125,2849.699951171875,101
2026-09-24 08:27:00-04:00,2849.800048828125,2849.800048828125,2849.89990234375,2849.0,2849.39990234375,60
2026-09-24 08:28:00-04:00,2849.89990234375,2849.89990234375,2850.0,2849.60009765625,2849.60009765625,23
2026-09-24 08:29:00-04:00,2850.300048828125,2850.300048828125,2850.300048828125,2849.60009765625,2849.89990234375,24
2026-09-24 08:30:00-04:00,2850.800048828125,2850.800048828125,2851.0,2849.39990234375,2850.199951171875,80
2026-09-24 08:31:00-04:00,2850.300048828125,2850.300048828125,2851.0,2849.800048828125,2851.0,49
2026-09-24 08:32:00-04:00,2849.60009765625,2849.60009765625,2850.300048828125,2849.60009765625,2850.10009765625,62
2026-09-24 08:33:00-04:00,2848.300048828125,2848.300048828125,2849.800048828125,2848.0,2849.5,76
2026-09-24 08:34:00-04:00,2847.60009765625,2847.60009765625,2848.60009765625,2847.60009765625,2848.39990234375,78
2026-09-24 08:35:00-04:00,2846.800048828125,2846.800048828125,2847.800048828125,2846.800048828125,2847.60009765625,57
2026-09-24 08:36:00-04:00,2847.10009765625,2847.10009765625,2847.10009765625,2846.300048828125,2846.800048828125,80
2026-09-24 08:37:00-04:00,2845.800048828125,2845.800048828125,2847.300048828125,2845.800048828125,2847.10009765625,87
2026-09-24 08:38:00-04:00,2845.699951171875,2845.699951171875,2846.0,2845.10009765625,2846.0,69
2026-09-24 08:39:00-04:00,2846.5,2846.5,2846.5,2845.699951171875,2845.699951171875,22
2026-09-24 08:40:00-04:00,2847.10009765625,2847.10009765625,2847.89990234375,2846.699951171875,2846.699951171875,51
2026-09-24 08:41:00-04:00,2849.0,2849.0,2849.0,2847.5,2847.60009765625,54
2026-09-24 08:42:00-04:00,2848.800048828125,2848.800048828125,2850.199951171875,2848.800048828125,2849.10009765625,77
2026-09-24 08:43:00-04:00,2849.10009765625,2849.10009765625,2849.5,2848.89990234375,2849.0,39
2026-09-24 08:44:00-04:00,2849.699951171875,2849.699951171875,2849.800048828125,2849.10009765625,2849.199951171875,23
2026-09-24 08:45:00-04:00,2850.0,2850.0,2850.39990234375,2849.300048828125,2850.0,46
2026-09-24 08:46:00-04:00,2849.89990234375,2849.89990234375,2850.39990234375,2849.699951171875,2849.699951171875,73
2026-09-24 08:47:00-04:00,2849.199951171875,2849.199951171875,2850.0,2849.10009765625,2850.0,64
2026-09-24 08:48:00-04:00,2849.199951171875,2849.199951171875,2849.5,2848.89990234375,2849.199951171875,37
2026-09-24 08:49:00-04:00,2848.800048828125,2848.800048828125,2849.39990234375,2848.5,2849.39990234375,51
2026-09-24 08:50:00-04:00,2848.39990234375,2848.39990234375,2849.199951171875,2848.199951171875,2848.699951171875,51
2026-09-24 08:51:00-04:00,2849.300048828125,2849.300048828125,2849.300048828125,2848.60009765625,2848.60009765625,33
2026-09-24 08:52:00-04:00,2849.0,2849.0,2849.300048828125,2848.800048828125,2849.300048828125,61
2026-09-24 08:53:00-04:00,2848.300048828125,2848.300048828125,2849.199951171875,2848.300048828125,2849.0,54
2026-09-24 08:54:00-04:00,2849.89990234375,2849.89990234375,2849.89990234375,2848.39990234375,2848.39990234375,120
2026-09-24 08:55:00-04:00,2850.5,2850.5,2850.699951171875,2849.699951171875,2850.0,64
2026-09-24 08:56:00-04:00,2850.300048828125,2850.300048828125,2851.39990234375,2849.89990234375,2850.5,116
2026-09-24 08:57:00-04:00,2851.0,2851.0,2851.199951171875,2850.10009765625,2850.300048828125,98
2026-09-24 08:58:00-04:00,2850.5,2850.5,2851.199951171875,2850.5,2851.0,70
2026-09-24 08:59:00-04:00,2850.0,2850.0,2850.699951171875,2850.0,2850.60009765625,66
2026-09-24 09:00:00-04:00,2851.39990234375,2851.39990234375,2851.39990234375,2850.10009765625,2850.10009765625,128
2026-09-24 09:01:00-04:00,2851.5,2851.5,2851.800048828125,2851.199951171875,2851.39990234375,98
2026-09-24 09:02:00-04:00,2852.199951171875,2852.199951171875,2852.300048828125,2851.60009765625,2851.699951171875,166
2026-09-24 09:03:00-04:00,2851.5,2851.5,2852.300048828125,2851.5,2852.199951171875,175
2026-09-24 09:04:00-04:00,2851.10009765625,2851.10009765625,2852.0,2851.0,2851.60009765625,166
2026-09-24 09:05:00-04:00,2850.199951171875,2850.199951171875,2851.199951171875,2849.800048828125,2851.199951171875,91
2026-09-24 09:06:00-04:00,2850.0,2850.0,2850.60009765625,2849.89990234375,2850.199951171875,79
2026-09-24 09:07:00-04:00,2850.0,2850.0,2850.89990234375,2850.0,2850.10009765625,90
2026-09-24 09:08:00-04:00,2849.89990234375,2849.89990234375,2850.10009765625,2849.699951171875,2850.0,57
2026-09-24 09:09:00-04:00,2850.300048828125,2850.300048828125,2850.300048828125,2849.60009765625,2849.89990234375,54
2026-09-24 09:10:00-04:00,2850.699951171875,2850.699951171875,2850.699951171875,2850.199951171875,2850.300048828125,53
2026-09-24 09:11:00-04:00,2851.5,2851.5,2851.5,2850.39990234375,2850.800048828125,55
2026-09-24 09:12:00-04:00,2851.0,2851.0,2851.89990234375,2851.0,2851.699951171875,70
2026-09-24 09:13:00-04:00,2851.0,2851.0,2851.300048828125,2850.800048828125,2851.10009765625,62
2026-09-24 09:14:00-04:00,2851.199951171875,2851.199951171875,2851.199951171875,2850.89990234375,2851.0,39
2026-09-24 09:15:00-04:00,2851.89990234375,2851.89990234375,2851.89990234375,2851.0,2851.199951171875,100
2026-09-24 09:16:00-04:00,2852.60009765625,2852.60009765625,2852.699951171875,2852.0,2852.0,111
2026-09-24 09:17:00-04:00,2853.300048828125,2853.300048828125,2853.300048828125,2852.39990234375,2852.699951171875,105
2026-09-24 09:18:00-04:00,2853.699951171875,2853.699951171875,2853.89990234375,2853.0,2853.300048828125,83
2026-09-24 09:19:00-04:00,2853.10009765625,2853.10009765625,2853.89990234375,2853.10009765625,2853.699951171875,59
2026-09-24 09:20:00-04:00,2853.10009765625,2853.10009765625,2853.39990234375,2853.0,2853.10009765625,134
2026-09-24 09:21:00-04:00,2852.800048828125,2852.800048828125,2853.5,2852.800048828125,2853.199951171875,216
2026-09-24 09:22:00-04:00,2852.89990234375,2852.89990234375,2853.10009765625,2852.300048828125,2852.89990234375,159
2026-09-24 09:23:00-04:00,2852.5,2852.5,2852.800048828125,2852.0,2852.800048828125,137
2026-09-24 09:24:00-04:00,2852.5,2852.5,2852.699951171875,2852.199951171875,2852.5,73
2026-09-24 09:25:00-04:00,2852.199951171875,2852.199951171875,2853.10009765625,2852.10009765625,2852.5,196
2026-09-24 09:26:00-04:00,2853.300048828125,2853.300048828125,2853.39990234375,2852.0,2852.0,124
2026-09-24 09:27:00-04:00,2853.39990234375,2853.39990234375,2853.800048828125,2852.89990234375,2853.199951171875,325
2026-09-24 09:28:00-04:00,2853.199951171875,2853.199951171875,2853.60009765625,2851.5,2853.39990234375,407
2026-09-24 09:29:00-04:00,2853.199951171875,2853.199951171875,2854.0,2852.39990234375,2853.10009765625,391
2026-09-24 09:30:00-04:00,2851.300048828125,2851.300048828125,2853.800048828125,2848.5,2853.10009765625,4521
2026-09-24 09:31:00-04:00,2854.89990234375,2854.89990234375,2855.699951171875,2849.60009765625,2851.39990234375,1530
2026-09-24 09:32:00-04:00,2856.39990234375,2856.39990234375,2857.5,2854.699951171875,2855.0,1371
2026-09-24 09:33:00-04:00,2853.0,2853.0,2856.5,2851.60009765625,2856.39990234375,1569
2026-09-24 09:34:00-04:00,2850.89990234375,2850.89990234375,2853.199951171875,2850.199951171875,2853.10009765625,912
2026-09-24 09:35:00-04:00,2849.699951171875,2849.699951171875,2850.89990234375,2849.10009765625,2850.800048828125,957
2026-09-24 09:36:00-04:00,2850.0,2850.0,2850.60009765625,2849.10009765625,2849.60009765625,935
2026-09-24 09:37:00-04:00,2848.5,2848.5,2850.0,2848.0,2849.89990234375,861
2026-09-24 09:38:00-04:00,2849.10009765625,2849.10009765625,2850.0,2848.0,2848.60009765625,726
2026-09-24 09:39:00-04:00,2851.300048828125,2851.300048828125,2851.300048828125,2848.5,2849.0,395
2026-09-24 09:40:00-04:00,2850.5,2850.5,2851.800048828125,2849.699951171875,2851.300048828125,599
2026-09-24 09:41:00-04:00,2847.300048828125,2847.300048828125,2850.39990234375,2847.10009765625,2850.39990234375,600
2026-09-24 09:42:00-04:00,2846.199951171875,2846.199951171875,2848.0,2846.199951171875,2847.300048828125,518
2026-09-24 09:43:00-04:00,2847.300048828125,2847.300048828125,2847.699951171875,2845.89990234375,2846.10009765625,565
2026-09-24 09:44:00-04:00,2847.199951171875,2847.199951171875,2848.39990234375,2847.0,2847.39990234375,761
2026-09-24 09:45:00-04:00,2846.5,2846.5,2847.5,2845.699951171875,2847.199951171875,502
2026-09-24 09:46:00-04:00,2847.0,2847.0,2847.300048828125,2845.0,2846.300048828125,524
2026-09-24 09:47:00-04:00,2847.5,2847.5,2848.39990234375,2846.60009765625,2846.800048828125,524
2026-09-24 09:48:00-04:00,2845.5,2845.5,2848.5,2845.10009765625,2847.39990234375,618
2026-09-24 09:49:00-04:00,2846.89990234375,2846.89990234375,2847.699951171875,2845.5,2845.5,431
2026-09-24 09:50:00-04:00,2845.5,2845.5,2847.0,2845.0,2846.800048828125,763
2026-09-24 09:51:00-04:00,2846.89990234375,2846.89990234375,2847.5,2845.10009765625,2845.60009765625,457
2026-09-24 09:52:00-04:00,2846.10009765625,2846.10009765625,2847.699951171875,2845.699951171875,2846.89990234375,357
2026-09-24 09:53:00-04:00,2847.10009765625,2847.10009765625,2847.5,2845.300048828125,2846.199951171875,264
2026-09-24 09:54:00-04:00,2847.199951171875,2847.199951171875,2847.699951171875,2845.89990234375,2847.300048828125,278
2026-09-24 09:55:00-04:00,2845.39990234375,2845.39990234375,2847.39990234375,2845.10009765625,2847.199951171875,198
2026-09-24 09:56:00-04:00,2845.5,2845.5,2845.60009765625,2845.0,2845.39990234375,832
2026-09-24 09:57:00-04:00,2845.89990234375,2845.89990234375,2846.60009765625,2845.199951171875,2845.300048828125,361
2026-09-24 09:58:00-04:00,2845.800048828125,2845.800048828125,2846.10009765625,2845.0,2845.89990234375,259
2026-09-24 09:59:00-04:00,2845.39990234375,2845.39990234375,2845.89990234375,2845.199951171875,2845.89990234375,149
2026-09-24 10:00:00-04:00,2843.10009765625,2843.10009765625,2845.300048828125,2843.0,2845.300048828125,924
2026-09-24 10:01:00-04:00,2843.800048828125,2843.800048828125,2844.699951171875,2843.0,2843.0,413
2026-09-24 10:02:00-04:00,2845.199951171875,2845.199951171875,2845.699951171875,2843.5,2843.699951171875,521
2026-09-24 10:03:00-04:00,2845.699951171875,2845.699951171875,2845.800048828125,2844.60009765625,2845.199951171875,440
2026-09-24 10:04:00-04:00,2847.10009765625,2847.10009765625,2847.300048828125,2845.39990234375,2845.699951171875,429
2026-09-24 10:05:00-04:00,2848.199951171875,2848.199951171875,2848.300048828125,2846.39990234375,2846.89990234375,355
2026-09-24 10:06:00-04:00,2849.800048828125,2849.800048828125,2849.89990234375,2848.10009765625,2848.199951171875,501
2026-09-24 10:07:00-04:00,2850.10009765625,2850.10009765625,2850.300048828125,2849.300048828125,2849.800048828125,430
2026-09-24 10:08:00-04:00,2848.89990234375,2848.89990234375,2850.10009765625,2848.199951171875,2850.10009765625,465
2026-09-24 10:09:00-04:00,2847.10009765625,2847.10009765625,2849.89990234375,2846.89990234375,2849.0,267
2026-09-24 10:10:00-04:00,2847.699951171875,2847.699951171875,2847.800048828125,2846.10009765625,2847.10009765625,468
2026-09-24 10:11:00-04:00,2847.199951171875,2847.199951171875,2848.199951171875,2847.199951171875,2847.699951171875,237
2026-09-24 10:12:00-04:00,2846.60009765625,2846.60009765625,2847.39990234375,2845.60009765625,2847.300048828125,368
2026-09-24 10:13:00-04:00,2848.89990234375,2848.89990234375,2849.10009765625,2846.60009765625,2846.699951171875,378
2026-09-24 10:14:00-04:00,2848.60009765625,2848.60009765625,2849.699951171875,2848.39990234375,2849.0,250
2026-09-24 10:15:00-04:00,2846.199951171875,2846.199951171875,2848.699951171875,2845.60009765625,2848.60009765625,278
2026-09-24 10:16:00-04:00,2847.199951171875,2847.199951171875,2847.39990234375,2845.800048828125,2845.89990234375,333
2026-09-24 10:17:00-04:00,2847.800048828125,2847.800048828125,2849.199951171875,2846.699951171875,2847.300048828125,486
2026-09-24 10:18:00-04:00,2846.300048828125,2846.300048828125,2847.89990234375,2846.10009765625,2847.800048828125,273
2026-09-24 10:19:00-04:00,2845.199951171875,2845.199951171875,2846.800048828125,2845.199951171875,2846.39990234375,186
2026-09-24 10:20:00-04:00,2844.10009765625,2844.10009765625,2845.300048828125,2843.800048828125,2845.300048828125,390
2026-09-24 10:21:00-04:00,2843.60009765625,2843.60009765625,2845.39990234375,2843.60009765625,2844.0,479
2026-09-24 10:22:00-04:00,2844.699951171875,2844.699951171875,2844.89990234375,2843.10009765625,2843.60009765625,332
2026-09-24 10:23:00-04:00,2844.60009765625,2844.60009765625,2845.10009765625,2843.89990234375,2844.800048828125,251
2026-09-24 10:24:00-04:00,2844.199951171875,2844.199951171875,2845.60009765625,2844.10009765625,2844.699951171875,169
2026-09-24 10:25:00-04:00,2843.699951171875,2843.699951171875,2844.5,2842.699951171875,2844.5,348
2026-09-24 10:26:00-04:00,2843.89990234375,2843.89990234375,2844.10009765625,2843.300048828125,2843.60009765625,284
2026-09-24 10:27:00-04:00,2846.300048828125,2846.300048828125,2846.300048828125,2843.39990234375,2843.800048828125,338
2026-09-24 10:28:00-04:00,2845.5,2845.5,2846.39990234375,2845.5,2846.300048828125,279
2026-09-24 10:29:00-04:00,2845.699951171875,2845.699951171875,2845.800048828125,2845.300048828125,2845.5,140
2026-09-24 10:30:00-04:00,2846.300048828125,2846.300048828125,2846.39990234375,2844.800048828125,2845.60009765625,268
2026-09-24 10:31:00-04:00,2846.89990234375,2846.89990234375,2847.10009765625,2846.0,2846.199951171875,225
2026-09-24 10:32:00-04:00,2847.300048828125,2847.300048828125,2847.60009765625,2846.5,2846.800048828125,309
2026-09-24 10:33:00-04:00,2849.39990234375,2849.39990234375,2849.39990234375,2846.800048828125,2847.300048828125,609
2026-09-24 10:34:00-04:00,2849.699951171875,2849.699951171875,2850.199951171875,2849.199951171875,2849.199951171875,431
2026-09-24 10:35:00-04:00,2848.5,2848.5,2849.699951171875,2847.89990234375,2849.60009765625,226
2026-09-24 10:36:00-04:00,2847.800048828125,2847.800048828125,2848.800048828125,2847.300048828125,2848.5,808
2026-09-24 10:37:00-04:00,2848.800048828125,2848.800048828125,2849.5,2847.699951171875,2847.89990234375,604
2026-09-24 10:38:00-04:00,2847.5,2847.5,2848.800048828125,2847.199951171875,2848.800048828125,141
2026-09-24 10:39:00-04:00,2846.60009765625,2846.60009765625,2847.800048828125,2845.89990234375,2847.5,317
2026-09-24 10:40:00-04:00,2845.699951171875,2845.699951171875,2847.300048828125,2845.199951171875,2846.699951171875,281
2026-09-24 10:41:00-04:00,2845.300048828125,2845.300048828125,2846.199951171875,2845.199951171875,2845.800048828125,115
2026-09-24 10:42:00-04:00,2844.10009765625,2844.10009765625,2845.800048828125,2843.89990234375,2845.300048828125,426
2026-09-24 10:43:00-04:00,2842.60009765625,2842.60009765625,2844.10009765625,2842.5,2844.10009765625,393
2026-09-24 10:44:00-04:00,2842.5,2842.5,2843.300048828125,2842.0,2842.60009765625,554
2026-09-24 10:45:00-04:00,2842.199951171875,2842.199951171875,2842.699951171875,2841.60009765625,2842.5,550
2026-09-24 10:46:00-04:00,2841.800048828125,2841.800048828125,2842.5,2841.5,2842.10009765625,302
2026-09-24 10:47:00-04:00,2841.5,2841.5,2842.800048828125,2841.300048828125,2841.800048828125,268
2026-09-24 10:48:00-04:00,2841.199951171875,2841.199951171875,2841.800048828125,2840.800048828125,2841.39990234375,247
2026-09-24 10:49:00-04:00,2842.0,2842.0,2842.39990234375,2840.89990234375,2841.199951171875,219
2026-09-24 10:50:00-04:00,2842.0,2842.0,2844.199951171875,2841.5,2841.800048828125,527
2026-09-24 10:51:00-04:00,2842.0,2842.0,2842.300048828125,2841.199951171875,2842.0,162
2026-09-24 10:52:00-04:00,2841.10009765625,2841.10009765625,2842.0,2840.89990234375,2841.89990234375,179
2026-09-24 10:53:00-04:00,2841.5,2841.5,2841.800048828125,2840.10009765625,2841.10009765625,396
2026-09-24 10:54:00-04:00,2840.89990234375,2840.89990234375,2841.89990234375,2840.89990234375,2841.60009765625,142
2026-09-24 10:55:00-04:00,2839.89990234375,2839.89990234375,2841.10009765625,2839.800048828125,2840.89990234375,200
2026-09-24 10:56:00-04:00,2839.5,2839.5,2840.199951171875,2839.199951171875,2840.0,178
2026-09-24 10:57:00-04:00,2839.800048828125,2839.800048828125,2840.0,2838.89990234375,2839.5,248
2026-09-24 10:58:00-04:00,2838.10009765625,2838.10009765625,2839.699951171875,2838.10009765625,2839.699951171875,387
2026-09-24 10:59:00-04:00,2839.39990234375,2839.39990234375,2839.5,2837.699951171875,2838.199951171875,418
2026-09-24 11:00:00-04:00,2838.300048828125,2838.300048828125,2839.5,2837.89990234375,2839.300048828125,385
2026-09-24 11:01:00-04:00,2838.199951171875,2838.199951171875,2839.199951171875,2837.800048828125,2838.5,328
2026-09-24 11:02:00-04:00,2837.800048828125,2837.800048828125,2838.60009765625,2837.699951171875,2838.10009765625,361
2026-09-24 11:03:00-04:00,2838.39990234375,2838.39990234375,2839.0,2837.800048828125,2838.0,365
2026-09-24 11:04:00-04:00,2837.800048828125,2837.800048828125,2839.0,2837.5,2838.300048828125,144
2026-09-24 11:05:00-04:00,2838.199951171875,2838.199951171875,2838.5,2837.300048828125,2837.699951171875,440
2026-09-24 11:06:00-04:00,2837.60009765625,2837.60009765625,2838.800048828125,2837.0,2838.10009765625,228
2026-09-24 11:07:00-04:00,2838.0,2838.0,2838.199951171875,2837.0,2837.5,383
2026-09-24 11:08:00-04:00,2838.199951171875,2838.199951171875,2838.39990234375,2837.5,2838.0,93
2026-09-24 11:09:00-04:00,2838.10009765625,2838.10009765625,2838.60009765625,2837.60009765625,2838.300048828125,161
2026-09-24 11:10:00-04:00,2837.5,2837.5,2838.800048828125,2836.800048828125,2838.0,366
2026-09-24 11:11:00-04:00,2836.800048828125,2836.800048828125,2837.39990234375,2836.699951171875,2837.39990234375,249
2026-09-24 11:12:00-04:00,2835.699951171875,2835.699951171875,2837.10009765625,2835.39990234375,2836.89990234375,249
2026-09-24 11:13:00-04:00,2835.10009765625,2835.10009765625,2835.699951171875,2834.699951171875,2835.699951171875,298
2026-09-24 11:14:00-04:00,2835.10009765625,2835.10009765625,2835.300048828125,2834.5,2835.199951171875,335
2026-09-24 11:15:00-04:00,2836.39990234375,2836.39990234375,2836.800048828125,2834.5,2835.0,452
2026-09-24 11:16:00-04:00,2837.39990234375,2837.39990234375,2838.60009765625,2836.300048828125,2836.5,611
2026-09-24 11:17:00-04:00,2836.89990234375,2836.89990234375,2837.89990234375,2836.39990234375,2837.60009765625,155
2026-09-24 11:18:00-04:00,2836.10009765625,2836.10009765625,2836.699951171875,2835.10009765625,2836.699951171875,184
2026-09-24 11:19:00-04:00,2835.800048828125,2835.800048828125,2836.300048828125,2835.699951171875,2836.10009765625,166
2026-09-24 11:20:00-04:00,2834.199951171875,2834.199951171875,2835.60009765625,2833.89990234375,2835.60009765625,425
2026-09-24 11:21:00-04:00,2834.199951171875,2834.199951171875,2834.60009765625,2833.699951171875,2834.10009765625,995
2026-09-24 11:22:00-04:00,2835.0,2835.0,2835.0,2833.89990234375,2834.199951171875,380
2026-09-24 11:23:00-04:00,2835.800048828125,2835.800048828125,2835.89990234375,2834.800048828125,2835.0,179
2026-09-24 11:24:00-04:00,2836.60009765625,2836.60009765625,2837.199951171875,2835.60009765625,2835.800048828125,220
2026-09-24 11:25:00-04:00,2834.699951171875,2834.699951171875,2836.699951171875,2834.199951171875,2836.699951171875,183
2026-09-24 11:26:00-04:00,2834.5,2834.5,2835.5,2834.5,2834.699951171875,373
2026-09-24 11:27:00-04:00,2833.89990234375,2833.89990234375,2834.89990234375,2833.699951171875,2834.60009765625,196
2026-09-24 11:28:00-04:00,2833.5,2833.5,2834.10009765625,2833.39990234375,2834.0,156
2026-09-24 11:29:00-04:00,2833.699951171875,2833.699951171875,2833.800048828125,2832.89990234375,2833.39990234375,291
2026-09-24 11:30:00-04:00,2833.800048828125,2833.800048828125,2834.199951171875,2833.60009765625,2833.60009765625,277
2026-09-24 11:31:00-04:00,2833.60009765625,2833.60009765625,2834.39990234375,2833.60009765625,2833.89990234375,126
2026-09-24 11:32:00-04:00,2833.60009765625,2833.60009765625,2834.0,2833.10009765625,2833.60009765625,238
2026-09-24 11:33:00-04:00,2834.300048828125,2834.300048828125,2834.699951171875,2833.60009765625,2833.699951171875,181
2026-09-24 11:34:00-04:00,2833.60009765625,2833.60009765625,2834.39990234375,2833.60009765625,2834.300048828125,209
2026-09-24 11:35:00-04:00,2833.199951171875,2833.199951171875,2834.199951171875,2832.800048828125,2833.5,224
2026-09-24 11:36:00-04:00,2832.300048828125,2832.300048828125,2834.300048828125,2832.199951171875,2833.300048828125,559
2026-09-24 11:37:00-04:00,2833.10009765625,2833.10009765625,2833.199951171875,2832.300048828125,2832.300048828125,371
2026-09-24 11:38:00-04:00,2832.800048828125,2832.800048828125,2833.39990234375,2832.800048828125,2833.0,153
2026-09-24 11:39:00-04:00,2832.300048828125,2832.300048828125,2832.800048828125,2832.0,2832.800048828125,271
2026-09-24 11:40:00-04:00,2832.0,2832.0,2832.5,2831.5,2832.300048828125,222
2026-09-24 11:41:00-04:00,2831.699951171875,2831.699951171875,2832.699951171875,2831.39990234375,2832.0,488
2026-09-24 11:42:00-04:00,2832.0,2832.0,2832.199951171875,2831.300048828125,2831.699951171875,347
2026-09-24 11:43:00-04:00,2832.300048828125,2832.300048828125,2832.60009765625,2831.699951171875,2831.89990234375,208
2026-09-24 11:44:00-04:00,2833.699951171875,2833.699951171875,2833.699951171875,2832.199951171875,2832.199951171875,314
2026-09-24 11:45:00-04:00,2834.199951171875,2834.199951171875,2835.0,2833.800048828125,2833.800048828125,292
2026-09-24 11:46:00-04:00,2832.89990234375,2832.89990234375,2834.199951171875,2832.800048828125,2834.199951171875,136
2026-09-24 11:47:00-04:00,2831.800048828125,2831.800048828125,2833.300048828125,2831.60009765625,2832.89990234375,292
2026-09-24 11:48:00-04:00,2831.199951171875,2831.199951171875,2832.199951171875,2831.199951171875,2831.699951171875,226
2026-09-24 11:49:00-04:00,2831.10009765625,2831.10009765625,2831.39990234375,2830.39990234375,2831.300048828125,253
2026-09-24 11:50:00-04:00,2832.10009765625,2832.10009765625,2832.10009765625,2830.60009765625,2831.0,162
2026-09-24 11:51:00-04:00,2832.699951171875,2832.699951171875,2833.10009765625,2831.39990234375,2832.10009765625,230
2026-09-24 11:52:00-04:00,2833.199951171875,2833.199951171875,2833.39990234375,2832.5,2832.800048828125,274
2026-09-24 11:53:00-04:00,2833.10009765625,2833.10009765625,2834.10009765625,2832.89990234375,2833.300048828125,492
2026-09-24 11:54:00-04:00,2833.5,2833.5,2833.699951171875,2832.60009765625,2833.10009765625,132
2026-09-24 11:55:00-04:00,2833.39990234375,2833.39990234375,2833.89990234375,2833.0,2833.699951171875,152
2026-09-24 11:56:00-04:00,2833.89990234375,2833.89990234375,2834.10009765625,2833.0,2833.39990234375,131
2026-09-24 11:57:00-04:00,2833.89990234375,2833.89990234375,2834.199951171875,2833.300048828125,2833.89990234375,99
2026-09-24 11:58:00-04:00,2833.39990234375,2833.39990234375,2833.89990234375,2833.10009765625,2833.89990234375,133
2026-09-24 11:59:00-04:00,2832.60009765625,2832.60009765625,2833.5,2832.60009765625,2833.39990234375,136
2026-09-24 12:00:00-04:00,2830.5,2830.5,2832.699951171875,2830.0,2832.60009765625,408
2026-09-24 12:01:00-04:00,2831.10009765625,2831.10009765625,2831.5,2829.89990234375,2830.39990234375,337
2026-09-24 12:02:00-04:00,2831.300048828125,2831.300048828125,2831.5,2830.89990234375,2831.10009765625,188
2026-09-24 12:03:00-04:00,2831.5,2831.5,2831.800048828125,2830.300048828125,2831.300048828125,104
2026-09-24 12:04:00-04:00,2832.0,2832.0,2832.10009765625,2831.199951171875,2831.60009765625,158
2026-09-24 12:05:00-04:00,2832.199951171875,2832.199951171875,2832.199951171875,2831.10009765625,2832.0,132
2026-09-24 12:06:00-04:00,2831.0,2831.0,2832.10009765625,2830.800048828125,2832.10009765625,150
2026-09-24 12:07:00-04:00,2830.699951171875,2830.699951171875,2831.0,2830.300048828125,2830.89990234375,102
2026-09-24 12:08:00-04:00,2830.89990234375,2830.89990234375,2830.89990234375,2830.300048828125,2830.60009765625,79
2026-09-24 12:09:00-04:00,2831.199951171875,2831.199951171875,2831.300048828125,2830.60009765625,2830.89990234375,119
2026-09-24 12:10:00-04:00,2831.5,2831.5,2832.10009765625,2831.10009765625,2831.10009765625,119
2026-09-24 12:11:00-04:00,2831.699951171875,2831.699951171875,2831.699951171875,2831.300048828125,2831.5,63
2026-09-24 12:12:00-04:00,2831.39990234375,2831.39990234375,2832.199951171875,2831.39990234375,2831.699951171875,156
2026-09-24 12:13:00-04:00,2832.0,2832.0,2832.199951171875,2831.300048828125,2831.39990234375,73
2026-09-24 12:14:00-04:00,2834.89990234375,2834.89990234375,2835.0,2831.89990234375,2831.89990234375,514
2026-09-24 12:15:00-04:00,2842.5,2842.5,2843.199951171875,2834.60009765625,2834.800048828125,3953
2026-09-24 12:16:00-04:00,2850.699951171875,2850.699951171875,2852.5,2841.300048828125,2842.39990234375,2945
2026-09-24 12:17:00-04:00,2854.60009765625,2854.60009765625,2856.60009765625,2849.60009765625,2850.699951171875,2867
2026-09-24 12:18:00-04:00,2853.300048828125,2853.300048828125,2859.10009765625,2853.10009765625,2854.699951171875,2913
2026-09-24 12:19:00-04:00,2849.89990234375,2849.89990234375,2855.300048828125,2848.10009765625,2853.300048828125,1978
2026-09-24 12:20:00-04:00,2852.5,2852.5,2854.60009765625,2849.39990234375,2849.89990234375,1378
2026-09-24 12:21:00-04:00,2851.39990234375,2851.39990234375,2853.10009765625,2850.60009765625,2852.5,782
2026-09-24 12:22:00-04:00,2854.5,2854.5,2855.199951171875,2851.300048828125,2851.300048828125,696
2026-09-24 12:23:00-04:00,2852.199951171875,2852.199951171875,2855.300048828125,2852.0,2854.60009765625,685
2026-09-24 12:24:00-04:00,2854.0,2854.0,2854.800048828125,2850.699951171875,2851.89990234375,608
2026-09-24 12:25:00-04:00,2850.89990234375,2850.89990234375,2854.699951171875,2850.60009765625,2854.10009765625,428
2026-09-24 12:26:00-04:00,2850.300048828125,2850.300048828125,2852.300048828125,2850.199951171875,2850.800048828125,705
2026-09-24 12:27:00-04:00,2852.300048828125,2852.300048828125,2853.199951171875,2849.199951171875,2850.199951171875,635
2026-09-24 12:28:00-04:00,2852.60009765625,2852.60009765625,2853.300048828125,2851.699951171875,2852.199951171875,311
2026-09-24 12:29:00-04:00,2851.300048828125,2851.300048828125,2852.5,2850.89990234375,2852.5,183
2026-09-24 12:30:00-04:00,2850.699951171875,2850.699951171875,2851.89990234375,2849.89990234375,2851.60009765625,307
2026-09-24 12:31:00-04:00,2847.699951171875,2847.699951171875,2851.199951171875,2847.60009765625,2850.699951171875,431
2026-09-24 12:32:00-04:00,2847.5,2847.5,2847.800048828125,2846.60009765625,2847.699951171875,371
2026-09-24 12:33:00-04:00,2848.699951171875,2848.699951171875,2849.5,2847.300048828125,2847.60009765625,301
2026-09-24 12:34:00-04:00,2848.800048828125,2848.800048828125,2849.5,2847.800048828125,2848.60009765625,461
2026-09-24 12:35:00-04:00,2850.5,2850.5,2850.699951171875,2848.10009765625,2848.699951171875,425
2026-09-24 12:36:00-04:00,2853.89990234375,2853.89990234375,2854.0,2850.39990234375,2850.5,354
2026-09-24 12:37:00-04:00,2854.0,2854.0,2855.0,2853.60009765625,2853.89990234375,611
2026-09-24 12:38:00-04:00,2854.300048828125,2854.300048828125,2854.699951171875,2853.39990234375,2854.0,469
2026-09-24 12:39:00-04:00,2855.800048828125,2855.800048828125,2856.10009765625,2854.300048828125,2854.39990234375,884
2026-09-24 12:40:00-04:00,2858.300048828125,2858.300048828125,2858.300048828125,2854.89990234375,2855.89990234375,870
2026-09-24 12:41:00-04:00,2860.60009765625,2860.60009765625,2860.60009765625,2858.300048828125,2858.300048828125,927
2026-09-24 12:42:00-04:00,2860.89990234375,2860.89990234375,2862.0,2859.699951171875,2860.60009765625,1091
2026-09-24 12:43:00-04:00,2857.5,2857.5,2861.10009765625,2857.39990234375,2860.800048828125,690
2026-09-24 12:44:00-04:00,2854.199951171875,2854.199951171875,2857.800048828125,2854.199951171875,2857.5,573
2026-09-24 12:45:00-04:00,2853.300048828125,2853.300048828125,2854.39990234375,2852.39990234375,2854.300048828125,573
2026-09-24 12:46:00-04:00,2855.60009765625,2855.60009765625,2855.60009765625,2853.0,2853.10009765625,954
2026-09-24 12:47:00-04:00,2855.0,2855.0,2855.699951171875,2854.10009765625,2855.5,470
2026-09-24 12:48:00-04:00,2855.0,2855.0,2855.89990234375,2854.60009765625,2855.10009765625,208
2026-09-24 12:49:00-04:00,2854.89990234375,2854.89990234375,2855.60009765625,2854.0,2854.89990234375,278
2026-09-24 12:50:00-04:00,2854.300048828125,2854.300048828125,2855.199951171875,2854.199951171875,2855.0,370
2026-09-24 12:51:00-04:00,2855.60009765625,2855.60009765625,2856.89990234375,2854.300048828125,2854.300048828125,423
2026-09-24 12:52:00-04:00,2853.199951171875,2853.199951171875,2855.800048828125,2852.60009765625,2855.60009765625,310
2026-09-24 12:53:00-04:00,2852.5,2852.5,2853.60009765625,2852.300048828125,2853.300048828125,219
2026-09-24 12:54:00-04:00,2852.699951171875,2852.699951171875,2853.300048828125,2852.199951171875,2852.60009765625,462
2026-09-24 12:55:00-04:00,2852.89990234375,2852.89990234375,2853.300048828125,2852.300048828125,2852.800048828125,161
2026-09-24 12:56:00-04:00,2854.39990234375,2854.39990234375,2854.39990234375,2852.300048828125,2852.800048828125,239
2026-09-24 12:57:00-04:00,2853.5,2853.5,2854.5,2853.300048828125,2854.199951171875,224
2026-09-24 12:58:00-04:00,2853.5,2853.5,2854.199951171875,2853.300048828125,2853.60009765625,266
2026-09-24 12:59:00-04:00,2852.89990234375,2852.89990234375,2853.5,2852.699951171875,2853.39990234375,170
2026-09-24 13:00:00-04:00,2851.199951171875,2851.199951171875,2852.5,2850.199951171875,2852.5,339
2026-09-24 13:01:00-04:00,2852.60009765625,2852.60009765625,2853.39990234375,2850.699951171875,2851.199951171875,359
2026-09-24 13:02:00-04:00,2852.39990234375,2852.39990234375,2852.699951171875,2849.800048828125,2852.699951171875,535
2026-09-24 13:03:00-04:00,2855.0,2855.0,2856.199951171875,2852.5,2852.5,736
2026-09-24 13:04:00-04:00,2854.10009765625,2854.10009765625,2855.199951171875,2852.699951171875,2855.0,798
2026-09-24 13:05:00-04:00,2854.0,2854.0,2856.0,2853.300048828125,2854.0,357
2026-09-24 13:06:00-04:00,2854.5,2854.5,2855.60009765625,2853.5,2854.10009765625,272
2026-09-24 13:07:00-04:00,2854.89990234375,2854.89990234375,2856.199951171875,2854.39990234375,2854.5,205
2026-09-24 13:08:00-04:00,2855.5,2855.5,2855.89990234375,2854.199951171875,2854.800048828125,148
2026-09-24 13:09:00-04:00,2854.60009765625,2854.60009765625,2855.60009765625,2854.60009765625,2855.39990234375,129
2026-09-24 13:10:00-04:00,2852.60009765625,2852.60009765625,2854.699951171875,2851.800048828125,2854.5,972
2026-09-24 13:11:00-04:00,2852.300048828125,2852.300048828125,2852.800048828125,2851.39990234375,2852.800048828125,262
2026-09-24 13:12:00-04:00,2851.699951171875,2851.699951171875,2852.39990234375,2851.699951171875,2852.199951171875,213
2026-09-24 13:13:00-04:00,2854.0,2854.0,2854.0,2851.10009765625,2851.60009765625,272
2026-09-24 13:14:00-04:00,2855.300048828125,2855.300048828125,2856.39990234375,2854.10009765625,2854.10009765625,267
2026-09-24 13:15:00-04:00,2853.5,2853.5,2855.5,2853.199951171875,2855.39990234375,170
2026-09-24 13:16:00-04:00,2854.39990234375,2854.39990234375,2855.0,2853.300048828125,2853.39990234375,118
2026-09-24 13:17:00-04:00,2853.300048828125,2853.300048828125,2855.0,2853.300048828125,2854.39990234375,108
2026-09-24 13:18:00-04:00,2853.39990234375,2853.39990234375,2854.39990234375,2853.300048828125,2853.300048828125,287
2026-09-24 13:19:00-04:00,2850.300048828125,2850.300048828125,2853.5,2850.300048828125,2853.300048828125,628
2026-09-24 13:20:00-04:00,2850.10009765625,2850.10009765625,2850.300048828125,2848.800048828125,2850.300048828125,550
2026-09-24 13:21:00-04:00,2850.60009765625,2850.60009765625,2851.0,2850.0,2850.10009765625,330
2026-09-24 13:22:00-04:00,2851.5,2851.5,2852.10009765625,2850.39990234375,2850.699951171875,169
2026-09-24 13:23:00-04:00,2851.60009765625,2851.60009765625,2851.89990234375,2851.10009765625,2851.300048828125,146
2026-09-24 13:24:00-04:00,2851.300048828125,2851.300048828125,2852.699951171875,2851.0,2851.699951171875,201
2026-09-24 13:25:00-04:00,2849.60009765625,2849.60009765625,2851.199951171875,2849.60009765625,2851.199951171875,243
2026-09-24 13:26:00-04:00,2848.699951171875,2848.699951171875,2850.300048828125,2848.199951171875,2849.60009765625,336
2026-09-24 13:27:00-04:00,2848.699951171875,2848.699951171875,2849.300048828125,2848.300048828125,2848.699951171875,351
2026-09-24 13:28:00-04:00,2850.199951171875,2850.199951171875,2850.5,2848.699951171875,2848.800048828125,261
2026-09-24 13:29:00-04:00,2850.199951171875,2850.199951171875,2850.39990234375,2849.699951171875,2850.0,208
2026-09-24 13:30:00-04:00,2851.300048828125,2851.300048828125,2851.60009765625,2849.89990234375,2850.10009765625,269
2026-09-24 13:31:00-04:00,2852.0,2852.0,2852.60009765625,2851.10009765625,2851.39990234375,180
2026-09-24 13:32:00-04:00,2850.199951171875,2850.199951171875,2852.0,2849.89990234375,2851.89990234375,148
2026-09-24 13:33:00-04:00,2850.0,2850.0,2850.5,2849.699951171875,2850.10009765625,120
2026-09-24 13:34:00-04:00,2848.5,2848.5,2850.199951171875,2848.300048828125,2850.199951171875,203
2026-09-24 13:35:00-04:00,2848.10009765625,2848.10009765625,2848.89990234375,2848.10009765625,2848.39990234375,164
2026-09-24 13:36:00-04:00,2848.300048828125,2848.300048828125,2849.199951171875,2847.699951171875,2848.0,279
2026-09-24 13:37:00-04:00,2847.699951171875,2847.699951171875,2848.89990234375,2847.5,2848.300048828125,171
2026-09-24 13:38:00-04:00,2847.5,2847.5,2848.0,2846.89990234375,2847.89990234375,193
2026-09-24 13:39:00-04:00,2848.39990234375,2848.39990234375,2848.89990234375,2847.60009765625,2847.60009765625,110
2026-09-24 13:40:00-04:00,2848.699951171875,2848.699951171875,2848.89990234375,2848.10009765625,2848.300048828125,94
2026-09-24 13:41:00-04:00,2848.0,2848.0,2849.0,2847.39990234375,2848.89990234375,331
2026-09-24 13:42:00-04:00,2848.60009765625,2848.60009765625,2849.39990234375,2848.199951171875,2848.199951171875,251
2026-09-24 13:43:00-04:00,2846.699951171875,2846.699951171875,2848.60009765625,2845.800048828125,2848.60009765625,248
2026-09-24 13:44:00-04:00,2846.699951171875,2846.699951171875,2847.10009765625,2846.199951171875,2846.60009765625,235
2026-09-24 13:45:00-04:00,2847.300048828125,2847.300048828125,2847.300048828125,2845.89990234375,2846.60009765625,641
2026-09-24 13:46:00-04:00,2847.199951171875,2847.199951171875,2848.300048828125,2846.89990234375,2847.300048828125,234
2026-09-24 13:47:00-04:00,2848.300048828125,2848.300048828125,2848.39990234375,2846.89990234375,2847.300048828125,221
2026-09-24 13:48:00-04:00,2848.300048828125,2848.300048828125,2848.5,2847.60009765625,2848.300048828125,200
2026-09-24 13:49:00-04:00,2849.199951171875,2849.199951171875,2849.39990234375,2848.199951171875,2848.199951171875,277
2026-09-24 13:50:00-04:00,2849.699951171875,2849.699951171875,2850.10009765625,2848.89990234375,2849.10009765625,224
2026-09-24 13:51:00-04:00,2849.800048828125,2849.800048828125,2850.10009765625,2849.300048828125,2849.800048828125,229
2026-09-24 13:52:00-04:00,2849.10009765625,2849.10009765625,2850.300048828125,2848.699951171875,2849.89990234375,124
2026-09-24 13:53:00-04:00,2849.199951171875,2849.199951171875,2850.0,2848.5,2848.89990234375,153
2026-09-24 13:54:00-04:00,2848.60009765625,2848.60009765625,2849.39990234375,2848.39990234375,2849.10009765625,191
2026-09-24 13:55:00-04:00,2847.699951171875,2847.699951171875,2849.0,2847.60009765625,2848.699951171875,173
2026-09-24 13:56:00-04:00,2850.39990234375,2850.39990234375,2850.5,2847.60009765625,2847.60009765625,293
2026-09-24 13:57:00-04:00,2849.800048828125,2849.800048828125,2850.300048828125,2849.10009765625,2850.300048828125,372
2026-09-24 13:58:00-04:00,2850.199951171875,2850.199951171875,2850.199951171875,2849.10009765625,2849.89990234375,108
2026-09-24 13:59:00-04:00,2851.300048828125,2851.300048828125,2851.699951171875,2850.0,2850.199951171875,169
2026-09-24 14:00:00-04:00,2850.800048828125,2850.800048828125,2851.89990234375,2850.60009765625,2851.300048828125,314
2026-09-24 14:01:00-04:00,2849.300048828125,2849.300048828125,2850.89990234375,2848.39990234375,2850.89990234375,321
2026-09-24 14:02:00-04:00,2847.0,2847.0,2849.39990234375,2846.699951171875,2849.199951171875,552
2026-09-24 14:03:00-04:00,2845.60009765625,2845.60009765625,2847.199951171875,2844.699951171875,2847.10009765625,790
2026-09-24 14:04:00-04:00,2844.5,2844.5,2846.10009765625,2844.0,2845.60009765625,297
2026-09-24 14:05:00-04:00,2845.699951171875,2845.699951171875,2846.0,2844.39990234375,2844.5,406
2026-09-24 14:06:00-04:00,2848.800048828125,2848.800048828125,2848.800048828125,2845.5,2845.60009765625,184
2026-09-24 14:07:00-04:00,2849.300048828125,2849.300048828125,2850.300048828125,2847.800048828125,2848.800048828125,266
2026-09-24 14:08:00-04:00,2850.10009765625,2850.10009765625,2851.10009765625,2849.5,2849.699951171875,212
2026-09-24 14:09:00-04:00,2850.699951171875,2850.699951171875,2851.199951171875,2849.5,2850.300048828125,146
2026-09-24 14:10:00-04:00,2851.199951171875,2851.199951171875,2851.800048828125,2850.699951171875,2850.800048828125,443
2026-09-24 14:11:00-04:00,2851.5,2851.5,2852.39990234375,2851.300048828125,2851.300048828125,266
2026-09-24 14:12:00-04:00,2850.5,2850.5,2851.800048828125,2850.39990234375,2851.60009765625,235
2026-09-24 14:13:00-04:00,2851.699951171875,2851.699951171875,2851.89990234375,2850.300048828125,2850.5,226
2026-09-24 14:14:00-04:00,2853.0,2853.0,2853.0,2851.5,2851.699951171875,146
2026-09-24 14:15:00-04:00,2853.300048828125,2853.300048828125,2854.0,2852.199951171875,2852.89990234375,532
2026-09-24 14:16:00-04:00,2854.10009765625,2854.10009765625,2855.0,2853.10009765625,2853.199951171875,283
2026-09-24 14:17:00-04:00,2854.800048828125,2854.800048828125,2854.89990234375,2853.800048828125,2854.199951171875,231
2026-09-24 14:18:00-04:00,2854.10009765625,2854.10009765625,2856.10009765625,2854.0,2854.699951171875,260
2026-09-24 14:19:00-04:00,2853.699951171875,2853.699951171875,2854.10009765625,2853.39990234375,2854.10009765625,125
2026-09-24 14:20:00-04:00,2851.800048828125,2851.800048828125,2853.800048828125,2851.60009765625,2853.60009765625,295
2026-09-24 14:21:00-04:00,2853.10009765625,2853.10009765625,2853.199951171875,2851.89990234375,2851.89990234375,234
2026-09-24 14:22:00-04:00,2852.60009765625,2852.60009765625,2853.39990234375,2852.60009765625,2853.199951171875,105
2026-09-24 14:23:00-04:00,2854.300048828125,2854.300048828125,2854.39990234375,2852.60009765625,2852.800048828125,186
2026-09-24 14:24:00-04:00,2853.89990234375,2853.89990234375,2854.300048828125,2853.39990234375,2854.199951171875,134
2026-09-24 14:25:00-04:00,2855.89990234375,2855.89990234375,2857.60009765625,2853.800048828125,2853.89990234375,1241
2026-09-24 14:26:00-04:00,2857.89990234375,2857.89990234375,2858.800048828125,2856.10009765625,2856.10009765625,529
2026-09-24 14:27:00-04:00,2857.5,2857.5,2858.10009765625,2857.0,2857.800048828125,314
2026-09-24 14:28:00-04:00,2856.89990234375,2856.89990234375,2858.300048828125,2856.800048828125,2857.5,181
2026-09-24 14:29:00-04:00,2857.10009765625,2857.10009765625,2858.0,2856.89990234375,2856.89990234375,134
2026-09-24 14:30:00-04:00,2857.60009765625,2857.60009765625,2857.800048828125,2856.39990234375,2857.10009765625,163
2026-09-24 14:31:00-04:00,2856.39990234375,2856.39990234375,2857.699951171875,2855.5,2857.699951171875,259
2026-09-24 14:32:00-04:00,2855.60009765625,2855.60009765625,2856.39990234375,2855.199951171875,2856.39990234375,266
2026-09-24 14:33:00-04:00,2854.89990234375,2854.89990234375,2856.10009765625,2854.800048828125,2855.60009765625,185
2026-09-24 14:34:00-04:00,2854.10009765625,2854.10009765625,2855.0,2853.89990234375,2855.0,151
2026-09-24 14:35:00-04:00,2853.10009765625,2853.10009765625,2854.300048828125,2852.800048828125,2854.199951171875,226
2026-09-24 14:36:00-04:00,2854.300048828125,2854.300048828125,2854.5,2852.89990234375,2853.0,226
2026-09-24 14:37:00-04:00,2854.699951171875,2854.699951171875,2855.60009765625,2854.199951171875,2854.300048828125,287
2026-09-24 14:38:00-04:00,2860.0,2860.0,2860.39990234375,2854.800048828125,2854.89990234375,1800
2026-09-24 14:39:00-04:00,2858.39990234375,2858.39990234375,2862.39990234375,2857.89990234375,2860.10009765625,1153
2026-09-24 14:40:00-04:00,2856.699951171875,2856.699951171875,2858.300048828125,2855.89990234375,2858.300048828125,263
2026-09-24 14:41:00-04:00,2857.39990234375,2857.39990234375,2857.699951171875,2856.10009765625,2856.60009765625,166
2026-09-24 14:42:00-04:00,2856.300048828125,2856.300048828125,2857.699951171875,2855.800048828125,2857.300048828125,188
2026-09-24 14:43:00-04:00,2855.89990234375,2855.89990234375,2856.39990234375,2855.199951171875,2856.39990234375,155
2026-09-24 14:44:00-04:00,2856.10009765625,2856.10009765625,2857.0,2855.89990234375,2855.89990234375,138
2026-09-24 14:45:00-04:00,2855.800048828125,2855.800048828125,2857.0,2855.800048828125,2856.10009765625,86
2026-09-24 14:46:00-04:00,2856.0,2856.0,2856.0,2855.10009765625,2855.800048828125,128
2026-09-24 14:47:00-04:00,2855.5,2855.5,2856.0,2855.10009765625,2855.800048828125,117
2026-09-24 14:48:00-04:00,2856.199951171875,2856.199951171875,2856.5,2855.5,2855.5,90
2026-09-24 14:49:00-04:00,2856.300048828125,2856.300048828125,2856.60009765625,2855.60009765625,2856.0,97
2026-09-24 14:50:00-04:00,2858.300048828125,2858.300048828125,2859.300048828125,2856.199951171875,2856.300048828125,694
2026-09-24 14:51:00-04:00,2858.0,2858.0,2858.39990234375,2857.0,2858.39990234375,124
2026-09-24 14:52:00-04:00,2858.5,2858.5,2859.10009765625,2857.800048828125,2858.0,142
2026-09-24 14:53:00-04:00,2857.89990234375,2857.89990234375,2858.39990234375,2857.39990234375,2858.39990234375,157
2026-09-24 14:54:00-04:00,2857.39990234375,2857.39990234375,2858.0,2857.300048828125,2857.699951171875,91
2026-09-24 14:55:00-04:00,2857.800048828125,2857.800048828125,2857.89990234375,2857.10009765625,2857.39990234375,127
2026-09-24 14:56:00-04:00,2858.699951171875,2858.699951171875,2859.10009765625,2857.39990234375,2857.60009765625,241
2026-09-24 14:57:00-04:00,2858.5,2858.5,2858.89990234375,2858.39990234375,2858.60009765625,119
2026-09-24 14:58:00-04:00,2858.10009765625,2858.10009765625,2858.699951171875,2858.0,2858.5,137
2026-09-24 14:59:00-04:00,2857.5,2857.5,2858.199951171875,2857.300048828125,2858.199951171875,197
2026-09-24 15:00:00-04:00,2856.800048828125,2856.800048828125,2858.300048828125,2856.300048828125,2857.60009765625,528
2026-09-24 15:01:00-04:00,2855.10009765625,2855.10009765625,2857.0,2854.89990234375,2856.800048828125,735
2026-09-24 15:02:00-04:00,2854.300048828125,2854.300048828125,2855.60009765625,2854.0,2855.199951171875,328
2026-09-24 15:03:00-04:00,2853.39990234375,2853.39990234375,2854.60009765625,2853.300048828125,2854.39990234375,222
2026-09-24 15:04:00-04:00,2854.5,2854.5,2854.60009765625,2853.10009765625,2853.39990234375,238
2026-09-24 15:05:00-04:00,2854.300048828125,2854.300048828125,2854.89990234375,2853.60009765625,2854.5,159
2026-09-24 15:06:00-04:00,2855.0,2855.0,2855.60009765625,2853.800048828125,2854.10009765625,145
2026-09-24 15:07:00-04:00,2855.60009765625,2855.60009765625,2855.89990234375,2854.89990234375,2855.0,172
2026-09-24 15:08:00-04:00,2855.800048828125,2855.800048828125,2856.60009765625,2855.60009765625,2855.699951171875,99
2026-09-24 15:09:00-04:00,2856.10009765625,2856.10009765625,2856.300048828125,2855.300048828125,2855.800048828125,103
2026-09-24 15:10:00-04:00,2854.5,2854.5,2856.60009765625,2854.5,2856.0,120
2026-09-24 15:11:00-04:00,2854.0,2854.0,2854.5,2853.39990234375,2854.5,213
2026-09-24 15:12:00-04:00,2853.89990234375,2853.89990234375,2854.300048828125,2853.699951171875,2854.0,218
2026-09-24 15:13:00-04:00,2853.800048828125,2853.800048828125,2854.199951171875,2853.300048828125,2853.800048828125,251
2026-09-24 15:14:00-04:00,2852.60009765625,2852.60009765625,2853.89990234375,2852.5,2853.89990234375,498
2026-09-24 15:15:00-04:00,2852.800048828125,2852.800048828125,2852.89990234375,2852.199951171875,2852.60009765625,231
2026-09-24 15:16:00-04:00,2852.89990234375,2852.89990234375,2853.199951171875,2852.300048828125,2852.60009765625,135
2026-09-24 15:17:00-04:00,2852.60009765625,2852.60009765625,2853.300048828125,2852.300048828125,2853.0,221
2026-09-24 15:18:00-04:00,2852.39990234375,2852.39990234375,2853.199951171875,2852.300048828125,2852.60009765625,160
2026-09-24 15:19:00-04:00,2853.10009765625,2853.10009765625,2853.300048828125,2852.0,2852.5,456
2026-09-24 15:20:00-04:00,2852.300048828125,2852.300048828125,2853.199951171875,2852.199951171875,2853.199951171875,151
2026-09-24 15:21:00-04:00,2853.0,2853.0,2853.0,2851.800048828125,2852.39990234375,192
2026-09-24 15:22:00-04:00,2852.699951171875,2852.699951171875,2852.89990234375,2852.199951171875,2852.89990234375,199
2026-09-24 15:23:00-04:00,2853.60009765625,2853.60009765625,2853.60009765625,2852.60009765625,2852.699951171875,158
2026-09-24 15:24:00-04:00,2853.89990234375,2853.89990234375,2854.39990234375,2853.60009765625,2853.699951171875,585
2026-09-24 15:25:00-04:00,2854.0,2854.0,2854.699951171875,2853.800048828125,2853.89990234375,599
2026-09-24 15:26:00-04:00,2854.300048828125,2854.300048828125,2854.39990234375,2853.60009765625,2854.0,138
2026-09-24 15:27:00-04:00,2853.39990234375,2853.39990234375,2854.300048828125,2853.39990234375,2854.300048828125,134
2026-09-24 15:28:00-04:00,2853.300048828125,2853.300048828125,2853.800048828125,2853.10009765625,2853.300048828125,133
2026-09-24 15:29:00-04:00,2853.5,2853.5,2853.60009765625,2852.699951171875,2853.300048828125,208
2026-09-24 15:30:00-04:00,2853.800048828125,2853.800048828125,2854.199951171875,2853.10009765625,2853.5,166
2026-09-24 15:31:00-04:00,2854.5,2854.5,2854.5,2853.300048828125,2853.89990234375,319
2026-09-24 15:32:00-04:00,2854.699951171875,2854.699951171875,2854.89990234375,2853.89990234375,2854.5,345
2026-09-24 15:33:00-04:00,2855.300048828125,2855.300048828125,2855.699951171875,2854.300048828125,2854.5,409
2026-09-24 15:34:00-04:00,2856.300048828125,2856.300048828125,2856.39990234375,2855.199951171875,2855.300048828125,297
2026-09-24 15:35:00-04:00,2855.89990234375,2855.89990234375,2856.60009765625,2855.39990234375,2856.199951171875,266
2026-09-24 15:36:00-04:00,2856.5,2856.5,2856.699951171875,2855.60009765625,2855.89990234375,278
2026-09-24 15:37:00-04:00,2855.60009765625,2855.60009765625,2856.5,2855.300048828125,2856.5,208
2026-09-24 15:38:00-04:00,2855.699951171875,2855.699951171875,2856.199951171875,2855.60009765625,2855.60009765625,96
2026-09-24 15:39:00-04:00,2856.39990234375,2856.39990234375,2856.39990234375,2855.699951171875,2855.699951171875,121
2026-09-24 15:40:00-04:00,2855.89990234375,2855.89990234375,2857.10009765625,2855.800048828125,2856.39990234375,302
2026-09-24 15:41:00-04:00,2856.699951171875,2856.699951171875,2856.699951171875,2855.800048828125,2855.800048828125,288
2026-09-24 15:42:00-04:00,2856.199951171875,2856.199951171875,2856.89990234375,2856.199951171875,2856.800048828125,159
2026-09-24 15:43:00-04:00,2856.800048828125,2856.800048828125,2857.0,2856.0,2856.199951171875,118
2026-09-24 15:44:00-04:00,2857.199951171875,2857.199951171875,2857.5,2856.699951171875,2856.800048828125,146
2026-09-24 15:45:00-04:00,2856.699951171875,2856.699951171875,2857.800048828125,2856.199951171875,2857.199951171875,386
2026-09-24 15:46:00-04:00,2856.300048828125,2856.300048828125,2856.800048828125,2855.60009765625,2856.800048828125,177
2026-09-24 15:47:00-04:00,2856.699951171875,2856.699951171875,2856.699951171875,2856.199951171875,2856.199951171875,200
2026-09-24 15:48:00-04:00,2856.5,2856.5,2856.800048828125,2855.89990234375,2856.699951171875,208
2026-09-24 15:49:00-04:00,2856.199951171875,2856.199951171875,2856.800048828125,2856.0,2856.39990234375,184
2026-09-24 15:50:00-04:00,2855.699951171875,2855.699951171875,2857.300048828125,2855.5,2856.199951171875,714
2026-09-24 15:51:00-04:00,2856.800048828125,2856.800048828125,2857.10009765625,2855.800048828125,2855.89990234375,347
2026-09-24 15:52:00-04:00,2857.300048828125,2857.300048828125,2857.39990234375,2856.10009765625,2856.699951171875,502
2026-09-24 15:53:00-04:00,2857.699951171875,2857.699951171875,2858.5,2857.10009765625,2857.300048828125,508
2026-09-24 15:54:00-04:00,2857.89990234375,2857.89990234375,2858.5,2857.300048828125,2857.699951171875,624
2026-09-24 15:55:00-04:00,2856.300048828125,2856.300048828125,2858.10009765625,2856.199951171875,2858.0,729
2026-09-24 15:56:00-04:00,2857.0,2857.0,2857.10009765625,2855.89990234375,2856.39990234375,625
2026-09-24 15:57:00-04:00,2856.89990234375,2856.89990234375,2857.800048828125,2856.699951171875,2857.10009765625,631
2026-09-24 15:58:00-04:00,2856.39990234375,2856.39990234375,2857.0,2856.10009765625,2857.0,831
2026-09-24 15:59:00-04:00,2856.699951171875,2856.699951171875,2857.39990234375,2855.800048828125,2856.39990234375,7636
2026-09-24 16:00:00-04:00,2856.5,2856.5,2857.199951171875,2856.300048828125,2856.699951171875,1582
2026-09-24 16:01:00-04:00,2855.60009765625,2855.60009765625,2856.5,2855.5,2856.39990234375,375
2026-09-24 16:02:00-04:00,2855.5,2855.5,2856.0,2855.199951171875,2855.699951171875,272
2026-09-24 16:03:00-04:00,2855.5,2855.5,2855.5,2854.89990234375,2855.5,183
2026-09-24 16:04:00-04:00,2856.10009765625,2856.10009765625,2856.10009765625,2855.39990234375,2855.5,134
2026-09-24 16:05:00-04:00,2856.0,2856.0,2856.300048828125,2855.89990234375,2856.0,237
2026-09-24 16:06:00-04:00,2856.0,2856.0,2856.10009765625,2855.89990234375,2855.89990234375,155
2026-09-24 16:07:00-04:00,2856.10009765625,2856.10009765625,2856.199951171875,2855.5,2856.10009765625,152
2026-09-24 16:08:00-04:00,2855.300048828125,2855.300048828125,2856.199951171875,2855.300048828125,2856.0,276
2026-09-24 16:09:00-04:00,2855.60009765625,2855.60009765625,2856.0,2855.39990234375,2855.39990234375,101
2026-09-24 16:10:00-04:00,2855.10009765625,2855.10009765625,2855.800048828125,2855.10009765625,2855.5,488
2026-09-24 16:11:00-04:00,2854.89990234375,2854.89990234375,2855.199951171875,2854.60009765625,2855.0,72
2026-09-24 16:12:00-04:00,2855.300048828125,2855.300048828125,2855.300048828125,2854.800048828125,2854.89990234375,108
2026-09-24 16:13:00-04:00,2854.699951171875,2854.699951171875,2855.300048828125,2854.60009765625,2855.300048828125,96
2026-09-24 16:14:00-04:00,2854.0,2854.0,2854.699951171875,2854.0,2854.60009765625,155
2026-09-24 16:15:00-04:00,2852.89990234375,2852.89990234375,2854.199951171875,2852.800048828125,2854.0,215
2026-09-24 16:16:00-04:00,2852.300048828125,2852.300048828125,2853.199951171875,2852.300048828125,2852.800048828125,112
2026-09-24 16:17:00-04:00,2852.10009765625,2852.10009765625,2852.800048828125,2852.10009765625,2852.39990234375,59
2026-09-24 16:18:00-04:00,2851.300048828125,2851.300048828125,2852.300048828125,2850.89990234375,2852.300048828125,213
2026-09-24 16:19:00-04:00,2851.5,2851.5,2851.800048828125,2851.39990234375,2851.39990234375,204
2026-09-24 16:20:00-04:00,2850.89990234375,2850.89990234375,2851.5,2850.39990234375,2851.39990234375,123
2026-09-24 16:21:00-04:00,2850.60009765625,2850.60009765625,2850.89990234375,2850.300048828125,2850.800048828125,164
2026-09-24 16:22:00-04:00,2850.89990234375,2850.89990234375,2851.0,2850.60009765625,2850.60009765625,68
2026-09-24 16:23:00-04:00,2850.699951171875,2850.699951171875,2851.10009765625,2850.60009765625,2850.89990234375,65
2026-09-24 16:24:00-04:00,2850.800048828125,2850.800048828125,2851.300048828125,2850.699951171875,2850.800048828125,62
2026-09-24 16:25:00-04:00,2851.10009765625,2851.10009765625,2851.10009765625,2850.10009765625,2850.60009765625,78
2026-09-24 16:26:00-04:00,2850.39990234375,2850.39990234375,2851.199951171875,2850.39990234375,2850.89990234375,84
2026-09-24 16:27:00-04:00,2850.39990234375,2850.39990234375,2850.60009765625,2850.199951171875,2850.5,64
2026-09-24 16:28:00-04:00,2850.10009765625,2850.10009765625,2850.800048828125,2850.10009765625,2850.5,125
2026-09-24 16:29:00-04:00,2849.89990234375,2849.89990234375,2850.10009765625,2849.60009765625,2850.10009765625,107
2026-09-24 16:30:00-04:00,2850.199951171875,2850.199951171875,2850.199951171875,2849.699951171875,2849.89990234375,82
2026-09-24 16:31:00-04:00,2850.199951171875,2850.199951171875,2850.300048828125,2849.800048828125,2850.0,74
2026-09-24 16:32:00-04:00,2850.199951171875,2850.199951171875,2850.39990234375,2850.199951171875,2850.199951171875,67
2026-09-24 16:33:00-04:00,2850.5,2850.5,2850.5,2850.199951171875,2850.199951171875,26
2026-09-24 16:34:00-04:00,2850.699951171875,2850.699951171875,2850.89990234375,2850.5,2850.5,29
2026-09-24 16:35:00-04:00,2850.800048828125,2850.800048828125,2851.0,2850.800048828125,2850.800048828125,64
2026-09-24 16:36:00-04:00,2851.300048828125,2851.300048828125,2851.300048828125,2850.800048828125,2850.89990234375,158
2026-09-24 16:37:00-04:00,2850.699951171875,2850.699951171875,2851.300048828125,2850.60009765625,2851.300048828125,29
2026-09-24 16:38:00-04:00,2850.800048828125,2850.800048828125,2851.0,2850.800048828125,2850.800048828125,31
2026-09-24 16:39:00-04:00,2851.199951171875,2851.199951171875,2851.199951171875,2850.800048828125,2850.89990234375,58
2026-09-24 16:40:00-04:00,2850.800048828125,2850.800048828125,2851.199951171875,2850.5,2851.199951171875,132
2026-09-24 16:41:00-04:00,2850.800048828125,2850.800048828125,2851.5,2850.800048828125,2850.89990234375,49
2026-09-24 16:42:00-04:00,2851.0,2851.0,2851.199951171875,2850.89990234375,2850.89990234375,22
2026-09-24 16:43:00-04:00,2851.800048828125,2851.800048828125,2851.800048828125,2851.199951171875,2851.199951171875,34
2026-09-24 16:44:00-04:00,2851.5,2851.5,2851.800048828125,2851.300048828125,2851.60009765625,49
2026-09-24 16:45:00-04:00,2851.800048828125,2851.800048828125,2851.800048828125,2851.5,2851.5,30
2026-09-24 16:46:00-04:00,2852.0,2852.0,2852.0,2851.699951171875,2851.800048828125,49
2026-09-24 16:47:00-04:00,2852.300048828125,2852.300048828125,2852.5,2852.10009765625,2852.199951171875,26
2026-09-24 16:48:00-04:00,2852.39990234375,2852.39990234375,2852.89990234375,2852.199951171875,2852.39990234375,83
2026-09-24 16:49:00-04:00,2852.699951171875,2852.699951171875,2852.800048828125,2852.5,2852.5,29
2026-09-24 16:50:00-04:00,2852.800048828125,2852.800048828125,2853.0,2852.5,2852.60009765625,44
2026-09-24 16:51:00-04:00,2853.10009765625,2853.10009765625,2853.10009765625,2852.800048828125,2852.89990234375,27
2026-09-24 16:52:00-04:00,2853.39990234375,2853.39990234375,2853.39990234375,2852.89990234375,2852.89990234375,77
2026-09-24 16:53:00-04:00,2853.199951171875,2853.199951171875,2853.39990234375,2853.199951171875,2853.39990234375,41
2026-09-24 16:54:00-04:00,2853.5,2853.5,2853.800048828125,2852.89990234375,2853.10009765625,145
2026-09-24 16:55:00-04:00,2854.300048828125,2854.300048828125,2854.300048828125,2853.60009765625,2853.699951171875,100
2026-09-24 16:56:00-04:00,2854.89990234375,2854.89990234375,2855.0,2853.89990234375,2854.199951171875,264
2026-09-24 16:57:00-04:00,2854.39990234375,2854.39990234375,2855.199951171875,2853.89990234375,2855.10009765625,111
2026-09-24 16:58:00-04:00,2854.39990234375,2854.39990234375,2855.0,2853.699951171875,2854.39990234375,366
2026-09-24 16:59:00-04:00,2854.39990234375,2854.39990234375,2855.0,2854.0,2854.39990234375,130
2026-09-24 18:00:00-04:00,2854.699951171875,2854.699951171875,2855.10009765625,2853.300048828125,2854.39990234375,0
2026-09-24 18:01:00-04:00,2855.199951171875,2855.199951171875,2855.199951171875,2854.800048828125,2855.10009765625,12
2026-09-24 18:02:00-04:00,2854.39990234375,2854.39990234375,2855.89990234375,2854.39990234375,2855.199951171875,35
2026-09-24 18:03:00-04:00,2855.39990234375,2855.39990234375,2855.5,2855.300048828125,2855.300048828125,13
2026-09-24 18:04:00-04:00,2855.199951171875,2855.199951171875,2855.89990234375,2855.10009765625,2855.199951171875,22
2026-09-24 18:05:00-04:00,2853.699951171875,2853.699951171875,2855.0,2853.199951171875,2854.89990234375,42
2026-09-24 18:06:00-04:00,2853.5,2853.5,2854.300048828125,2853.300048828125,2853.89990234375,51
2026-09-24 18:07:00-04:00,2854.800048828125,2854.800048828125,2855.10009765625,2853.699951171875,2853.699951171875,27
2026-09-24 18:08:00-04:00,2855.199951171875,2855.199951171875,2855.60009765625,2854.699951171875,2854.699951171875,43
2026-09-24 18:09:00-04:00,2855.300048828125,2855.300048828125,2855.39990234375,2855.10009765625,2855.10009765625,15
2026-09-24 18:10:00-04:00,2855.300048828125,2855.300048828125,2855.5,2855.300048828125,2855.39990234375,4
2026-09-24 18:11:00-04:00,2855.10009765625,2855.10009765625,2855.39990234375,2855.10009765625,2855.39990234375,3
2026-09-24 18:13:00-04:00,2854.5,2854.5,2855.10009765625,2854.5,2855.0,5
2026-09-24 18:14:00-04:00,2854.60009765625,2854.60009765625,2854.60009765625,2854.39990234375,2854.60009765625,9
2026-09-24 18:15:00-04:00,2854.60009765625,2854.60009765625,2854.60009765625,2854.39990234375,2854.5,18
2026-09-24 18:16:00-04:00,2854.10009765625,2854.10009765625,2854.39990234375,2854.0,2854.39990234375,8
2026-09-24 18:17:00-04:00,2854.199951171875,2854.199951171875,2854.199951171875,2854.199951171875,2854.199951171875,2
2026-09-24 18:19:00-04:00,2853.699951171875,2853.699951171875,2854.0,2853.699951171875,2854.0,11
2026-09-24 18:20:00-04:00,2854.0,2854.0,2854.0,2853.5,2853.5,16
2026-09-24 18:21:00-04:00,2853.39990234375,2853.39990234375,2853.89990234375,2853.300048828125,2853.89990234375,13
2026-09-24 18:22:00-04:00,2853.60009765625,2853.60009765625,2853.60009765625,2853.199951171875,2853.300048828125,6
2026-09-24 18:23:00-04:00,2853.60009765625,2853.60009765625,2853.800048828125,2853.60009765625,2853.699951171875,3
2026-09-24 18:24:00-04:00,2853.300048828125,2853.300048828125,2853.5,2853.300048828125,2853.5,12
2026-09-24 18:25:00-04:00,2853.10009765625,2853.10009765625,2853.300048828125,2852.89990234375,2853.0,14
2026-09-24 18:26:00-04:00,2852.89990234375,2852.89990234375,2853.10009765625,2852.60009765625,2853.0,13
2026-09-24 18:28:00-04:00,2852.800048828125,2852.800048828125,2852.800048828125,2852.800048828125,2852.800048828125,2
2026-09-24 18:29:00-04:00,2852.699951171875,2852.699951171875,2853.199951171875,2852.699951171875,2853.0,26
2026-09-24 18:30:00-04:00,2853.0,2853.0,2853.39990234375,2852.699951171875,2852.699951171875,31
2026-09-24 18:31:00-04:00,2853.0,2853.0,2853.10009765625,2853.0,2853.10009765625,4
2026-09-24 18:32:00-04:00,2852.300048828125,2852.300048828125,2852.699951171875,2852.300048828125,2852.60009765625,61
2026-09-24 18:33:00-04:00,2852.800048828125,2852.800048828125,2852.800048828125,2852.5,2852.5,6
2026-09-24 18:34:00-04:00,2852.89990234375,2852.89990234375,2853.0,2852.89990234375,2853.0,11
2026-09-24 18:35:00-04:00,2853.0,2853.0,2853.199951171875,2853.0,2853.0,8
2026-09-24 18:37:00-04:00,2853.0,2853.0,2853.199951171875,2853.0,2853.0,7
2026-09-24 18:39:00-04:00,2852.89990234375,2852.89990234375,2852.89990234375,2852.800048828125,2852.800048828125,3
2026-09-24 18:40:00-04:00,2853.10009765625,2853.10009765625,2853.10009765625,2852.800048828125,2852.800048828125,3
2026-09-24 18:41:00-04:00,2853.60009765625,2853.60009765625,2853.800048828125,2853.10009765625,2853.10009765625,21
2026-09-24 18:42:00-04:00,2853.5,2853.5,2853.699951171875,2853.5,2853.699951171875,5
2026-09-24 18:43:00-04:00,2853.60009765625,2853.60009765625,2853.699951171875,2853.60009765625,2853.699951171875,2
2026-09-24 18:44:00-04:00,2853.39990234375,2853.39990234375,2853.5,2853.39990234375,2853.5,3
2026-09-24 18:45:00-04:00,2853.39990234375,2853.39990234375,2853.39990234375,2853.300048828125,2853.300048828125,3
2026-09-24 18:46:00-04:00,2853.10009765625,2853.10009765625,2853.300048828125,2853.10009765625,2853.300048828125,3
2026-09-24 18:48:00-04:00,2853.0,2853.0,2853.0,2853.0,2853.0,1
2026-09-24 18:49:00-04:00,2853.300048828125,2853.300048828125,2853.300048828125,2853.199951171875,2853.199951171875,5
2026-09-24 18:50:00-04:00,2853.5,2853.5,2853.5,2853.5,2853.5,1
2026-09-24 18:51:00-04:00,2853.39990234375,2853.39990234375,2853.39990234375,2853.39990234375,2853.39990234375,2
2026-09-24 18:53:00-04:00,2853.300048828125,2853.300048828125,2853.300048828125,2853.300048828125,2853.300048828125,1
2026-09-24 18:54:00-04:00,2853.300048828125,2853.300048828125,2853.300048828125,2853.300048828125,2853.300048828125,2
2026-09-24 18:55:00-04:00,2853.199951171875,2853.199951171875,2853.300048828125,2853.199951171875,2853.300048828125,2
2026-09-24 18:56:00-04:00,2853.300048828125,2853.300048828125,2853.300048828125,2853.10009765625,2853.10009765625,5
2026-09-24 18:58:00-04:00,2853.39990234375,2853.39990234375,2853.5,2853.39990234375,2853.5,3
2026-09-24 18:59:00-04:00,2853.300048828125,2853.300048828125,2853.300048828125,2853.300048828125,2853.300048828125,1
2026-09-24 19:00:00-04:00,2853.39990234375,2853.39990234375,2853.60009765625,2853.10009765625,2853.199951171875,19
2026-09-24 19:01:00-04:00,2853.300048828125,2853.300048828125,2853.300048828125,2853.199951171875,2853.199951171875,2
2026-09-24 19:02:00-04:00,2852.89990234375,2852.89990234375,2853.39990234375,2852.89990234375,2853.39990234375,10
2026-09-24 19:03:00-04:00,2853.0,2853.0,2853.0,2852.800048828125,2852.800048828125,3
2026-09-24 19:05:00-04:00,2853.300048828125,2853.300048828125,2853.5,2853.300048828125,2853.39990234375,8
2026-09-24 19:06:00-04:00,2853.0,2853.0,2853.10009765625,2852.5,2853.10009765625,12
2026-09-24 19:07:00-04:00,2853.0,2853.0,2853.0,2853.0,2853.0,3
2026-09-24 19:08:00-04:00,2852.699951171875,2852.699951171875,2852.699951171875,2852.5,2852.5,2
2026-09-24 19:10:00-04:00,2852.300048828125,2852.300048828125,2852.5,2852.199951171875,2852.5,16
2026-09-24 19:11:00-04:00,2852.39990234375,2852.39990234375,2852.39990234375,2852.10009765625,2852.199951171875,14
2026-09-24 19:12:00-04:00,2852.300048828125,2852.300048828125,2852.39990234375,2852.300048828125,2852.39990234375,2
2026-09-24 19:13:00-04:00,2852.39990234375,2852.39990234375,2852.39990234375,2852.39990234375,2852.39990234375,3
2026-09-24 19:14:00-04:00,2852.60009765625,2852.60009765625,2852.60009765625,2852.60009765625,2852.60009765625,2
2026-09-24 19:15:00-04:00,2852.39990234375,2852.39990234375,2852.5,2852.300048828125,2852.5,6
2026-09-24 19:16:00-04:00,2852.5,2852.5,2852.5,2852.39990234375,2852.39990234375,6
2026-09-24 19:17:00-04:00,2852.699951171875,2852.699951171875,2852.89990234375,2852.5,2852.5,5
2026-09-24 19:18:00-04:00,2852.5,2852.5,2852.60009765625,2852.5,2852.60009765625,4
2026-09-24 19:19:00-04:00,2852.5,2852.5,2852.60009765625,2852.5,2852.60009765625,7
2026-09-24 19:20:00-04:00,2852.699951171875,2852.699951171875,2852.699951171875,2852.300048828125,2852.39990234375,8
2026-09-24 19:21:00-04:00,2852.5,2852.5,2852.5,2852.39990234375,2852.39990234375,6
2026-09-24 19:22:00-04:00,2852.5,2852.5,2852.60009765625,2852.5,2852.60009765625,2
2026-09-24 19:23:00-04:00,2852.60009765625,2852.60009765625,2852.60009765625,2852.60009765625,2852.60009765625,1
2026-09-24 19:24:00-04:00,2852.800048828125,2852.800048828125,2852.800048828125,2852.800048828125,2852.800048828125,2
2026-09-24 19:25:00-04:00,2852.5,2852.5,2852.5,2852.5,2852.5,1
2026-09-24 19:26:00-04:00,2852.39990234375,2852.39990234375,2852.5,2852.39990234375,2852.5,5
2026-09-24 19:27:00-04:00,2853.199951171875,2853.199951171875,2853.199951171875,2852.89990234375,2853.0,11
2026-09-24 19:28:00-04:00,2853.0,2853.0,2853.10009765625,2853.0,2853.10009765625,4
2026-09-24 19:29:00-04:00,2852.699951171875,2852.699951171875,2852.89990234375,2852.699951171875,2852.89990234375,4
2026-09-24 19:30:00-04:00,2853.199951171875,2853.199951171875,2853.199951171875,2852.800048828125,2852.800048828125,10
2026-09-24 19:31:00-04:00,2853.300048828125,2853.300048828125,2853.5,2853.199951171875,2853.199951171875,36
2026-09-24 19:32:00-04:00,2853.300048828125,2853.300048828125,2853.300048828125,2853.300048828125,2853.300048828125,5
2026-09-24 19:33:00-04:00,2853.5,2853.5,2853.699951171875,2853.39990234375,2853.5,88
2026-09-24 19:34:00-04:00,2853.5,2853.5,2853.699951171875,2853.5,2853.699951171875,5
2026-09-24 19:35:00-04:00,2853.39990234375,2853.39990234375,2853.5,2853.39990234375,2853.39990234375,6
2026-09-24 19:36:00-04:00,2854.0,2854.0,2854.10009765625,2853.60009765625,2853.60009765625,14
2026-09-24 19:37:00-04:00,2853.800048828125,2853.800048828125,2854.0,2853.800048828125,2854.0,10
2026-09-24 19:38:00-04:00,2854.10009765625,2854.10009765625,2854.10009765625,2853.699951171875,2853.89990234375,10
2026-09-24 19:39:00-04:00,2853.60009765625,2853.60009765625,2854.0,2853.5,2854.0,16
2026-09-24 19:40:00-04:00,2853.60009765625,2853.60009765625,2853.800048828125,2853.60009765625,2853.699951171875,6
2026-09-24 19:42:00-04:00,2854.0,2854.0,2854.10009765625,2853.5,2853.5,5
2026-09-24 19:43:00-04:00,2853.300048828125,2853.300048828125,2853.699951171875,2853.300048828125,2853.699951171875,6
2026-09-24 19:44:00-04:00,2852.89990234375,2852.89990234375,2853.10009765625,2852.89990234375,2853.0,8
2026-09-24 19:45:00-04:00,2853.199951171875,2853.199951171875,2853.300048828125,2852.800048828125,2852.89990234375,9
2026-09-24 19:46:00-04:00,2853.199951171875,2853.199951171875,2853.39990234375,2853.199951171875,2853.39990234375,6
2026-09-24 19:47:00-04:00,2853.10009765625,2853.10009765625,2853.10009765625,2853.0,2853.0,2
2026-09-24 19:48:00-04:00,2852.699951171875,2852.699951171875,2853.300048828125,2852.699951171875,2852.89990234375,11
2026-09-24 19:49:00-04:00,2852.89990234375,2852.89990234375,2853.10009765625,2852.699951171875,2852.699951171875,22
2026-09-24 19:50:00-04:00,2852.699951171875,2852.699951171875,2852.89990234375,2852.699951171875,2852.89990234375,4
2026-09-24 19:51:00-04:00,2851.5,2851.5,2852.39990234375,2851.199951171875,2852.39990234375,26
2026-09-24 19:52:00-04:00,2852.0,2852.0,2852.0,2851.699951171875,2851.699951171875,7
2026-09-24 19:53:00-04:00,2851.699951171875,2851.699951171875,2851.699951171875,2851.39990234375,2851.39990234375,3
2026-09-24 19:54:00-04:00,2851.699951171875,2851.699951171875,2851.800048828125,2851.699951171875,2851.800048828125,3
2026-09-24 19:55:00-04:00,2851.39990234375,2851.39990234375,2851.60009765625,2851.39990234375,2851.5,61
2026-09-24 19:56:00-04:00,2851.800048828125,2851.800048828125,2851.800048828125,2851.5,2851.5,3
2026-09-24 19:57:00-04:00,2851.39990234375,2851.39990234375,2851.60009765625,2851.39990234375,2851.60009765625,13
2026-09-24 19:58:00-04:00,2851.199951171875,2851.199951171875,2851.300048828125,2851.199951171875,2851.300048828125,3
2026-09-24 19:59:00-04:00,2851.39990234375,2851.39990234375,2851.39990234375,2851.10009765625,2851.199951171875,6
2026-09-24 20:00:00-04:00,2851.60009765625,2851.60009765625,2852.0,2851.199951171875,2851.199951171875,23
2026-09-24 20:01:00-04:00,2851.60009765625,2851.60009765625,2851.699951171875,2851.60009765625,2851.60009765625,5
2026-09-24 20:02:00-04:00,2851.300048828125,2851.300048828125,2851.699951171875,2851.300048828125,2851.699951171875,11
2026-09-24 20:03:00-04:00,2852.199951171875,2852.199951171875,2852.300048828125,2851.39990234375,2851.39990234375,33
2026-09-24 20:04:00-04:00,2852.60009765625,2852.60009765625,2853.0,2852.199951171875,2852.300048828125,16
2026-09-24 20:05:00-04:00,2852.60009765625,2852.60009765625,2852.60009765625,2852.199951171875,2852.199951171875,5
2026-09-24 20:06:00-04:00,2851.5,2851.5,2852.199951171875,2851.39990234375,2852.199951171875,10
2026-09-24 20:07:00-04:00,2851.5,2851.5,2851.5,2851.0,2851.39990234375,7
2026-09-24 20:08:00-04:00,2851.800048828125,2851.800048828125,2851.89990234375,2851.60009765625,2851.60009765625,3
2026-09-24 20:10:00-04:00,2852.199951171875,2852.199951171875,2852.199951171875,2851.699951171875,2851.89990234375,23
2026-09-24 20:11:00-04:00,2851.89990234375,2851.89990234375,2852.300048828125,2851.800048828125,2852.300048828125,5
2026-09-24 20:12:00-04:00,2851.800048828125,2851.800048828125,2851.89990234375,2851.800048828125,2851.800048828125,5
2026-09-24 20:13:00-04:00,2852.199951171875,2852.199951171875,2852.199951171875,2851.699951171875,2851.699951171875,26
2026-09-24 20:14:00-04:00,2851.800048828125,2851.800048828125,2852.39990234375,2851.800048828125,2852.300048828125,14
2026-09-24 20:15:00-04:00,2852.199951171875,2852.199951171875,2852.199951171875,2851.0,2851.89990234375,26
2026-09-24 20:16:00-04:00,2852.60009765625,2852.60009765625,2852.60009765625,2852.0,2852.39990234375,15
2026-09-24 20:17:00-04:00,2852.699951171875,2852.699951171875,2853.10009765625,2852.60009765625,2852.699951171875,15
2026-09-24 20:18:00-04:00,2852.800048828125,2852.800048828125,2853.0,2852.60009765625,2852.60009765625,9
2026-09-24 20:19:00-04:00,2853.10009765625,2853.10009765625,2853.10009765625,2853.0,2853.0,3
2026-09-24 20:20:00-04:00,2853.60009765625,2853.60009765625,2854.10009765625,2852.800048828125,2853.10009765625,30
2026-09-24 20:21:00-04:00,2853.60009765625,2853.60009765625,2854.10009765625,2853.5,2853.699951171875,12
2026-09-24 20:22:00-04:00,2854.699951171875,2854.699951171875,2854.699951171875,2853.60009765625,2853.60009765625,27
2026-09-24 20:23:00-04:00,2854.60009765625,2854.60009765625,2855.0,2854.60009765625,2854.699951171875,12
2026-09-24 20:24:00-04:00,2854.199951171875,2854.199951171875,2854.60009765625,2854.199951171875,2854.39990234375,8
2026-09-24 20:25:00-04:00,2853.5,2853.5,2854.10009765625,2853.5,2854.10009765625,7
2026-09-24 20:26:00-04:00,2853.5,2853.5,2854.10009765625,2853.5,2854.10009765625,2
2026-09-24 20:27:00-04:00,2853.5,2853.5,2853.5,2853.39990234375,2853.39990234375,4
2026-09-24 20:28:00-04:00,2854.0,2854.0,2854.10009765625,2853.89990234375,2854.0,6
2026-09-24 20:29:00-04:00,2853.699951171875,2853.699951171875,2854.199951171875,2853.699951171875,2854.0,30
2026-09-24 20:30:00-04:00,2853.5,2853.5,2853.800048828125,2853.39990234375,2853.800048828125,7
2026-09-24 20:31:00-04:00,2853.0,2853.0,2853.0,2853.0,2853.0,2
2026-09-24 20:32:00-04:00,2852.699951171875,2852.699951171875,2853.300048828125,2852.699951171875,2853.199951171875,9
2026-09-24 20:33:00-04:00,2853.10009765625,2853.10009765625,2853.10009765625,2853.10009765625,2853.10009765625,25
2026-09-24 20:34:00-04:00,2852.699951171875,2852.699951171875,2852.89990234375,2852.699951171875,2852.89990234375,3
2026-09-24 20:35:00-04:00,2852.800048828125,2852.800048828125,2853.0,2852.800048828125,2853.0,2
2026-09-24 20:36:00-04:00,2852.199951171875,2852.199951171875,2852.199951171875,2852.199951171875,2852.199951171875,1
2026-09-24 20:37:00-04:00,2852.0,2852.0,2852.699951171875,2852.0,2852.5,4
2026-09-24 20:38:00-04:00,2851.300048828125,2851.300048828125,2851.800048828125,2851.300048828125,2851.800048828125,8
2026-09-24 20:39:00-04:00,2851.60009765625,2851.60009765625,2851.60009765625,2851.199951171875,2851.199951171875,3
2026-09-24 20:40:00-04:00,2852.10009765625,2852.10009765625,2852.10009765625,2851.5,2851.5,22
2026-09-24 20:41:00-04:00,2851.60009765625,2851.60009765625,2851.699951171875,2851.300048828125,2851.699951171875,9
2026-09-24 20:42:00-04:00,2852.10009765625,2852.10009765625,2852.10009765625,2851.39990234375,2851.60009765625,11
2026-09-24 20:43:00-04:00,2852.199951171875,2852.199951171875,2852.39990234375,2852.10009765625,2852.10009765625,9
2026-09-24 20:44:00-04:00,2852.0,2852.0,2852.10009765625,2852.0,2852.10009765625,3
2026-09-24 20:45:00-04:00,2851.89990234375,2851.89990234375,2852.300048828125,2851.89990234375,2852.199951171875,7
2026-09-24 20:46:00-04:00,2852.10009765625,2852.10009765625,2852.39990234375,2852.10009765625,2852.300048828125,7
2026-09-24 20:47:00-04:00,2852.10009765625,2852.10009765625,2852.5,2852.10009765625,2852.39990234375,7
2026-09-24 20:48:00-04:00,2852.800048828125,2852.800048828125,2852.800048828125,2852.300048828125,2852.300048828125,6
2026-09-24 20:49:00-04:00,2853.0,2853.0,2853.0,2852.800048828125,2852.800048828125,8
2026-09-24 20:50:00-04:00,2852.800048828125,2852.800048828125,2853.10009765625,2852.800048828125,2853.0,4
2026-09-24 20:51:00-04:00,2852.199951171875,2852.199951171875,2852.300048828125,2852.10009765625,2852.300048828125,3
2026-09-24 20:52:00-04:00,2852.39990234375,2852.39990234375,2852.5,2851.89990234375,2852.0,9
2026-09-24 20:53:00-04:00,2852.800048828125,2852.800048828125,2852.800048828125,2852.60009765625,2852.60009765625,4
2026-09-24 20:54:00-04:00,2853.10009765625,2853.10009765625,2853.199951171875,2853.0,2853.0,7
2026-09-24 20:55:00-04:00,2852.89990234375,2852.89990234375,2853.199951171875,2852.800048828125,2852.800048828125,8
2026-09-24 20:56:00-04:00,2853.0,2853.0,2853.0,2852.5,2852.699951171875,5
2026-09-24 20:57:00-04:00,2852.39990234375,2852.39990234375,2852.800048828125,2852.39990234375,2852.800048828125,22
2026-09-24 20:58:00-04:00,2852.800048828125,2852.800048828125,2852.89990234375,2852.199951171875,2852.199951171875,6
2026-09-24 21:00:00-04:00,2851.699951171875,2851.699951171875,2852.39990234375,2851.60009765625,2852.300048828125,9
2026-09-24 21:01:00-04:00,2852.300048828125,2852.300048828125,2852.300048828125,2852.0,2852.0,10
2026-09-24 21:02:00-04:00,2852.39990234375,2852.39990234375,2852.5,2852.39990234375,2852.39990234375,4
2026-09-24 21:03:00-04:00,2852.10009765625,2852.10009765625,2852.199951171875,2852.10009765625,2852.199951171875,3
2026-09-24 21:04:00-04:00,2852.199951171875,2852.199951171875,2852.300048828125,2852.199951171875,2852.199951171875,4
2026-09-24 21:05:00-04:00,2851.199951171875,2851.199951171875,2851.89990234375,2851.199951171875,2851.89990234375,15
2026-09-24 21:06:00-04:00,2851.39990234375,2851.39990234375,2851.5,2851.0,2851.10009765625,12
2026-09-24 21:07:00-04:00,2851.5,2851.5,2851.89990234375,2851.5,2851.60009765625,10
2026-09-24 21:08:00-04:00,2851.89990234375,2851.89990234375,2852.199951171875,2851.89990234375,2852.0,9
2026-09-24 21:09:00-04:00,2852.0,2852.0,2852.0,2851.800048828125,2852.0,5
2026-09-24 21:10:00-04:00,2853.39990234375,2853.39990234375,2853.5,2851.800048828125,2851.800048828125,22
2026-09-24 21:11:00-04:00,2854.89990234375,2854.89990234375,2855.0,2853.60009765625,2853.60009765625,38
2026-09-24 21:12:00-04:00,2853.800048828125,2853.800048828125,2855.199951171875,2853.800048828125,2855.10009765625,31
2026-09-24 21:13:00-04:00,2854.699951171875,2854.699951171875,2854.699951171875,2854.10009765625,2854.10009765625,10
2026-09-24 21:14:00-04:00,2854.800048828125,2854.800048828125,2855.39990234375,2854.699951171875,2854.800048828125,54
2026-09-24 21:15:00-04:00,2854.300048828125,2854.300048828125,2854.5,2853.89990234375,2854.5,70
2026-09-24 21:16:00-04:00,2854.300048828125,2854.300048828125,2854.39990234375,2853.60009765625,2854.39990234375,78
2026-09-24 21:17:00-04:00,2855.699951171875,2855.699951171875,2856.0,2854.39990234375,2854.39990234375,42
2026-09-24 21:18:00-04:00,2855.699951171875,2855.699951171875,2855.89990234375,2855.60009765625,2855.699951171875,45
2026-09-24 21:19:00-04:00,2855.89990234375,2855.89990234375,2856.0,2855.39990234375,2855.699951171875,161
2026-09-24 21:20:00-04:00,2856.60009765625,2856.60009765625,2857.199951171875,2855.699951171875,2855.89990234375,152
2026-09-24 21:21:00-04:00,2857.60009765625,2857.60009765625,2857.699951171875,2856.60009765625,2856.60009765625,53
2026-09-24 21:22:00-04:00,2857.89990234375,2857.89990234375,2857.89990234375,2857.5,2857.699951171875,76
2026-09-24 21:23:00-04:00,2857.60009765625,2857.60009765625,2858.0,2857.39990234375,2857.5,11
2026-09-24 21:24:00-04:00,2857.60009765625,2857.60009765625,2857.60009765625,2857.5,2857.5,4
2026-09-24 21:25:00-04:00,2858.10009765625,2858.10009765625,2858.300048828125,2857.60009765625,2857.699951171875,33
2026-09-24 21:26:00-04:00,2858.10009765625,2858.10009765625,2858.5,2858.10009765625,2858.199951171875,30
2026-09-24 21:27:00-04:00,2858.699951171875,2858.699951171875,2859.10009765625,2858.0,2858.0,35
2026-09-24 21:28:00-04:00,2858.10009765625,2858.10009765625,2858.60009765625,2858.10009765625,2858.5,20
2026-09-24 21:29:00-04:00,2857.89990234375,2857.89990234375,2858.199951171875,2857.89990234375,2858.10009765625,7
2026-09-24 21:30:00-04:00,2856.89990234375,2856.89990234375,2857.699951171875,2856.699951171875,2857.699951171875,10
2026-09-24 21:31:00-04:00,2856.10009765625,2856.10009765625,2856.699951171875,2855.89990234375,2856.699951171875,28
2026-09-24 21:32:00-04:00,2857.0,2857.0,2857.10009765625,2856.199951171875,2856.199951171875,10
2026-09-24 21:33:00-04:00,2856.89990234375,2856.89990234375,2856.89990234375,2856.699951171875,2856.800048828125,9
2026-09-24 21:34:00-04:00,2856.5,2856.5,2856.60009765625,2856.39990234375,2856.60009765625,5
2026-09-24 21:35:00-04:00,2856.699951171875,2856.699951171875,2856.699951171875,2855.800048828125,2855.89990234375,19
2026-09-24 21:36:00-04:00,2856.800048828125,2856.800048828125,2857.0,2856.60009765625,2856.699951171875,18
2026-09-24 21:37:00-04:00,2857.199951171875,2857.199951171875,2857.199951171875,2856.800048828125,2856.800048828125,15
2026-09-24 21:38:00-04:00,2857.199951171875,2857.199951171875,2857.199951171875,2857.199951171875,2857.199951171875,2
2026-09-24 21:39:00-04:00,2858.10009765625,2858.10009765625,2858.10009765625,2857.60009765625,2857.60009765625,2
2026-09-24 21:40:00-04:00,2857.60009765625,2857.60009765625,2858.0,2857.60009765625,2858.0,7
2026-09-24 21:41:00-04:00,2857.699951171875,2857.699951171875,2858.10009765625,2857.60009765625,2857.699951171875,15
2026-09-24 21:42:00-04:00,2858.10009765625,2858.10009765625,2858.10009765625,2857.800048828125,2857.800048828125,2
2026-09-24 21:43:00-04:00,2858.10009765625,2858.10009765625,2858.10009765625,2857.800048828125,2857.800048828125,4
2026-09-24 21:44:00-04:00,2857.60009765625,2857.60009765625,2858.10009765625,2857.60009765625,2858.10009765625,8
2026-09-24 21:45:00-04:00,2857.60009765625,2857.60009765625,2857.800048828125,2857.39990234375,2857.699951171875,8
2026-09-24 21:46:00-04:00,2857.39990234375,2857.39990234375,2857.5,2857.300048828125,2857.5,5
2026-09-24 21:47:00-04:00,2856.89990234375,2856.89990234375,2857.800048828125,2856.89990234375,2857.699951171875,27
2026-09-24 21:48:00-04:00,2856.5,2856.5,2856.89990234375,2856.5,2856.800048828125,8
2026-09-24 21:49:00-04:00,2857.10009765625,2857.10009765625,2857.10009765625,2856.699951171875,2856.699951171875,6
2026-09-24 21:50:00-04:00,2856.800048828125,2856.800048828125,2856.800048828125,2856.5,2856.5,4
2026-09-24 21:51:00-04:00,2856.10009765625,2856.10009765625,2856.699951171875,2855.800048828125,2856.699951171875,8
2026-09-24 21:52:00-04:00,2856.39990234375,2856.39990234375,2856.60009765625,2856.300048828125,2856.300048828125,7
2026-09-24 21:53:00-04:00,2855.800048828125,2855.800048828125,2856.10009765625,2855.800048828125,2856.10009765625,10
2026-09-24 21:54:00-04:00,2855.699951171875,2855.699951171875,2855.699951171875,2855.699951171875,2855.699951171875,1
2026-09-24 21:55:00-04:00,2855.699951171875,2855.699951171875,2855.699951171875,2855.699951171875,2855.699951171875,1
2026-09-24 21:56:00-04:00,2855.800048828125,2855.800048828125,2856.0,2855.39990234375,2855.60009765625,11
2026-09-24 21:57:00-04:00,2855.39990234375,2855.39990234375,2855.699951171875,2855.199951171875,2855.699951171875,7
2026-09-24 21:58:00-04:00,2855.89990234375,2855.89990234375,2855.89990234375,2855.300048828125,2855.300048828125,15
2026-09-24 21:59:00-04:00,2856.60009765625,2856.60009765625,2856.60009765625,2856.10009765625,2856.10009765625,13
2026-09-24 22:00:00-04:00,2856.89990234375,2856.89990234375,2857.10009765625,2856.800048828125,2856.800048828125,6
2026-09-24 22:01:00-04:00,2856.699951171875,2856.699951171875,2857.39990234375,2856.699951171875,2857.10009765625,6
2026-09-24 22:02:00-04:00,2856.800048828125,2856.800048828125,2857.199951171875,2856.699951171875,2856.699951171875,15
2026-09-24 22:04:00-04:00,2856.800048828125,2856.800048828125,2857.10009765625,2856.60009765625,2856.699951171875,17
2026-09-24 22:05:00-04:00,2856.60009765625,2856.60009765625,2856.800048828125,2856.60009765625,2856.800048828125,5
2026-09-24 22:06:00-04:00,2856.89990234375,2856.89990234375,2857.0,2856.60009765625,2856.699951171875,7
2026-09-24 22:07:00-04:00,2857.199951171875,2857.199951171875,2857.39990234375,2857.199951171875,2857.300048828125,13
2026-09-24 22:08:00-04:00,2857.0,2857.0,2857.199951171875,2857.0,2857.199951171875,2
2026-09-24 22:09:00-04:00,2857.300048828125,2857.300048828125,2857.300048828125,2857.10009765625,2857.10009765625,3
2026-09-24 22:10:00-04:00,2857.60009765625,2857.60009765625,2857.89990234375,2857.5,2857.5,23
2026-09-24 22:11:00-04:00,2857.699951171875,2857.699951171875,2857.699951171875,2857.5,2857.5,14
2026-09-24 22:12:00-04:00,2857.5,2857.5,2857.60009765625,2857.300048828125,2857.5,18
2026-09-24 22:13:00-04:00,2857.0,2857.0,2857.5,2857.0,2857.39990234375,12
2026-09-24 22:14:00-04:00,2857.0,2857.0,2857.5,2857.0,2857.199951171875,30
2026-09-24 22:15:00-04:00,2857.699951171875,2857.699951171875,2857.699951171875,2857.199951171875,2857.199951171875,5
2026-09-24 22:16:00-04:00,2857.699951171875,2857.699951171875,2857.800048828125,2857.60009765625,2857.800048828125,10
2026-09-24 22:17:00-04:00,2857.699951171875,2857.699951171875,2857.699951171875,2857.39990234375,2857.60009765625,10
2026-09-24 22:18:00-04:00,2857.699951171875,2857.699951171875,2857.800048828125,2857.60009765625,2857.800048828125,7
2026-09-24 22:19:00-04:00,2857.699951171875,2857.699951171875,2857.800048828125,2857.60009765625,2857.800048828125,3
2026-09-24 22:20:00-04:00,2857.699951171875,2857.699951171875,2857.699951171875,2857.60009765625,2857.60009765625,9
2026-09-24 22:21:00-04:00,2858.199951171875,2858.199951171875,2858.199951171875,2857.699951171875,2857.699951171875,15
2026-09-24 22:22:00-04:00,2857.60009765625,2857.60009765625,2858.199951171875,2857.5,2858.199951171875,4
2026-09-24 22:23:00-04:00,2857.300048828125,2857.300048828125,2857.39990234375,2857.300048828125,2857.39990234375,2
2026-09-24 22:24:00-04:00,2857.199951171875,2857.199951171875,2857.5,2857.199951171875,2857.5,13
2026-09-24 22:25:00-04:00,2857.10009765625,2857.10009765625,2857.10009765625,2857.10009765625,2857.10009765625,4
2026-09-24 22:26:00-04:00,2857.199951171875,2857.199951171875,2857.199951171875,2857.0,2857.10009765625,9
2026-09-24 22:27:00-04:00,2856.800048828125,2856.800048828125,2857.199951171875,2856.699951171875,2857.199951171875,8
2026-09-24 22:28:00-04:00,2856.199951171875,2856.199951171875,2856.800048828125,2856.199951171875,2856.699951171875,7
2026-09-24 22:29:00-04:00,2855.800048828125,2855.800048828125,2856.10009765625,2855.699951171875,2856.10009765625,5
2026-09-24 22:30:00-04:00,2855.5,2855.5,2855.800048828125,2855.5,2855.800048828125,9
2026-09-24 22:31:00-04:00,2855.60009765625,2855.60009765625,2855.800048828125,2855.39990234375,2855.5,19
2026-09-24 22:32:00-04:00,2855.39990234375,2855.39990234375,2855.39990234375,2855.39990234375,2855.39990234375,3
2026-09-24 22:34:00-04:00,2854.699951171875,2854.699951171875,2855.0,2854.60009765625,2855.0,7
2026-09-24 22:35:00-04:00,2854.60009765625,2854.60009765625,2854.60009765625,2854.5,2854.5,4
2026-09-24 22:36:00-04:00,2854.60009765625,2854.60009765625,2855.0,2854.5,2854.5,12
2026-09-24 22:37:00-04:00,2854.60009765625,2854.60009765625,2854.60009765625,2854.5,2854.5,3
2026-09-24 22:38:00-04:00,2854.699951171875,2854.699951171875,2854.699951171875,2854.199951171875,2854.199951171875,8
2026-09-24 22:39:00-04:00,2855.199951171875,2855.199951171875,2855.199951171875,2855.10009765625,2855.10009765625,3
2026-09-24 22:40:00-04:00,2855.60009765625,2855.60009765625,2855.60009765625,2855.39990234375,2855.39990234375,4
2026-09-24 22:41:00-04:00,2855.800048828125,2855.800048828125,2855.89990234375,2855.60009765625,2855.60009765625,5
2026-09-24 22:42:00-04:00,2855.89990234375,2855.89990234375,2855.89990234375,2855.60009765625,2855.60009765625,6
2026-09-24 22:43:00-04:00,2856.60009765625,2856.60009765625,2856.60009765625,2856.0,2856.0,17
2026-09-24 22:44:00-04:00,2856.5,2856.5,2856.89990234375,2856.5,2856.60009765625,7
2026-09-24 22:45:00-04:00,2856.5,2856.5,2856.5,2856.5,2856.5,1
2026-09-24 22:46:00-04:00,2855.10009765625,2855.10009765625,2856.39990234375,2855.10009765625,2856.39990234375,21
2026-09-24 22:47:00-04:00,2855.39990234375,2855.39990234375,2855.60009765625,2855.199951171875,2855.199951171875,3
2026-09-24 22:50:00-04:00,2855.10009765625,2855.10009765625,2855.199951171875,2855.0,2855.199951171875,20
2026-09-24 22:51:00-04:00,2855.39990234375,2855.39990234375,2855.60009765625,2855.199951171875,2855.5,14
2026-09-24 22:52:00-04:00,2855.300048828125,2855.300048828125,2855.300048828125,2855.10009765625,2855.10009765625,2
2026-09-24 22:53:00-04:00,2855.800048828125,2855.800048828125,2855.800048828125,2855.5,2855.5,2
2026-09-24 22:54:00-04:00,2856.10009765625,2856.10009765625,2856.10009765625,2855.699951171875,2855.89990234375,7
2026-09-24 22:55:00-04:00,2856.199951171875,2856.199951171875,2856.300048828125,2856.10009765625,2856.10009765625,4
2026-09-24 22:56:00-04:00,2856.199951171875,2856.199951171875,2856.60009765625,2856.199951171875,2856.60009765625,5
2026-09-24 22:57:00-04:00,2856.10009765625,2856.10009765625,2856.10009765625,2856.0,2856.0,2
2026-09-24 22:58:00-04:00,2856.5,2856.5,2856.5,2856.10009765625,2856.10009765625,3
2026-09-24 23:00:00-04:00,2857.10009765625,2857.10009765625,2857.10009765625,2856.89990234375,2856.89990234375,4
2026-09-24 23:01:00-04:00,2856.800048828125,2856.800048828125,2857.300048828125,2856.800048828125,2857.300048828125,9
2026-09-24 23:02:00-04:00,2857.0,2857.0,2857.0,2856.699951171875,2856.699951171875,4
2026-09-24 23:03:00-04:00,2856.89990234375,2856.89990234375,2856.89990234375,2856.800048828125,2856.800048828125,12
2026-09-24 23:05:00-04:00,2857.699951171875,2857.699951171875,2857.699951171875,2857.60009765625,2857.60009765625,2
2026-09-24 23:06:00-04:00,2858.699951171875,2858.699951171875,2858.699951171875,2858.300048828125,2858.300048828125,10
2026-09-24 23:07:00-04:00,2859.300048828125,2859.300048828125,2859.300048828125,2858.5,2858.5,9
2026-09-24 23:08:00-04:00,2859.39990234375,2859.39990234375,2859.39990234375,2859.199951171875,2859.199951171875,26
2026-09-24 23:09:00-04:00,2858.699951171875,2858.699951171875,2859.300048828125,2858.5,2859.300048828125,25
2026-09-24 23:10:00-04:00,2858.39990234375,2858.39990234375,2858.699951171875,2858.300048828125,2858.699951171875,13
2026-09-24 23:11:00-04:00,2858.699951171875,2858.699951171875,2858.699951171875,2858.300048828125,2858.300048828125,2
2026-09-24 23:12:00-04:00,2858.699951171875,2858.699951171875,2858.800048828125,2858.699951171875,2858.800048828125,2
2026-09-24 23:13:00-04:00,2858.39990234375,2858.39990234375,2858.60009765625,2858.39990234375,2858.60009765625,3
2026-09-24 23:14:00-04:00,2858.199951171875,2858.199951171875,2858.199951171875,2858.199951171875,2858.199951171875,4
2026-09-24 23:15:00-04:00,2859.10009765625,2859.10009765625,2859.199951171875,2858.60009765625,2858.60009765625,16
2026-09-24 23:16:00-04:00,2859.5,2859.5,2859.699951171875,2859.199951171875,2859.199951171875,26
2026-09-24 23:17:00-04:00,2858.800048828125,2858.800048828125,2859.199951171875,2858.800048828125,2859.199951171875,5
2026-09-24 23:18:00-04:00,2859.0,2859.0,2859.0,2858.89990234375,2858.89990234375,2
2026-09-24 23:21:00-04:00,2859.39990234375,2859.39990234375,2860.10009765625,2859.39990234375,2859.60009765625,40
2026-09-24 23:22:00-04:00,2859.60009765625,2859.60009765625,2859.60009765625,2859.5,2859.5,2
2026-09-24 23:25:00-04:00,2858.89990234375,2858.89990234375,2859.300048828125,2858.89990234375,2859.300048828125,9
2026-09-24 23:26:00-04:00,2858.89990234375,2858.89990234375,2859.199951171875,2858.89990234375,2858.89990234375,12
2026-09-24 23:27:00-04:00,2859.0,2859.0,2859.10009765625,2859.0,2859.10009765625,3
2026-09-24 23:28:00-04:00,2858.89990234375,2858.89990234375,2859.10009765625,2858.89990234375,2859.10009765625,2
2026-09-24 23:29:00-04:00,2858.699951171875,2858.699951171875,2858.699951171875,2858.5,2858.5,3
2026-09-24 23:30:00-04:00,2858.800048828125,2858.800048828125,2858.800048828125,2858.60009765625,2858.699951171875,10
2026-09-24 23:31:00-04:00,2858.300048828125,2858.300048828125,2858.89990234375,2858.300048828125,2858.89990234375,10
2026-09-24 23:32:00-04:00,2858.300048828125,2858.300048828125,2858.5,2858.10009765625,2858.10009765625,4
2026-09-24 23:33:00-04:00,2858.300048828125,2858.300048828125,2858.300048828125,2858.300048828125,2858.300048828125,1
2026-09-24 23:34:00-04:00,2858.5,2858.5,2858.800048828125,2858.5,2858.699951171875,5
2026-09-24 23:35:00-04:00,2858.60009765625,2858.60009765625,2858.60009765625,2858.300048828125,2858.300048828125,2
2026-09-24 23:36:00-04:00,2857.5,2857.5,2858.300048828125,2857.5,2858.300048828125,5
2026-09-24 23:37:00-04:00,2858.199951171875,2858.199951171875,2858.199951171875,2857.39990234375,2857.39990234375,9
2026-09-24 23:38:00-04:00,2858.10009765625,2858.10009765625,2858.199951171875,2858.10009765625,2858.199951171875,4
2026-09-24 23:39:00-04:00,2858.0,2858.0,2858.0,2858.0,2858.0,3
2026-09-24 23:40:00-04:00,2858.199951171875,2858.199951171875,2858.199951171875,2858.10009765625,2858.10009765625,3
2026-09-24 23:41:00-04:00,2857.699951171875,2857.699951171875,2858.5,2857.699951171875,2858.300048828125,23
2026-09-24 23:42:00-04:00,2857.800048828125,2857.800048828125,2857.800048828125,2857.800048828125,2857.800048828125,2
2026-09-24 23:43:00-04:00,2857.60009765625,2857.60009765625,2857.60009765625,2857.60009765625,2857.60009765625,2
2026-09-24 23:44:00-04:00,2857.0,2857.0,2857.5,2857.0,2857.5,6
2026-09-24 23:45:00-04:00,2856.800048828125,2856.800048828125,2857.0,2856.5,2856.800048828125,14
2026-09-24 23:46:00-04:00,2856.699951171875,2856.699951171875,2857.0,2856.60009765625,2857.0,8
2026-09-24 23:47:00-04:00,2857.0,2857.0,2857.0,2857.0,2857.0,2
2026-09-24 23:48:00-04:00,2857.199951171875,2857.199951171875,2857.199951171875,2857.10009765625,2857.10009765625,2
2026-09-24 23:49:00-04:00,2857.199951171875,2857.199951171875,2857.199951171875,2856.89990234375,2856.89990234375,3
2026-09-24 23:50:00-04:00,2857.199951171875,2857.199951171875,2857.199951171875,2857.199951171875,2857.199951171875,1
2026-09-24 23:51:00-04:00,2857.199951171875,2857.199951171875,2857.39990234375,2857.199951171875,2857.199951171875,9
2026-09-24 23:52:00-04:00,2857.60009765625,2857.60009765625,2857.60009765625,2857.199951171875,2857.199951171875,4
2026-09-24 23:53:00-04:00,2857.5,2857.5,2857.60009765625,2857.39990234375,2857.60009765625,3
2026-09-24 23:56:00-04:00,2857.5,2857.5,2857.60009765625,2857.300048828125,2857.5,10
2026-09-24 23:57:00-04:00,2857.800048828125,2857.800048828125,2857.800048828125,2857.699951171875,2857.699951171875,4
2026-09-25 00:11:00-04:00,2856.89990234375,2856.89990234375,2856.89990234375,2856.89990234375,2856.89990234375,1
2026-09-25 00:13:00-04:00,2857.300048828125,2857.300048828125,2857.300048828125,2857.300048828125,2857.300048828125,1
2026-09-25 00:14:00-04:00,2856.699951171875,2856.699951171875,2856.89990234375,2856.699951171875,2856.89990234375,8
2026-09-25 00:15:00-04:00,2856.699951171875,2856.699951171875,2857.199951171875,2856.60009765625,2856.60009765625,16
2026-09-25 00:16:00-04:00,2856.60009765625,2856.60009765625,2856.800048828125,2856.39990234375,2856.800048828125,10
2026-09-25 00:17:00-04:00,2856.699951171875,2856.699951171875,2856.699951171875,2856.699951171875,2856.699951171875,1
2026-09-25 00:18:00-04:00,2856.39990234375,2856.39990234375,2856.5,2856.39990234375,2856.5,2
2026-09-25 00:19:00-04:00,2856.199951171875,2856.199951171875,2856.199951171875,2856.199951171875,2856.199951171875,1
2026-09-25 00:20:00-04:00,2856.39990234375,2856.39990234375,2856.5,2856.39990234375,2856.5,3
2026-09-25 00:21:00-04:00,2855.89990234375,2855.89990234375,2856.5,2855.89990234375,2856.10009765625,16
2026-09-25 00:22:00-04:00,2856.0,2856.0,2856.10009765625,2855.89990234375,2856.10009765625,6
2026-09-25 00:23:00-04:00,2856.10009765625,2856.10009765625,2856.10009765625,2856.10009765625,2856.10009765625,1
2026-09-25 00:24:00-04:00,2856.5,2856.5,2856.60009765625,2856.199951171875,2856.199951171875,7
2026-09-25 00:25:00-04:00,2856.5,2856.5,2856.800048828125,2856.5,2856.800048828125,8
2026-09-25 00:26:00-04:00,2856.300048828125,2856.300048828125,2856.800048828125,2856.300048828125,2856.60009765625,10
2026-09-25 00:27:00-04:00,2856.39990234375,2856.39990234375,2856.5,2856.0,2856.10009765625,6
2026-09-25 00:28:00-04:00,2856.699951171875,2856.699951171875,2856.699951171875,2856.199951171875,2856.199951171875,18
2026-09-25 00:29:00-04:00,2856.800048828125,2856.800048828125,2857.199951171875,2856.800048828125,2856.89990234375,10
2026-09-25 00:30:00-04:00,2856.89990234375,2856.89990234375,2856.89990234375,2856.89990234375,2856.89990234375,1
2026-09-25 00:31:00-04:00,2856.800048828125,2856.800048828125,2856.800048828125,2856.300048828125,2856.5,7
2026-09-25 00:32:00-04:00,2856.5,2856.5,2856.60009765625,2856.5,2856.60009765625,3
2026-09-25 00:33:00-04:00,2856.5,2856.5,2856.5,2856.5,2856.5,3
2026-09-25 00:34:00-04:00,2857.5,2857.5,2857.5,2857.0,2857.0,3
2026-09-25 00:35:00-04:00,2857.5,2857.5,2857.800048828125,2857.5,2857.800048828125,8
2026-09-25 00:36:00-04:00,2857.699951171875,2857.699951171875,2857.699951171875,2857.60009765625,2857.60009765625,3
2026-09-25 00:37:00-04:00,2857.300048828125,2857.300048828125,2857.300048828125,2857.300048828125,2857.300048828125,2
2026-09-25 00:38:00-04:00,2857.800048828125,2857.800048828125,2857.800048828125,2857.800048828125,2857.800048828125,2
2026-09-25 00:40:00-04:00,2858.0,2858.0,2858.10009765625,2858.0,2858.0,5
2026-09-25 00:41:00-04:00,2857.89990234375,2857.89990234375,2857.89990234375,2857.89990234375,2857.89990234375,1
2026-09-25 00:42:00-04:00,2857.699951171875,2857.699951171875,2857.699951171875,2857.699951171875,2857.699951171875,4
2026-09-25 00:43:00-04:00,2857.300048828125,2857.300048828125,2858.0,2857.300048828125,2858.0,10
2026-09-25 00:44:00-04:00,2857.300048828125,2857.300048828125,2857.300048828125,2857.300048828125,2857.300048828125,1
2026-09-25 00:45:00-04:00,2857.5,2857.5,2857.5,2857.0,2857.0,3
2026-09-25 00:46:00-04:00,2857.5,2857.5,2857.60009765625,2857.5,2857.5,6
2026-09-25 00:47:00-04:00,2857.699951171875,2857.699951171875,2857.699951171875,2857.699951171875,2857.699951171875,1
2026-09-25 00:48:00-04:00,2857.300048828125,2857.300048828125,2857.5,2857.300048828125,2857.5,3
2026-09-25 00:49:00-04:00,2857.39990234375,2857.39990234375,2857.39990234375,2857.39990234375,2857.39990234375,1
2026-09-25 00:50:00-04:00,2856.60009765625,2856.60009765625,2857.300048828125,2856.5,2857.300048828125,24
2026-09-25 00:51:00-04:00,2857.10009765625,2857.10009765625,2857.10009765625,2857.0,2857.0,5
2026-09-25 00:52:00-04:00,2856.60009765625,2856.60009765625,2857.0,2856.60009765625,2857.0,5
2026-09-25 00:53:00-04:00,2856.60009765625,2856.60009765625,2856.60009765625,2856.10009765625,2856.10009765625,4
2026-09-25 00:54:00-04:00,2856.39990234375,2856.39990234375,2856.39990234375,2856.39990234375,2856.39990234375,2
2026-09-25 00:55:00-04:00,2856.60009765625,2856.60009765625,2856.60009765625,2856.39990234375,2856.39990234375,3
2026-09-25 00:56:00-04:00,2856.10009765625,2856.10009765625,2856.699951171875,2856.10009765625,2856.699951171875,4
2026-09-25 00:57:00-04:00,2856.0,2856.0,2856.10009765625,2856.0,2856.0,8
2026-09-25 00:58:00-04:00,2855.60009765625,2855.60009765625,2855.60009765625,2855.5,2855.60009765625,4
2026-09-25 00:59:00-04:00,2856.39990234375,2856.39990234375,2856.39990234375,2856.0,2856.10009765625,6
2026-09-25 01:00:00-04:00,2856.699951171875,2856.699951171875,2856.699951171875,2856.300048828125,2856.39990234375,11
2026-09-25 01:01:00-04:00,2856.60009765625,2856.60009765625,2856.89990234375,2856.60009765625,2856.699951171875,11
2026-09-25 01:02:00-04:00,2856.300048828125,2856.300048828125,2856.5,2856.300048828125,2856.39990234375,4
2026-09-25 01:03:00-04:00,2856.60009765625,2856.60009765625,2856.699951171875,2856.60009765625,2856.699951171875,7
2026-09-25 01:04:00-04:00,2856.89990234375,2856.89990234375,2857.0,2856.89990234375,2857.0,4
2026-09-25 01:05:00-04:00,2857.199951171875,2857.199951171875,2857.199951171875,2856.89990234375,2857.0,4
2026-09-25 01:06:00-04:00,2857.300048828125,2857.300048828125,2857.39990234375,2857.199951171875,2857.300048828125,6
2026-09-25 01:07:00-04:00,2856.5,2856.5,2857.0,2856.5,2857.0,10
2026-09-25 01:08:00-04:00,2857.0,2857.0,2857.0,2856.300048828125,2856.39990234375,7
2026-09-25 01:09:00-04:00,2857.5,2857.5,2857.5,2857.199951171875,2857.199951171875,13
2026-09-25 01:10:00-04:00,2857.60009765625,2857.60009765625,2857.60009765625,2857.5,2857.5,2
2026-09-25 01:11:00-04:00,2857.300048828125,2857.300048828125,2857.39990234375,2857.199951171875,2857.39990234375,11
2026-09-25 01:12:00-04:00,2857.5,2857.5,2857.5,2857.300048828125,2857.300048828125,5
2026-09-25 01:13:00-04:00,2857.39990234375,2857.39990234375,2857.39990234375,2857.199951171875,2857.199951171875,5
2026-09-25 01:14:00-04:00,2857.199951171875,2857.199951171875,2857.199951171875,2857.199951171875,2857.199951171875,3
2026-09-25 01:15:00-04:00,2857.89990234375,2857.89990234375,2857.89990234375,2857.39990234375,2857.39990234375,18
2026-09-25 01:16:00-04:00,2857.5,2857.5,2858.0,2857.5,2858.0,3
2026-09-25 01:17:00-04:00,2858.0,2858.0,2858.300048828125,2858.0,2858.199951171875,4
2026-09-25 01:18:00-04:00,2858.0,2858.0,2858.0,2857.800048828125,2857.800048828125,3
2026-09-25 01:19:00-04:00,2857.89990234375,2857.89990234375,2857.89990234375,2857.5,2857.699951171875,6
2026-09-25 01:21:00-04:00,2858.199951171875,2858.199951171875,2858.199951171875,2857.89990234375,2857.89990234375,6
2026-09-25 01:22:00-04:00,2857.60009765625,2857.60009765625,2858.10009765625,2857.60009765625,2858.10009765625,4
2026-09-25 01:23:00-04:00,2857.699951171875,2857.699951171875,2858.10009765625,2857.699951171875,2857.800048828125,6
2026-09-25 01:24:00-04:00,2857.10009765625,2857.10009765625,2857.699951171875,2857.10009765625,2857.699951171875,5
2026-09-25 01:25:00-04:00,2857.699951171875,2857.699951171875,2857.699951171875,2857.199951171875,2857.199951171875,9
2026-09-25 01:26:00-04:00,2857.39990234375,2857.39990234375,2857.60009765625,2857.39990234375,2857.60009765625,7
2026-09-25 01:27:00-04:00,2858.10009765625,2858.10009765625,2858.10009765625,2858.0,2858.0,4
2026-09-25 01:28:00-04:00,2858.199951171875,2858.199951171875,2858.199951171875,2858.199951171875,2858.199951171875,1
2026-09-25 01:29:00-04:00,2858.300048828125,2858.300048828125,2858.5,2858.199951171875,2858.5,28
2026-09-25 01:30:00-04:00,2859.10009765625,2859.10009765625,2859.10009765625,2858.10009765625,2858.300048828125,22
2026-09-25 01:31:00-04:00,2859.699951171875,2859.699951171875,2859.800048828125,2859.300048828125,2859.300048828125,28
2026-09-25 01:32:00-04:00,2860.0,2860.0,2860.5,2859.800048828125,2859.800048828125,62
2026-09-25 01:33:00-04:00,2860.60009765625,2860.60009765625,2861.0,2859.89990234375,2860.10009765625,34
2026-09-25 01:34:00-04:00,2860.199951171875,2860.199951171875,2860.60009765625,2860.199951171875,2860.5,9
2026-09-25 01:35:00-04:00,2860.39990234375,2860.39990234375,2860.699951171875,2860.199951171875,2860.300048828125,11
2026-09-25 01:36:00-04:00,2860.89990234375,2860.89990234375,2860.89990234375,2860.199951171875,2860.300048828125,38
2026-09-25 01:37:00-04:00,2860.89990234375,2860.89990234375,2861.0,2860.699951171875,2860.89990234375,22
2026-09-25 01:38:00-04:00,2860.800048828125,2860.800048828125,2861.10009765625,2860.800048828125,2860.800048828125,19
2026-09-25 01:39:00-04:00,2861.10009765625,2861.10009765625,2861.300048828125,2861.10009765625,2861.300048828125,3
2026-09-25 01:40:00-04:00,2860.60009765625,2860.60009765625,2861.0,2860.60009765625,2861.0,9
2026-09-25 01:41:00-04:00,2860.60009765625,2860.60009765625,2860.699951171875,2860.5,2860.699951171875,18
2026-09-25 01:42:00-04:00,2860.300048828125,2860.300048828125,2860.5,2860.300048828125,2860.5,5
2026-09-25 01:43:00-04:00,2860.800048828125,2860.800048828125,2860.89990234375,2860.199951171875,2860.199951171875,28
2026-09-25 01:44:00-04:00,2861.60009765625,2861.60009765625,2861.60009765625,2860.699951171875,2861.0,28
2026-09-25 01:45:00-04:00,2861.5,2861.5,2861.699951171875,2861.199951171875,2861.39990234375,59
2026-09-25 01:46:00-04:00,2861.5,2861.5,2861.699951171875,2861.300048828125,2861.300048828125,10
2026-09-25 01:47:00-04:00,2861.300048828125,2861.300048828125,2861.60009765625,2861.300048828125,2861.39990234375,6
2026-09-25 01:48:00-04:00,2861.0,2861.0,2861.10009765625,2861.0,2861.0,6
2026-09-25 01:49:00-04:00,2860.699951171875,2860.699951171875,2860.800048828125,2860.60009765625,2860.800048828125,8
2026-09-25 01:50:00-04:00,2860.39990234375,2860.39990234375,2860.800048828125,2860.300048828125,2860.5,30
2026-09-25 01:51:00-04:00,2860.60009765625,2860.60009765625,2860.60009765625,2860.199951171875,2860.199951171875,5
2026-09-25 01:52:00-04:00,2860.89990234375,2860.89990234375,2860.89990234375,2860.89990234375,2860.89990234375,2
2026-09-25 01:53:00-04:00,2860.89990234375,2860.89990234375,2860.89990234375,2860.60009765625,2860.800048828125,8
2026-09-25 01:54:00-04:00,2860.699951171875,2860.699951171875,2860.89990234375,2860.699951171875,2860.89990234375,2
2026-09-25 01:55:00-04:00,2860.800048828125,2860.800048828125,2861.0,2860.800048828125,2860.89990234375,11
2026-09-25 01:56:00-04:00,2859.800048828125,2859.800048828125,2860.60009765625,2859.800048828125,2860.60009765625,20
2026-09-25 01:57:00-04:00,2859.699951171875,2859.699951171875,2859.699951171875,2859.5,2859.5,4
2026-09-25 01:58:00-04:00,2860.300048828125,2860.300048828125,2860.300048828125,2860.0,2860.0,2
2026-09-25 01:59:00-04:00,2859.800048828125,2859.800048828125,2860.300048828125,2859.800048828125,2860.300048828125,5
2026-09-25 02:00:00-04:00,2860.300048828125,2860.300048828125,2860.5,2859.699951171875,2859.699951171875,29
2026-09-25 02:01:00-04:00,2860.800048828125,2860.800048828125,2860.89990234375,2860.300048828125,2860.39990234375,18
2026-09-25 02:02:00-04:00,2860.89990234375,2860.89990234375,2861.0,2860.800048828125,2860.800048828125,6
2026-09-25 02:03:00-04:00,2860.89990234375,2860.89990234375,2861.199951171875,2860.89990234375,2860.89990234375,6
2026-09-25 02:04:00-04:00,2861.39990234375,2861.39990234375,2861.39990234375,2860.699951171875,2860.800048828125,11
2026-09-25 02:05:00-04:00,2861.199951171875,2861.199951171875,2861.60009765625,2861.0,2861.300048828125,18
2026-09-25 02:06:00-04:00,2861.89990234375,2861.89990234375,2861.89990234375,2861.300048828125,2861.300048828125,22
2026-09-25 02:07:00-04:00,2861.60009765625,2861.60009765625,2861.60009765625,2861.39990234375,2861.60009765625,7
2026-09-25 02:08:00-04:00,2861.199951171875,2861.199951171875,2861.699951171875,2861.0,2861.5,31
2026-09-25 02:09:00-04:00,2861.5,2861.5,2861.699951171875,2861.300048828125,2861.300048828125,18
2026-09-25 02:10:00-04:00,2862.39990234375,2862.39990234375,2862.5,2861.60009765625,2861.60009765625,45
2026-09-25 02:11:00-04:00,2862.89990234375,2862.89990234375,2862.89990234375,2862.300048828125,2862.300048828125,33
2026-09-25 02:12:00-04:00,2863.0,2863.0,2863.300048828125,2862.89990234375,2862.89990234375,12
2026-09-25 02:13:00-04:00,2863.10009765625,2863.10009765625,2863.199951171875,2863.0,2863.199951171875,11
2026-09-25 02:14:00-04:00,2863.10009765625,2863.10009765625,2863.39990234375,2862.800048828125,2863.10009765625,29
2026-09-25 02:15:00-04:00,2863.0,2863.0,2863.39990234375,2862.89990234375,2863.0,27
2026-09-25 02:16:00-04:00,2863.699951171875,2863.699951171875,2863.699951171875,2862.699951171875,2862.699951171875,22
2026-09-25 02:17:00-04:00,2863.699951171875,2863.699951171875,2864.10009765625,2863.5,2863.60009765625,33
2026-09-25 02:18:00-04:00,2863.300048828125,2863.300048828125,2863.699951171875,2863.0,2863.699951171875,21
2026-09-25 02:19:00-04:00,2863.60009765625,2863.60009765625,2863.699951171875,2863.300048828125,2863.300048828125,11
2026-09-25 02:20:00-04:00,2863.89990234375,2863.89990234375,2864.300048828125,2863.800048828125,2863.800048828125,30
2026-09-25 02:21:00-04:00,2864.10009765625,2864.10009765625,2864.300048828125,2864.0,2864.300048828125,7
2026-09-25 02:22:00-04:00,2863.10009765625,2863.10009765625,2864.0,2863.10009765625,2864.0,28
2026-09-25 02:23:00-04:00,2863.0,2863.0,2863.39990234375,2863.0,2863.10009765625,17
2026-09-25 02:24:00-04:00,2863.5,2863.5,2863.5,2862.89990234375,2862.89990234375,20
2026-09-25 02:25:00-04:00,2863.39990234375,2863.39990234375,2863.800048828125,2863.39990234375,2863.60009765625,7
2026-09-25 02:26:00-04:00,2863.300048828125,2863.300048828125,2863.5,2863.0,2863.39990234375,12
2026-09-25 02:27:00-04:00,2863.300048828125,2863.300048828125,2863.5,2863.0,2863.300048828125,20
2026-09-25 02:28:00-04:00,2862.60009765625,2862.60009765625,2863.199951171875,2862.60009765625,2863.199951171875,20
2026-09-25 02:29:00-04:00,2862.5,2862.5,2862.800048828125,2862.199951171875,2862.60009765625,33
2026-09-25 02:30:00-04:00,2862.60009765625,2862.60009765625,2862.800048828125,2862.39990234375,2862.39990234375,11
2026-09-25 02:31:00-04:00,2862.89990234375,2862.89990234375,2863.0,2862.699951171875,2862.699951171875,11
2026-09-25 02:32:00-04:00,2862.89990234375,2862.89990234375,2863.10009765625,2862.699951171875,2862.89990234375,15
2026-09-25 02:33:00-04:00,2862.89990234375,2862.89990234375,2862.89990234375,2862.60009765625,2862.89990234375,12
2026-09-25 02:34:00-04:00,2863.800048828125,2863.800048828125,2863.800048828125,2862.89990234375,2862.89990234375,23
2026-09-25 02:35:00-04:00,2863.60009765625,2863.60009765625,2864.0,2863.60009765625,2863.800048828125,17
2026-09-25 02:36:00-04:00,2863.10009765625,2863.10009765625,2863.60009765625,2863.10009765625,2863.60009765625,11
2026-09-25 02:37:00-04:00,2863.199951171875,2863.199951171875,2863.199951171875,2863.199951171875,2863.199951171875,3
2026-09-25 02:38:00-04:00,2863.60009765625,2863.60009765625,2863.60009765625,2863.5,2863.5,4
2026-09-25 02:39:00-04:00,2863.5,2863.5,2863.60009765625,2863.39990234375,2863.39990234375,25
2026-09-25 02:40:00-04:00,2863.39990234375,2863.39990234375,2863.699951171875,2863.39990234375,2863.699951171875,24
2026-09-25 02:41:00-04:00,2863.699951171875,2863.699951171875,2863.699951171875,2863.300048828125,2863.300048828125,6
2026-09-25 02:42:00-04:00,2863.60009765625,2863.60009765625,2863.800048828125,2863.60009765625,2863.60009765625,14
2026-09-25 02:43:00-04:00,2863.60009765625,2863.60009765625,2863.699951171875,2863.5,2863.699951171875,10
2026-09-25 02:44:00-04:00,2863.699951171875,2863.699951171875,2863.699951171875,2863.300048828125,2863.39990234375,10
2026-09-25 02:45:00-04:00,2863.800048828125,2863.800048828125,2863.89990234375,2863.60009765625,2863.60009765625,6
2026-09-25 02:46:00-04:00,2864.199951171875,2864.199951171875,2864.199951171875,2863.800048828125,2863.800048828125,11
2026-09-25 02:47:00-04:00,2863.699951171875,2863.699951171875,2864.300048828125,2863.699951171875,2864.300048828125,13
2026-09-25 02:48:00-04:00,2864.199951171875,2864.199951171875,2864.199951171875,2863.60009765625,2863.60009765625,21
2026-09-25 02:49:00-04:00,2864.39990234375,2864.39990234375,2864.5,2864.0,2864.0,19
2026-09-25 02:50:00-04:00,2863.89990234375,2863.89990234375,2864.5,2863.800048828125,2864.39990234375,24
2026-09-25 02:51:00-04:00,2863.60009765625,2863.60009765625,2864.0,2863.5,2863.89990234375,21
2026-09-25 02:52:00-04:00,2863.5,2863.5,2863.800048828125,2863.5,2863.60009765625,10
2026-09-25 02:53:00-04:00,2863.5,2863.5,2863.699951171875,2863.39990234375,2863.39990234375,8
2026-09-25 02:54:00-04:00,2864.10009765625,2864.10009765625,2864.10009765625,2863.5,2863.60009765625,16
2026-09-25 02:55:00-04:00,2864.5,2864.5,2864.5,2863.800048828125,2864.39990234375,97
2026-09-25 02:56:00-04:00,2864.39990234375,2864.39990234375,2864.5,2864.10009765625,2864.5,17
2026-09-25 02:57:00-04:00,2863.89990234375,2863.89990234375,2864.39990234375,2863.89990234375,2864.39990234375,17
2026-09-25 02:58:00-04:00,2863.60009765625,2863.60009765625,2863.800048828125,2863.5,2863.800048828125,16
2026-09-25 02:59:00-04:00,2863.300048828125,2863.300048828125,2863.699951171875,2863.199951171875,2863.699951171875,20
2026-09-25 03:00:00-04:00,2864.800048828125,2864.800048828125,2865.199951171875,2862.89990234375,2863.300048828125,193
2026-09-25 03:01:00-04:00,2864.39990234375,2864.39990234375,2865.0,2864.300048828125,2864.699951171875,48
2026-09-25 03:02:00-04:00,2865.10009765625,2865.10009765625,2865.10009765625,2864.699951171875,2864.699951171875,41
2026-09-25 03:03:00-04:00,2864.300048828125,2864.300048828125,2865.0,2864.199951171875,2865.0,45
2026-09-25 03:04:00-04:00,2862.60009765625,2862.60009765625,2863.800048828125,2862.300048828125,2863.800048828125,56
2026-09-25 03:05:00-04:00,2863.300048828125,2863.300048828125,2863.5,2862.39990234375,2862.39990234375,43
2026-09-25 03:06:00-04:00,2862.800048828125,2862.800048828125,2863.39990234375,2862.699951171875,2863.39990234375,12
2026-09-25 03:07:00-04:00,2862.300048828125,2862.300048828125,2863.10009765625,2862.199951171875,2862.800048828125,32
2026-09-25 03:08:00-04:00,2862.300048828125,2862.300048828125,2862.800048828125,2862.0,2862.0,40
2026-09-25 03:09:00-04:00,2862.800048828125,2862.800048828125,2862.800048828125,2862.10009765625,2862.5,9
2026-09-25 03:10:00-04:00,2862.39990234375,2862.39990234375,2863.199951171875,2862.300048828125,2862.89990234375,24
2026-09-25 03:11:00-04:00,2862.800048828125,2862.800048828125,2862.800048828125,2862.10009765625,2862.300048828125,33
2026-09-25 03:12:00-04:00,2861.89990234375,2861.89990234375,2862.5,2861.699951171875,2862.5,16
2026-09-25 03:13:00-04:00,2862.0,2862.0,2862.5,2862.0,2862.10009765625,18
2026-09-25 03:14:00-04:00,2861.89990234375,2861.89990234375,2862.800048828125,2861.800048828125,2862.39990234375,23
2026-09-25 03:15:00-04:00,2862.0,2862.0,2862.5,2861.89990234375,2861.89990234375,10
2026-09-25 03:16:00-04:00,2861.60009765625,2861.60009765625,2862.39990234375,2861.300048828125,2862.10009765625,23
2026-09-25 03:17:00-04:00,2861.60009765625,2861.60009765625,2861.60009765625,2861.199951171875,2861.5,14
2026-09-25 03:18:00-04:00,2861.300048828125,2861.300048828125,2861.89990234375,2861.300048828125,2861.39990234375,24
2026-09-25 03:19:00-04:00,2860.89990234375,2860.89990234375,2861.699951171875,2860.60009765625,2861.5,28
2026-09-25 03:20:00-04:00,2862.0,2862.0,2862.10009765625,2860.89990234375,2860.89990234375,38
2026-09-25 03:21:00-04:00,2862.10009765625,2862.10009765625,2862.699951171875,2861.800048828125,2861.89990234375,17
2026-09-25 03:22:00-04:00,2862.39990234375,2862.39990234375,2862.800048828125,2862.300048828125,2862.300048828125,8
2026-09-25 03:23:00-04:00,2862.60009765625,2862.60009765625,2862.800048828125,2861.800048828125,2861.800048828125,24
2026-09-25 03:24:00-04:00,2862.199951171875,2862.199951171875,2863.0,2862.0,2862.5,20
2026-09-25 03:25:00-04:00,2861.699951171875,2861.699951171875,2862.199951171875,2861.699951171875,2862.10009765625,19
2026-09-25 03:26:00-04:00,2861.800048828125,2861.800048828125,2861.89990234375,2861.300048828125,2861.800048828125,12
2026-09-25 03:27:00-04:00,2862.0,2862.0,2862.0,2861.10009765625,2861.39990234375,28
2026-09-25 03:28:00-04:00,2862.39990234375,2862.39990234375,2862.39990234375,2861.800048828125,2862.10009765625,16
2026-09-25 03:29:00-04:00,2862.89990234375,2862.89990234375,2862.89990234375,2862.0,2862.300048828125,49
2026-09-25 03:30:00-04:00,2862.89990234375,2862.89990234375,2863.10009765625,2862.5,2862.89990234375,24
2026-09-25 03:31:00-04:00,2862.89990234375,2862.89990234375,2863.300048828125,2862.89990234375,2862.89990234375,32
2026-09-25 03:32:00-04:00,2861.0,2861.0,2862.60009765625,2861.0,2862.5,17
2026-09-25 03:33:00-04:00,2860.199951171875,2860.199951171875,2861.300048828125,2860.199951171875,2861.199951171875,38
2026-09-25 03:34:00-04:00,2859.699951171875,2859.699951171875,2860.199951171875,2859.699951171875,2860.199951171875,49
2026-09-25 03:35:00-04:00,2860.5,2860.5,2860.60009765625,2859.89990234375,2859.89990234375,14
2026-09-25 03:36:00-04:00,2860.89990234375,2860.89990234375,2861.10009765625,2860.699951171875,2860.699951171875,7
2026-09-25 03:37:00-04:00,2860.89990234375,2860.89990234375,2861.199951171875,2860.89990234375,2860.89990234375,8
2026-09-25 03:38:00-04:00,2860.800048828125,2860.800048828125,2860.89990234375,2860.5,2860.89990234375,10
2026-09-25 03:39:00-04:00,2861.0,2861.0,2861.0,2860.60009765625,2860.60009765625,4
2026-09-25 03:40:00-04:00,2860.699951171875,2860.699951171875,2860.800048828125,2860.199951171875,2860.60009765625,11
2026-09-25 03:41:00-04:00,2861.0,2861.0,2861.0,2860.39990234375,2860.39990234375,11
2026-09-25 03:42:00-04:00,2861.199951171875,2861.199951171875,2861.199951171875,2860.60009765625,2860.699951171875,4
2026-09-25 03:43:00-04:00,2860.89990234375,2860.89990234375,2861.199951171875,2860.800048828125,2861.0,14
2026-09-25 03:44:00-04:00,2860.39990234375,2860.39990234375,2860.5,2860.10009765625,2860.5,24
2026-09-25 03:45:00-04:00,2860.699951171875,2860.699951171875,2860.800048828125,2860.5,2860.5,15
2026-09-25 03:46:00-04:00,2862.0,2862.0,2862.0,2861.0,2861.10009765625,12
2026-09-25 03:47:00-04:00,2861.89990234375,2861.89990234375,2862.199951171875,2861.800048828125,2861.89990234375,18
2026-09-25 03:48:00-04:00,2860.5,2860.5,2860.89990234375,2860.5,2860.89990234375,8
2026-09-25 03:49:00-04:00,2861.0,2861.0,2861.10009765625,2860.60009765625,2860.60009765625,9
2026-09-25 03:50:00-04:00,2861.10009765625,2861.10009765625,2861.10009765625,2860.800048828125,2860.89990234375,14
2026-09-25 03:51:00-04:00,2861.10009765625,2861.10009765625,2861.199951171875,2861.0,2861.0,8
2026-09-25 03:52:00-04:00,2860.89990234375,2860.89990234375,2861.10009765625,2860.89990234375,2861.10009765625,7
2026-09-25 03:53:00-04:00,2861.300048828125,2861.300048828125,2861.300048828125,2860.800048828125,2860.800048828125,5
2026-09-25 03:54:00-04:00,2861.0,2861.0,2861.10009765625,2860.699951171875,2861.10009765625,9
2026-09-25 03:55:00-04:00,2861.0,2861.0,2861.39990234375,2860.699951171875,2861.10009765625,14
2026-09-25 03:56:00-04:00,2861.39990234375,2861.39990234375,2861.39990234375,2861.0,2861.0,6
2026-09-25 03:57:00-04:00,2861.10009765625,2861.10009765625,2861.300048828125,2861.10009765625,2861.300048828125,3
2026-09-25 03:58:00-04:00,2861.199951171875,2861.199951171875,2861.300048828125,2861.199951171875,2861.199951171875,3
2026-09-25 03:59:00-04:00,2861.199951171875,2861.199951171875,2861.5,2861.199951171875,2861.199951171875,8
2026-09-25 04:00:00-04:00,2861.0,2861.0,2861.39990234375,2860.5,2861.300048828125,68
2026-09-25 04:01:00-04:00,2860.5,2860.5,2861.10009765625,2860.39990234375,2861.10009765625,17
2026-09-25 04:02:00-04:00,2859.800048828125,2859.800048828125,2860.199951171875,2859.800048828125,2860.199951171875,24
2026-09-25 04:03:00-04:00,2859.300048828125,2859.300048828125,2859.89990234375,2858.699951171875,2859.89990234375,68
2026-09-25 04:04:00-04:00,2859.0,2859.0,2859.300048828125,2859.0,2859.199951171875,30
2026-09-25 04:05:00-04:00,2859.5,2859.5,2860.0,2859.0,2859.0,16
2026-09-25 04:06:00-04:00,2859.89990234375,2859.89990234375,2860.199951171875,2859.39990234375,2859.39990234375,18
2026-09-25 04:07:00-04:00,2860.10009765625,2860.10009765625,2860.10009765625,2859.39990234375,2859.5,20
2026-09-25 04:08:00-04:00,2860.39990234375,2860.39990234375,2860.39990234375,2860.0,2860.10009765625,10
2026-09-25 04:09:00-04:00,2860.60009765625,2860.60009765625,2860.800048828125,2860.5,2860.5,10
2026-09-25 04:10:00-04:00,2861.199951171875,2861.199951171875,2861.199951171875,2860.800048828125,2860.800048828125,8
2026-09-25 04:11:00-04:00,2861.39990234375,2861.39990234375,2861.5,2860.800048828125,2861.10009765625,27
2026-09-25 04:12:00-04:00,2862.39990234375,2862.39990234375,2862.39990234375,2861.5,2861.5,50
2026-09-25 04:13:00-04:00,2862.300048828125,2862.300048828125,2862.60009765625,2862.10009765625,2862.39990234375,41
2026-09-25 04:14:00-04:00,2862.39990234375,2862.39990234375,2863.199951171875,2862.39990234375,2862.699951171875,112
2026-09-25 04:15:00-04:00,2862.699951171875,2862.699951171875,2863.0,2862.39990234375,2862.39990234375,33
2026-09-25 04:16:00-04:00,2863.10009765625,2863.10009765625,2863.10009765625,2862.10009765625,2862.60009765625,23
2026-09-25 04:17:00-04:00,2861.800048828125,2861.800048828125,2863.0,2861.800048828125,2863.0,22
2026-09-25 04:18:00-04:00,2861.60009765625,2861.60009765625,2861.60009765625,2861.39990234375,2861.60009765625,4
2026-09-25 04:19:00-04:00,2861.300048828125,2861.300048828125,2861.800048828125,2861.300048828125,2861.699951171875,13
2026-09-25 04:20:00-04:00,2861.800048828125,2861.800048828125,2861.800048828125,2861.60009765625,2861.699951171875,9
2026-09-25 04:21:00-04:00,2862.10009765625,2862.10009765625,2862.10009765625,2861.5,2861.5,17
2026-09-25 04:22:00-04:00,2861.60009765625,2861.60009765625,2862.10009765625,2861.39990234375,2862.10009765625,26
2026-09-25 04:23:00-04:00,2861.199951171875,2861.199951171875,2861.699951171875,2860.800048828125,2861.60009765625,38
2026-09-25 04:24:00-04:00,2862.10009765625,2862.10009765625,2862.199951171875,2861.39990234375,2861.39990234375,6
2026-09-25 04:25:00-04:00,2861.800048828125,2861.800048828125,2862.300048828125,2861.60009765625,2862.199951171875,16
2026-09-25 04:26:00-04:00,2861.800048828125,2861.800048828125,2861.89990234375,2861.199951171875,2861.699951171875,30
2026-09-25 04:27:00-04:00,2862.0,2862.0,2862.10009765625,2861.800048828125,2861.800048828125,20
2026-09-25 04:28:00-04:00,2863.800048828125,2863.800048828125,2863.800048828125,2862.199951171875,2862.199951171875,147
2026-09-25 04:29:00-04:00,2863.699951171875,2863.699951171875,2864.0,2863.60009765625,2863.699951171875,29
2026-09-25 04:30:00-04:00,2864.10009765625,2864.10009765625,2864.39990234375,2863.800048828125,2863.800048828125,21
2026-09-25 04:31:00-04:00,2864.199951171875,2864.199951171875,2864.199951171875,2863.800048828125,2863.800048828125,7
2026-09-25 04:32:00-04:00,2863.89990234375,2863.89990234375,2864.0,2863.800048828125,2864.0,3
2026-09-25 04:33:00-04:00,2865.39990234375,2865.39990234375,2865.39990234375,2864.10009765625,2864.10009765625,36
2026-09-25 04:34:00-04:00,2865.199951171875,2865.199951171875,2865.39990234375,2865.10009765625,2865.199951171875,24
2026-09-25 04:35:00-04:00,2864.699951171875,2864.699951171875,2865.39990234375,2864.699951171875,2865.0,34
2026-09-25 04:36:00-04:00,2864.89990234375,2864.89990234375,2865.10009765625,2864.800048828125,2864.800048828125,11
2026-09-25 04:37:00-04:00,2864.0,2864.0,2864.199951171875,2863.89990234375,2864.0,25
2026-09-25 04:38:00-04:00,2864.300048828125,2864.300048828125,2864.300048828125,2863.89990234375,2863.89990234375,19
2026-09-25 04:39:00-04:00,2863.10009765625,2863.10009765625,2864.0,2862.800048828125,2864.0,43
2026-09-25 04:40:00-04:00,2863.699951171875,2863.699951171875,2863.699951171875,2863.300048828125,2863.300048828125,9
2026-09-25 04:41:00-04:00,2864.39990234375,2864.39990234375,2864.699951171875,2864.0,2864.0,10
2026-09-25 04:42:00-04:00,2865.0,2865.0,2865.10009765625,2864.699951171875,2864.699951171875,8
2026-09-25 04:43:00-04:00,2865.199951171875,2865.199951171875,2865.199951171875,2865.0,2865.0,3
2026-09-25 04:44:00-04:00,2865.39990234375,2865.39990234375,2865.60009765625,2865.10009765625,2865.199951171875,52
2026-09-25 04:45:00-04:00,2866.5,2866.5,2866.699951171875,2865.5,2865.5,40
2026-09-25 04:46:00-04:00,2866.5,2866.5,2866.800048828125,2866.5,2866.5,27
2026-09-25 04:47:00-04:00,2866.199951171875,2866.199951171875,2866.699951171875,2866.199951171875,2866.60009765625,20
2026-09-25 04:48:00-04:00,2866.0,2866.0,2866.0,2865.699951171875,2865.89990234375,77
2026-09-25 04:49:00-04:00,2865.60009765625,2865.60009765625,2866.199951171875,2865.60009765625,2866.10009765625,15
2026-09-25 04:50:00-04:00,2865.5,2865.5,2865.699951171875,2865.300048828125,2865.699951171875,13
2026-09-25 04:51:00-04:00,2865.699951171875,2865.699951171875,2865.89990234375,2865.39990234375,2865.39990234375,40
2026-09-25 04:52:00-04:00,2866.0,2866.0,2866.300048828125,2865.60009765625,2865.60009765625,17
2026-09-25 04:53:00-04:00,2866.0,2866.0,2866.0,2865.89990234375,2866.0,10
2026-09-25 04:54:00-04:00,2866.39990234375,2866.39990234375,2866.5,2866.300048828125,2866.300048828125,4
2026-09-25 04:55:00-04:00,2867.300048828125,2867.300048828125,2867.5,2866.699951171875,2866.699951171875,37
2026-09-25 04:56:00-04:00,2867.199951171875,2867.199951171875,2867.300048828125,2866.89990234375,2867.300048828125,20
2026-09-25 04:57:00-04:00,2867.5,2867.5,2867.5,2867.39990234375,2867.39990234375,3
2026-09-25 04:58:00-04:00,2867.60009765625,2867.60009765625,2867.89990234375,2867.5,2867.699951171875,45
2026-09-25 04:59:00-04:00,2866.800048828125,2866.800048828125,2867.39990234375,2866.800048828125,2867.39990234375,38
2026-09-25 05:00:00-04:00,2867.10009765625,2867.10009765625,2867.10009765625,2866.5,2866.699951171875,48
2026-09-25 05:01:00-04:00,2866.5,2866.5,2867.300048828125,2866.5,2867.300048828125,14
2026-09-25 05:02:00-04:00,2866.800048828125,2866.800048828125,2867.0,2866.800048828125,2866.89990234375,17
2026-09-25 05:03:00-04:00,2867.199951171875,2867.199951171875,2867.5,2866.800048828125,2866.800048828125,27
2026-09-25 05:04:00-04:00,2866.800048828125,2866.800048828125,2867.0,2866.699951171875,2867.0,4
2026-09-25 05:05:00-04:00,2866.60009765625,2866.60009765625,2866.800048828125,2866.39990234375,2866.699951171875,16
2026-09-25 05:06:00-04:00,2866.5,2866.5,2866.60009765625,2866.300048828125,2866.60009765625,21
2026-09-25 05:07:00-04:00,2866.300048828125,2866.300048828125,2866.699951171875,2866.199951171875,2866.5,32
2026-09-25 05:08:00-04:00,2866.800048828125,2866.800048828125,2866.800048828125,2866.199951171875,2866.199951171875,19
2026-09-25 05:09:00-04:00,2866.89990234375,2866.89990234375,2867.199951171875,2866.800048828125,2867.199951171875,40
2026-09-25 05:10:00-04:00,2866.10009765625,2866.10009765625,2866.89990234375,2866.10009765625,2866.699951171875,19
2026-09-25 05:11:00-04:00,2865.800048828125,2865.800048828125,2866.0,2865.800048828125,2866.0,4
2026-09-25 05:12:00-04:00,2866.0,2866.0,2866.0,2865.5,2865.5,31
2026-09-25 05:13:00-04:00,2866.0,2866.0,2866.300048828125,2865.89990234375,2866.10009765625,34
2026-09-25 05:14:00-04:00,2865.60009765625,2865.60009765625,2866.199951171875,2865.60009765625,2865.89990234375,10
2026-09-25 05:15:00-04:00,2866.10009765625,2866.10009765625,2866.800048828125,2865.5,2865.60009765625,96
2026-09-25 05:16:00-04:00,2866.0,2866.0,2866.0,2866.0,2866.0,1
2026-09-25 05:17:00-04:00,2865.800048828125,2865.800048828125,2866.10009765625,2865.60009765625,2866.0,28
2026-09-25 05:18:00-04:00,2866.0,2866.0,2866.0,2865.5,2865.800048828125,30
2026-09-25 05:19:00-04:00,2865.199951171875,2865.199951171875,2865.699951171875,2865.199951171875,2865.39990234375,12
2026-09-25 05:20:00-04:00,2864.39990234375,2864.39990234375,2865.0,2864.39990234375,2865.0,19
2026-09-25 05:21:00-04:00,2863.89990234375,2863.89990234375,2864.39990234375,2863.89990234375,2864.39990234375,11
2026-09-25 05:22:00-04:00,2864.10009765625,2864.10009765625,2864.199951171875,2863.699951171875,2864.199951171875,76
2026-09-25 05:23:00-04:00,2863.800048828125,2863.800048828125,2864.10009765625,2863.800048828125,2864.10009765625,4
2026-09-25 05:24:00-04:00,2864.300048828125,2864.300048828125,2864.300048828125,2864.300048828125,2864.300048828125,1
2026-09-25 05:25:00-04:00,2863.89990234375,2863.89990234375,2863.89990234375,2863.60009765625,2863.60009765625,8
2026-09-25 05:26:00-04:00,2863.800048828125,2863.800048828125,2863.89990234375,2863.699951171875,2863.699951171875,8
2026-09-25 05:27:00-04:00,2863.60009765625,2863.60009765625,2863.699951171875,2863.5,2863.699951171875,16
2026-09-25 05:28:00-04:00,2863.60009765625,2863.60009765625,2863.89990234375,2863.60009765625,2863.800048828125,8
2026-09-25 05:29:00-04:00,2864.0,2864.0,2864.0,2863.699951171875,2863.699951171875,17
2026-09-25 05:30:00-04:00,2864.5,2864.5,2864.60009765625,2863.300048828125,2863.89990234375,59
2026-09-25 05:31:00-04:00,2864.60009765625,2864.60009765625,2864.60009765625,2864.10009765625,2864.199951171875,25
2026-09-25 05:32:00-04:00,2864.60009765625,2864.60009765625,2864.89990234375,2864.300048828125,2864.60009765625,11
2026-09-25 05:33:00-04:00,2864.60009765625,2864.60009765625,2864.60009765625,2864.300048828125,2864.60009765625,5
2026-09-25 05:34:00-04:00,2864.300048828125,2864.300048828125,2864.60009765625,2864.10009765625,2864.60009765625,10
2026-09-25 05:35:00-04:00,2864.39990234375,2864.39990234375,2864.39990234375,2864.10009765625,2864.199951171875,13
2026-09-25 05:36:00-04:00,2864.300048828125,2864.300048828125,2864.60009765625,2864.0,2864.5,16
2026-09-25 05:37:00-04:00,2864.300048828125,2864.300048828125,2864.39990234375,2864.0,2864.300048828125,25
2026-09-25 05:38:00-04:00,2864.0,2864.0,2864.300048828125,2864.0,2864.300048828125,27
2026-09-25 05:39:00-04:00,2864.60009765625,2864.60009765625,2864.60009765625,2863.800048828125,2864.0,8
2026-09-25 05:40:00-04:00,2864.60009765625,2864.60009765625,2864.699951171875,2864.0,2864.699951171875,11
2026-09-25 05:41:00-04:00,2864.39990234375,2864.39990234375,2864.39990234375,2864.39990234375,2864.39990234375,1
2026-09-25 05:42:00-04:00,2864.199951171875,2864.199951171875,2864.60009765625,2864.199951171875,2864.39990234375,13
2026-09-25 05:43:00-04:00,2863.89990234375,2863.89990234375,2864.10009765625,2863.39990234375,2864.10009765625,18
2026-09-25 05:44:00-04:00,2864.10009765625,2864.10009765625,2864.10009765625,2863.800048828125,2863.800048828125,3
2026-09-25 05:45:00-04:00,2863.39990234375,2863.39990234375,2864.0,2863.39990234375,2864.0,6
2026-09-25 05:46:00-04:00,2862.60009765625,2862.60009765625,2862.699951171875,2862.60009765625,2862.699951171875,4
2026-09-25 05:47:00-04:00,2862.60009765625,2862.60009765625,2862.699951171875,2862.5,2862.5,8
2026-09-25 05:48:00-04:00,2862.89990234375,2862.89990234375,2862.89990234375,2862.5,2862.60009765625,10
2026-09-25 05:49:00-04:00,2863.0,2863.0,2863.10009765625,2863.0,2863.10009765625,6
2026-09-25 05:50:00-04:00,2862.5,2862.5,2862.800048828125,2862.5,2862.699951171875,10
2026-09-25 05:51:00-04:00,2862.89990234375,2862.89990234375,2862.89990234375,2862.89990234375,2862.89990234375,2
2026-09-25 05:52:00-04:00,2862.699951171875,2862.699951171875,2863.0,2862.60009765625,2863.0,6
2026-09-25 05:53:00-04:00,2862.800048828125,2862.800048828125,2862.800048828125,2862.60009765625,2862.60009765625,3
2026-09-25 05:54:00-04:00,2863.199951171875,2863.199951171875,2863.39990234375,2863.199951171875,2863.300048828125,7
2026-09-25 05:55:00-04:00,2863.199951171875,2863.199951171875,2863.199951171875,2862.800048828125,2863.199951171875,15
2026-09-25 05:56:00-04:00,2863.5,2863.5,2863.60009765625,2863.0,2863.0,9
2026-09-25 05:57:00-04:00,2863.39990234375,2863.39990234375,2863.60009765625,2863.300048828125,2863.60009765625,4
2026-09-25 05:58:00-04:00,2863.39990234375,2863.39990234375,2863.5,2863.39990234375,2863.5,2
2026-09-25 05:59:00-04:00,2862.800048828125,2862.800048828125,2863.39990234375,2862.800048828125,2863.39990234375,12
2026-09-25 06:00:00-04:00,2863.39990234375,2863.39990234375,2863.39990234375,2862.60009765625,2862.800048828125,24
2026-09-25 06:01:00-04:00,2863.0,2863.0,2863.300048828125,2862.89990234375,2863.199951171875,13
2026-09-25 06:02:00-04:00,2862.699951171875,2862.699951171875,2863.10009765625,2862.699951171875,2863.0,15
2026-09-25 06:03:00-04:00,2862.199951171875,2862.199951171875,2862.800048828125,2862.199951171875,2862.699951171875,13
2026-09-25 06:04:00-04:00,2862.800048828125,2862.800048828125,2862.800048828125,2862.199951171875,2862.199951171875,6
2026-09-25 06:05:00-04:00,2862.699951171875,2862.699951171875,2862.699951171875,2862.60009765625,2862.60009765625,5
2026-09-25 06:06:00-04:00,2862.5,2862.5,2862.89990234375,2862.39990234375,2862.800048828125,11
2026-09-25 06:07:00-04:00,2862.0,2862.0,2862.10009765625,2861.89990234375,2862.10009765625,13
2026-09-25 06:08:00-04:00,2862.300048828125,2862.300048828125,2862.300048828125,2862.10009765625,2862.10009765625,23
2026-09-25 06:09:00-04:00,2862.5,2862.5,2862.60009765625,2862.199951171875,2862.300048828125,8
2026-09-25 06:10:00-04:00,2862.89990234375,2862.89990234375,2862.89990234375,2862.39990234375,2862.60009765625,8
2026-09-25 06:11:00-04:00,2862.89990234375,2862.89990234375,2863.300048828125,2862.89990234375,2863.10009765625,15
2026-09-25 06:12:00-04:00,2863.699951171875,2863.699951171875,2863.699951171875,2863.39990234375,2863.5,9
2026-09-25 06:13:00-04:00,2863.89990234375,2863.89990234375,2863.89990234375,2863.699951171875,2863.800048828125,6
2026-09-25 06:14:00-04:00,2864.10009765625,2864.10009765625,2864.10009765625,2864.0,2864.10009765625,7
2026-09-25 06:15:00-04:00,2863.89990234375,2863.89990234375,2864.300048828125,2863.89990234375,2864.10009765625,21
2026-09-25 06:16:00-04:00,2863.800048828125,2863.800048828125,2864.300048828125,2863.800048828125,2863.89990234375,12
2026-09-25 06:17:00-04:00,2863.800048828125,2863.800048828125,2864.10009765625,2863.699951171875,2864.10009765625,13
2026-09-25 06:18:00-04:00,2863.39990234375,2863.39990234375,2863.60009765625,2863.39990234375,2863.5,7
2026-09-25 06:19:00-04:00,2863.300048828125,2863.300048828125,2863.60009765625,2863.300048828125,2863.60009765625,3
2026-09-25 06:20:00-04:00,2863.800048828125,2863.800048828125,2863.800048828125,2863.699951171875,2863.699951171875,3
2026-09-25 06:21:00-04:00,2864.10009765625,2864.10009765625,2864.10009765625,2863.800048828125,2864.0,14
2026-09-25 06:22:00-04:00,2864.0,2864.0,2864.10009765625,2863.699951171875,2864.10009765625,20
2026-09-25 06:23:00-04:00,2864.199951171875,2864.199951171875,2864.199951171875,2863.699951171875,2863.699951171875,9
2026-09-25 06:24:00-04:00,2864.199951171875,2864.199951171875,2864.199951171875,2864.199951171875,2864.199951171875,1
2026-09-25 06:25:00-04:00,2864.199951171875,2864.199951171875,2864.300048828125,2864.10009765625,2864.199951171875,18
2026-09-25 06:26:00-04:00,2864.199951171875,2864.199951171875,2864.199951171875,2864.199951171875,2864.199951171875,2
2026-09-25 06:27:00-04:00,2864.10009765625,2864.10009765625,2864.300048828125,2864.10009765625,2864.199951171875,5
2026-09-25 06:28:00-04:00,2863.89990234375,2863.89990234375,2864.10009765625,2863.89990234375,2864.0,6
2026-09-25 06:30:00-04:00,2864.5,2864.5,2864.60009765625,2864.0,2864.10009765625,9
2026-09-25 06:31:00-04:00,2864.199951171875,2864.199951171875,2864.5,2864.0,2864.5,27
2026-09-25 06:32:00-04:00,2863.699951171875,2863.699951171875,2864.0,2863.699951171875,2864.0,9
2026-09-25 06:33:00-04:00,2863.60009765625,2863.60009765625,2863.699951171875,2863.60009765625,2863.60009765625,7
2026-09-25 06:34:00-04:00,2864.199951171875,2864.199951171875,2864.300048828125,2863.39990234375,2863.39990234375,9
2026-09-25 06:35:00-04:00,2864.10009765625,2864.10009765625,2864.300048828125,2864.0,2864.0,10
2026-09-25 06:36:00-04:00,2864.0,2864.0,2864.10009765625,2864.0,2864.10009765625,2
2026-09-25 06:37:00-04:00,2863.60009765625,2863.60009765625,2864.300048828125,2863.60009765625,2864.300048828125,8
2026-09-25 06:38:00-04:00,2862.5,2862.5,2863.800048828125,2862.5,2863.800048828125,21
2026-09-25 06:39:00-04:00,2862.10009765625,2862.10009765625,2862.699951171875,2862.10009765625,2862.5,7
2026-09-25 06:40:00-04:00,2861.5,2861.5,2862.0,2861.300048828125,2862.0,50
2026-09-25 06:41:00-04:00,2862.0,2862.0,2862.10009765625,2861.699951171875,2861.800048828125,22
2026-09-25 06:42:00-04:00,2861.699951171875,2861.699951171875,2862.300048828125,2861.699951171875,2862.300048828125,13
2026-09-25 06:43:00-04:00,2861.89990234375,2861.89990234375,2862.300048828125,2861.60009765625,2861.60009765625,20
2026-09-25 06:44:00-04:00,2861.60009765625,2861.60009765625,2861.800048828125,2861.5,2861.699951171875,10
2026-09-25 06:45:00-04:00,2861.60009765625,2861.60009765625,2861.699951171875,2861.60009765625,2861.60009765625,10
2026-09-25 06:46:00-04:00,2861.10009765625,2861.10009765625,2861.39990234375,2861.10009765625,2861.39990234375,8
2026-09-25 06:47:00-04:00,2861.5,2861.5,2861.5,2861.300048828125,2861.39990234375,3
2026-09-25 06:48:00-04:00,2861.5,2861.5,2861.89990234375,2861.300048828125,2861.800048828125,31
2026-09-25 06:49:00-04:00,2860.800048828125,2860.800048828125,2861.5,2860.199951171875,2861.5,204
2026-09-25 06:50:00-04:00,2860.800048828125,2860.800048828125,2861.10009765625,2860.60009765625,2860.699951171875,44
2026-09-25 06:51:00-04:00,2861.10009765625,2861.10009765625,2861.199951171875,2860.800048828125,2861.0,20
2026-09-25 06:52:00-04:00,2861.199951171875,2861.199951171875,2861.300048828125,2861.0,2861.0,7
2026-09-25 06:53:00-04:00,2860.89990234375,2860.89990234375,2861.0,2860.0,2861.0,23
2026-09-25 06:54:00-04:00,2861.60009765625,2861.60009765625,2861.89990234375,2861.0,2861.0,19
2026-09-25 06:55:00-04:00,2861.300048828125,2861.300048828125,2861.800048828125,2861.300048828125,2861.800048828125,6
2026-09-25 06:56:00-04:00,2861.800048828125,2861.800048828125,2861.800048828125,2861.39990234375,2861.39990234375,7
2026-09-25 06:57:00-04:00,2861.89990234375,2861.89990234375,2862.199951171875,2861.800048828125,2862.0,24
2026-09-25 06:58:00-04:00,2861.89990234375,2861.89990234375,2862.0,2861.699951171875,2862.0,14
2026-09-25 06:59:00-04:00,2861.800048828125,2861.800048828125,2861.89990234375,2861.699951171875,2861.89990234375,11
2026-09-25 07:00:00-04:00,2863.10009765625,2863.10009765625,2863.10009765625,2861.89990234375,2861.89990234375,38
2026-09-25 07:01:00-04:00,2863.10009765625,2863.10009765625,2863.800048828125,2862.89990234375,2863.199951171875,68
2026-09-25 07:02:00-04:00,2862.89990234375,2862.89990234375,2863.199951171875,2862.39990234375,2863.199951171875,43
2026-09-25 07:03:00-04:00,2862.89990234375,2862.89990234375,2863.300048828125,2862.699951171875,2862.699951171875,21
2026-09-25 07:04:00-04:00,2863.699951171875,2863.699951171875,2863.699951171875,2862.800048828125,2862.800048828125,38
2026-09-25 07:05:00-04:00,2864.60009765625,2864.60009765625,2864.60009765625,2863.60009765625,2863.699951171875,22
2026-09-25 07:06:00-04:00,2865.5,2865.5,2865.60009765625,2864.60009765625,2864.699951171875,76
2026-09-25 07:07:00-04:00,2866.0,2866.0,2866.0,2865.10009765625,2865.5,28
2026-09-25 07:08:00-04:00,2866.300048828125,2866.300048828125,2866.300048828125,2865.60009765625,2866.199951171875,27
2026-09-25 07:09:00-04:00,2867.5,2867.5,2867.60009765625,2866.199951171875,2866.39990234375,61
2026-09-25 07:10:00-04:00,2868.699951171875,2868.699951171875,2868.699951171875,2867.300048828125,2867.39990234375,197
2026-09-25 07:11:00-04:00,2869.10009765625,2869.10009765625,2869.39990234375,2868.60009765625,2868.60009765625,84
2026-09-25 07:12:00-04:00,2869.0,2869.0,2869.199951171875,2868.300048828125,2869.199951171875,65
2026-09-25 07:13:00-04:00,2868.300048828125,2868.300048828125,2869.0,2868.0,2869.0,43
2026-09-25 07:14:00-04:00,2869.699951171875,2869.699951171875,2869.699951171875,2868.0,2868.300048828125,59
2026-09-25 07:15:00-04:00,2869.5,2869.5,2870.5,2869.39990234375,2869.800048828125,174
2026-09-25 07:16:00-04:00,2870.10009765625,2870.10009765625,2870.60009765625,2869.5,2869.60009765625,94
2026-09-25 07:17:00-04:00,2870.199951171875,2870.199951171875,2870.199951171875,2869.60009765625,2870.0,126
2026-09-25 07:18:00-04:00,2870.199951171875,2870.199951171875,2870.39990234375,2869.5,2870.300048828125,97
2026-09-25 07:19:00-04:00,2870.699951171875,2870.699951171875,2870.89990234375,2870.0,2870.199951171875,76
2026-09-25 07:20:00-04:00,2870.39990234375,2870.39990234375,2870.89990234375,2870.10009765625,2870.699951171875,123
2026-09-25 07:21:00-04:00,2869.800048828125,2869.800048828125,2870.5,2869.699951171875,2870.39990234375,84
2026-09-25 07:22:00-04:00,2869.0,2869.0,2870.10009765625,2869.0,2869.800048828125,77
2026-09-25 07:23:00-04:00,2869.300048828125,2869.300048828125,2869.5,2868.89990234375,2869.10009765625,35
2026-09-25 07:24:00-04:00,2869.39990234375,2869.39990234375,2869.89990234375,2869.300048828125,2869.39990234375,31
2026-09-25 07:25:00-04:00,2869.199951171875,2869.199951171875,2869.60009765625,2869.10009765625,2869.60009765625,34
2026-09-25 07:26:00-04:00,2869.300048828125,2869.300048828125,2869.5,2869.0,2869.10009765625,77
2026-09-25 07:27:00-04:00,2869.5,2869.5,2869.60009765625,2869.10009765625,2869.199951171875,64
2026-09-25 07:28:00-04:00,2868.39990234375,2868.39990234375,2869.39990234375,2868.39990234375,2869.300048828125,45
2026-09-25 07:29:00-04:00,2867.699951171875,2867.699951171875,2868.5,2867.60009765625,2868.5,167
2026-09-25 07:30:00-04:00,2867.699951171875,2867.699951171875,2868.199951171875,2867.60009765625,2867.699951171875,70
2026-09-25 07:31:00-04:00,2868.5,2868.5,2868.5,2867.5,2867.89990234375,12
2026-09-25 07:32:00-04:00,2869.0,2869.0,2869.300048828125,2868.199951171875,2868.300048828125,25
2026-09-25 07:33:00-04:00,2869.0,2869.0,2869.10009765625,2868.800048828125,2869.10009765625,11
2026-09-25 07:34:00-04:00,2868.699951171875,2868.699951171875,2869.10009765625,2868.60009765625,2869.10009765625,11
2026-09-25 07:35:00-04:00,2870.300048828125,2870.300048828125,2871.0,2868.199951171875,2868.39990234375,352
2026-09-25 07:36:00-04:00,2868.39990234375,2868.39990234375,2870.10009765625,2868.39990234375,2870.10009765625,38
2026-09-25 07:37:00-04:00,2868.89990234375,2868.89990234375,2868.89990234375,2868.699951171875,2868.699951171875,5
2026-09-25 07:38:00-04:00,2867.60009765625,2867.60009765625,2868.60009765625,2867.60009765625,2868.5,11
2026-09-25 07:39:00-04:00,2867.10009765625,2867.10009765625,2867.699951171875,2867.10009765625,2867.699951171875,14
2026-09-25 07:40:00-04:00,2867.10009765625,2867.10009765625,2867.199951171875,2866.800048828125,2867.199951171875,38
2026-09-25 07:41:00-04:00,2866.800048828125,2866.800048828125,2867.300048828125,2866.800048828125,2867.10009765625,16
2026-09-25 07:42:00-04:00,2866.5,2866.5,2867.10009765625,2866.39990234375,2867.0,19
2026-09-25 07:43:00-04:00,2867.0,2867.0,2867.0,2866.60009765625,2866.60009765625,13
2026-09-25 07:44:00-04:00,2866.800048828125,2866.800048828125,2867.10009765625,2866.800048828125,2867.0,11
2026-09-25 07:45:00-04:00,2866.89990234375,2866.89990234375,2867.199951171875,2866.5,2866.800048828125,20
2026-09-25 07:46:00-04:00,2866.89990234375,2866.89990234375,2867.300048828125,2866.89990234375,2867.0,23
2026-09-25 07:47:00-04:00,2867.199951171875,2867.199951171875,2867.5,2866.800048828125,2866.800048828125,7
2026-09-25 07:48:00-04:00,2867.10009765625,2867.10009765625,2867.39990234375,2866.89990234375,2867.199951171875,10
2026-09-25 07:49:00-04:00,2866.60009765625,2866.60009765625,2867.300048828125,2866.60009765625,2867.300048828125,12
2026-09-25 07:50:00-04:00,2866.60009765625,2866.60009765625,2866.699951171875,2866.0,2866.5,33
2026-09-25 07:51:00-04:00,2866.300048828125,2866.300048828125,2866.60009765625,2866.300048828125,2866.5,25
2026-09-25 07:52:00-04:00,2867.10009765625,2867.10009765625,2867.199951171875,2866.300048828125,2866.300048828125,16
2026-09-25 07:53:00-04:00,2866.800048828125,2866.800048828125,2867.0,2866.699951171875,2867.0,7
2026-09-25 07:54:00-04:00,2867.39990234375,2867.39990234375,2867.39990234375,2867.10009765625,2867.300048828125,7
2026-09-25 07:55:00-04:00,2867.5,2867.5,2867.699951171875,2867.199951171875,2867.199951171875,23
2026-09-25 07:56:00-04:00,2866.89990234375,2866.89990234375,2867.5,2866.89990234375,2867.5,12
2026-09-25 07:57:00-04:00,2866.800048828125,2866.800048828125,2867.10009765625,2866.800048828125,2866.89990234375,13
2026-09-25 07:58:00-04:00,2866.800048828125,2866.800048828125,2866.800048828125,2866.60009765625,2866.800048828125,9
2026-09-25 07:59:00-04:00,2866.199951171875,2866.199951171875,2866.89990234375,2865.800048828125,2866.89990234375,43
2026-09-25 08:00:00-04:00,2866.0,2866.0,2866.699951171875,2865.800048828125,2866.0,84
2026-09-25 08:01:00-04:00,2867.39990234375,2867.39990234375,2867.60009765625,2866.10009765625,2866.10009765625,79
2026-09-25 08:02:00-04:00,2867.10009765625,2867.10009765625,2867.60009765625,2867.10009765625,2867.199951171875,21
2026-09-25 08:03:00-04:00,2867.0,2867.0,2867.39990234375,2866.800048828125,2867.10009765625,19
2026-09-25 08:04:00-04:00,2867.60009765625,2867.60009765625,2867.699951171875,2867.199951171875,2867.199951171875,34
2026-09-25 08:05:00-04:00,2866.89990234375,2866.89990234375,2867.300048828125,2866.89990234375,2867.300048828125,21
2026-09-25 08:06:00-04:00,2867.10009765625,2867.10009765625,2867.199951171875,2866.800048828125,2866.800048828125,13
2026-09-25 08:07:00-04:00,2866.5,2866.5,2867.10009765625,2866.300048828125,2867.0,60
2026-09-25 08:08:00-04:00,2865.89990234375,2865.89990234375,2866.60009765625,2865.699951171875,2866.60009765625,99
2026-09-25 08:09:00-04:00,2866.300048828125,2866.300048828125,2866.300048828125,2865.800048828125,2866.0,128
2026-09-25 08:10:00-04:00,2865.300048828125,2865.300048828125,2867.10009765625,2865.10009765625,2866.5,59
2026-09-25 08:11:00-04:00,2867.10009765625,2867.10009765625,2867.10009765625,2865.199951171875,2865.199951171875,100
2026-09-25 08:12:00-04:00,2866.89990234375,2866.89990234375,2867.39990234375,2866.800048828125,2867.10009765625,19
2026-09-25 08:13:00-04:00,2865.39990234375,2865.39990234375,2866.800048828125,2865.39990234375,2866.800048828125,92
2026-09-25 08:14:00-04:00,2865.199951171875,2865.199951171875,2865.39990234375,2864.60009765625,2865.39990234375,45
2026-09-25 08:15:00-04:00,2864.800048828125,2864.800048828125,2865.60009765625,2864.699951171875,2865.199951171875,30
2026-09-25 08:16:00-04:00,2863.699951171875,2863.699951171875,2865.0,2863.39990234375,2865.0,85
2026-09-25 08:17:00-04:00,2863.699951171875,2863.699951171875,2864.0,2863.10009765625,2863.5,45
2026-09-25 08:18:00-04:00,2863.89990234375,2863.89990234375,2864.300048828125,2863.60009765625,2863.800048828125,16
2026-09-25 08:19:00-04:00,2863.39990234375,2863.39990234375,2863.60009765625,2862.699951171875,2863.5,21
2026-09-25 08:20:00-04:00,2863.800048828125,2863.800048828125,2863.89990234375,2863.199951171875,2863.39990234375,19
2026-09-25 08:21:00-04:00,2865.800048828125,2865.800048828125,2865.800048828125,2863.699951171875,2863.89990234375,100
2026-09-25 08:22:00-04:00,2866.0,2866.0,2866.5,2865.5,2865.89990234375,80
2026-09-25 08:23:00-04:00,2866.199951171875,2866.199951171875,2866.199951171875,2865.800048828125,2865.89990234375,9
2026-09-25 08:24:00-04:00,2866.39990234375,2866.39990234375,2866.800048828125,2866.300048828125,2866.39990234375,16
2026-09-25 08:25:00-04:00,2866.10009765625,2866.10009765625,2866.300048828125,2865.800048828125,2866.199951171875,33
2026-09-25 08:26:00-04:00,2866.300048828125,2866.300048828125,2866.89990234375,2866.199951171875,2866.199951171875,141
2026-09-25 08:27:00-04:00,2866.60009765625,2866.60009765625,2866.800048828125,2866.199951171875,2866.300048828125,27
2026-09-25 08:28:00-04:00,2866.300048828125,2866.300048828125,2866.60009765625,2866.0,2866.300048828125,125
2026-09-25 08:29:00-04:00,2865.199951171875,2865.199951171875,2866.199951171875,2865.0,2866.199951171875,20
2026-09-25 08:30:00-04:00,2864.5,2864.5,2865.10009765625,2864.10009765625,2865.10009765625,51
2026-09-25 08:31:00-04:00,2864.10009765625,2864.10009765625,2864.699951171875,2864.10009765625,2864.699951171875,25
2026-09-25 08:32:00-04:00,2863.199951171875,2863.199951171875,2864.0,2862.800048828125,2864.0,38
2026-09-25 08:33:00-04:00,2864.10009765625,2864.10009765625,2864.300048828125,2863.199951171875,2863.199951171875,33
2026-09-25 08:34:00-04:00,2864.39990234375,2864.39990234375,2864.60009765625,2864.0,2864.0,27
2026-09-25 08:35:00-04:00,2863.60009765625,2863.60009765625,2864.300048828125,2863.60009765625,2864.199951171875,41
2026-09-25 08:36:00-04:00,2862.800048828125,2862.800048828125,2863.699951171875,2862.5,2863.699951171875,22
2026-09-25 08:37:00-04:00,2862.199951171875,2862.199951171875,2862.699951171875,2862.0,2862.699951171875,95
2026-09-25 08:38:00-04:00,2862.800048828125,2862.800048828125,2862.800048828125,2862.199951171875,2862.300048828125,59
2026-09-25 08:39:00-04:00,2863.0,2863.0,2863.199951171875,2862.5,2862.800048828125,13
2026-09-25 08:40:00-04:00,2863.0,2863.0,2863.60009765625,2862.699951171875,2863.10009765625,44
2026-09-25 08:41:00-04:00,2863.39990234375,2863.39990234375,2863.60009765625,2862.89990234375,2863.0,29
2026-09-25 08:42:00-04:00,2863.199951171875,2863.199951171875,2863.5,2863.0,2863.300048828125,31
2026-09-25 08:43:00-04:00,2862.0,2862.0,2863.199951171875,2861.800048828125,2863.10009765625,60
2026-09-25 08:44:00-04:00,2864.300048828125,2864.300048828125,2865.300048828125,2861.800048828125,2862.39990234375,328
2026-09-25 08:45:00-04:00,2863.300048828125,2863.300048828125,2863.800048828125,2862.199951171875,2863.800048828125,170
2026-09-25 08:46:00-04:00,2865.89990234375,2865.89990234375,2867.300048828125,2863.39990234375,2863.699951171875,545
2026-09-25 08:47:00-04:00,2867.60009765625,2867.60009765625,2867.60009765625,2862.699951171875,2865.89990234375,447
2026-09-25 08:48:00-04:00,2864.300048828125,2864.300048828125,2866.800048828125,2864.0,2866.800048828125,135
2026-09-25 08:49:00-04:00,2863.60009765625,2863.60009765625,2864.5,2863.60009765625,2863.89990234375,50
2026-09-25 08:50:00-04:00,2862.89990234375,2862.89990234375,2863.800048828125,2862.800048828125,2863.800048828125,43
2026-09-25 08:51:00-04:00,2862.0,2862.0,2862.800048828125,2861.699951171875,2862.800048828125,135
2026-09-25 08:52:00-04:00,2861.39990234375,2861.39990234375,2862.0,2861.199951171875,2862.0,78
2026-09-25 08:53:00-04:00,2862.10009765625,2862.10009765625,2862.10009765625,2861.39990234375,2861.60009765625,40
2026-09-25 08:54:00-04:00,2862.39990234375,2862.39990234375,2862.89990234375,2862.10009765625,2862.300048828125,25
2026-09-25 08:55:00-04:00,2862.199951171875,2862.199951171875,2862.199951171875,2862.0,2862.199951171875,10
2026-09-25 08:56:00-04:00,2862.89990234375,2862.89990234375,2862.89990234375,2861.89990234375,2862.300048828125,18
2026-09-25 08:57:00-04:00,2862.60009765625,2862.60009765625,2862.89990234375,2862.60009765625,2862.89990234375,43
2026-09-25 08:58:00-04:00,2862.89990234375,2862.89990234375,2862.89990234375,2862.39990234375,2862.5,30
2026-09-25 08:59:00-04:00,2862.89990234375,2862.89990234375,2863.0,2862.39990234375,2863.0,31
2026-09-25 09:00:00-04:00,2861.89990234375,2861.89990234375,2863.39990234375,2861.89990234375,2863.10009765625,56
2026-09-25 09:01:00-04:00,2863.199951171875,2863.199951171875,2863.199951171875,2861.800048828125,2861.89990234375,71
2026-09-25 09:02:00-04:00,2863.39990234375,2863.39990234375,2863.39990234375,2862.89990234375,2863.300048828125,15
2026-09-25 09:03:00-04:00,2863.800048828125,2863.800048828125,2864.0,2863.5,2863.60009765625,42
2026-09-25 09:04:00-04:00,2863.199951171875,2863.199951171875,2863.60009765625,2863.0,2863.60009765625,34
2026-09-25 09:05:00-04:00,2862.300048828125,2862.300048828125,2863.5,2862.199951171875,2863.10009765625,60
2026-09-25 09:06:00-04:00,2862.5,2862.5,2863.199951171875,2862.300048828125,2862.300048828125,108
2026-09-25 09:07:00-04:00,2862.5,2862.5,2862.89990234375,2862.39990234375,2862.60009765625,23
2026-09-25 09:08:00-04:00,2862.300048828125,2862.300048828125,2863.300048828125,2862.199951171875,2862.800048828125,58
2026-09-25 09:09:00-04:00,2863.39990234375,2863.39990234375,2863.5,2862.199951171875,2862.300048828125,77
2026-09-25 09:10:00-04:00,2863.39990234375,2863.39990234375,2863.699951171875,2863.199951171875,2863.39990234375,47
2026-09-25 09:11:00-04:00,2864.0,2864.0,2864.0,2863.199951171875,2863.300048828125,61
2026-09-25 09:12:00-04:00,2864.300048828125,2864.300048828125,2864.5,2863.699951171875,2863.89990234375,81
2026-09-25 09:13:00-04:00,2864.60009765625,2864.60009765625,2864.699951171875,2864.300048828125,2864.300048828125,46
2026-09-25 09:14:00-04:00,2864.300048828125,2864.300048828125,2864.800048828125,2864.300048828125,2864.60009765625,47
2026-09-25 09:15:00-04:00,2864.10009765625,2864.10009765625,2864.699951171875,2864.0,2864.5,89
2026-09-25 09:16:00-04:00,2863.800048828125,2863.800048828125,2864.60009765625,2863.800048828125,2864.199951171875,81
2026-09-25 09:17:00-04:00,2862.89990234375,2862.89990234375,2863.89990234375,2862.800048828125,2863.800048828125,55
2026-09-25 09:18:00-04:00,2862.199951171875,2862.199951171875,2862.800048828125,2862.0,2862.800048828125,42
2026-09-25 09:19:00-04:00,2861.800048828125,2861.800048828125,2862.5,2861.699951171875,2862.300048828125,69
2026-09-25 09:20:00-04:00,2861.89990234375,2861.89990234375,2862.10009765625,2861.300048828125,2861.699951171875,77
2026-09-25 09:21:00-04:00,2861.800048828125,2861.800048828125,2862.39990234375,2861.5,2861.800048828125,64
2026-09-25 09:22:00-04:00,2861.800048828125,2861.800048828125,2862.0,2861.39990234375,2861.89990234375,35
2026-09-25 09:23:00-04:00,2860.39990234375,2860.39990234375,2861.5,2860.300048828125,2861.5,124
2026-09-25 09:24:00-04:00,2860.0,2860.0,2861.199951171875,2859.800048828125,2860.5,89
2026-09-25 09:25:00-04:00,2859.89990234375,2859.89990234375,2860.300048828125,2859.60009765625,2859.89990234375,120
2026-09-25 09:26:00-04:00,2860.60009765625,2860.60009765625,2860.60009765625,2859.60009765625,2859.800048828125,153
2026-09-25 09:27:00-04:00,2861.5,2861.5,2861.60009765625,2860.5,2860.699951171875,280
2026-09-25 09:28:00-04:00,2861.5,2861.5,2862.39990234375,2860.699951171875,2861.39990234375,302
2026-09-25 09:29:00-04:00,2862.300048828125,2862.300048828125,2862.89990234375,2861.199951171875,2861.60009765625,294
2026-09-25 09:30:00-04:00,2861.39990234375,2861.39990234375,2863.10009765625,2859.199951171875,2862.39990234375,2968
2026-09-25 09:31:00-04:00,2861.0,2861.0,2861.800048828125,2858.5,2861.60009765625,1222
2026-09-25 09:32:00-04:00,2857.39990234375,2857.39990234375,2862.5,2857.39990234375,2861.0,1214
2026-09-25 09:33:00-04:00,2859.39990234375,2859.39990234375,2860.300048828125,2857.300048828125,2857.5,1191
2026-09-25 09:34:00-04:00,2857.800048828125,2857.800048828125,2859.5,2857.10009765625,2859.5,740
2026-09-25 09:35:00-04:00,2857.5,2857.5,2858.5,2857.0,2857.89990234375,1034
2026-09-25 09:36:00-04:00,2856.5,2856.5,2857.800048828125,2855.300048828125,2857.60009765625,551
2026-09-25 09:37:00-04:00,2858.60009765625,2858.60009765625,2858.89990234375,2855.10009765625,2856.39990234375,774
2026-09-25 09:38:00-04:00,2860.300048828125,2860.300048828125,2860.5,2858.5,2858.699951171875,596
2026-09-25 09:39:00-04:00,2859.89990234375,2859.89990234375,2860.800048828125,2857.5,2860.39990234375,711
2026-09-25 09:40:00-04:00,2859.5,2859.5,2861.10009765625,2858.800048828125,2859.699951171875,395
2026-09-25 09:41:00-04:00,2862.60009765625,2862.60009765625,2863.0,2858.300048828125,2859.39990234375,904
2026-09-25 09:42:00-04:00,2864.800048828125,2864.800048828125,2864.800048828125,2861.89990234375,2862.60009765625,915
2026-09-25 09:43:00-04:00,2860.0,2860.0,2865.699951171875,2859.5,2864.89990234375,1184
2026-09-25 09:44:00-04:00,2858.300048828125,2858.300048828125,2860.39990234375,2857.89990234375,2860.10009765625,442
2026-09-25 09:45:00-04:00,2856.60009765625,2856.60009765625,2858.300048828125,2855.89990234375,2858.300048828125,657
2026-09-25 09:46:00-04:00,2855.800048828125,2855.800048828125,2857.0,2854.89990234375,2856.60009765625,455
2026-09-25 09:47:00-04:00,2854.699951171875,2854.699951171875,2855.800048828125,2854.199951171875,2855.699951171875,368
2026-09-25 09:48:00-04:00,2854.10009765625,2854.10009765625,2856.0,2852.800048828125,2854.699951171875,634
2026-09-25 09:49:00-04:00,2856.60009765625,2856.60009765625,2857.0,2853.89990234375,2854.0,350
2026-09-25 09:50:00-04:00,2855.39990234375,2855.39990234375,2856.699951171875,2854.89990234375,2856.60009765625,376
2026-09-25 09:51:00-04:00,2856.0,2856.0,2856.5,2854.39990234375,2855.39990234375,332
2026-09-25 09:52:00-04:00,2854.60009765625,2854.60009765625,2855.89990234375,2854.199951171875,2855.800048828125,279
2026-09-25 09:53:00-04:00,2857.199951171875,2857.199951171875,2857.39990234375,2854.39990234375,2854.60009765625,431
2026-09-25 09:54:00-04:00,2858.39990234375,2858.39990234375,2859.10009765625,2856.699951171875,2857.10009765625,508
2026-09-25 09:55:00-04:00,2857.60009765625,2857.60009765625,2858.800048828125,2856.89990234375,2858.39990234375,421
2026-09-25 09:56:00-04:00,2859.10009765625,2859.10009765625,2859.699951171875,2857.39990234375,2857.60009765625,287
2026-09-25 09:57:00-04:00,2859.800048828125,2859.800048828125,2860.39990234375,2858.60009765625,2859.300048828125,467
2026-09-25 09:58:00-04:00,2858.699951171875,2858.699951171875,2860.0,2858.5,2859.699951171875,451
2026-09-25 09:59:00-04:00,2857.39990234375,2857.39990234375,2858.89990234375,2856.699951171875,2858.699951171875,303
2026-09-25 10:00:00-04:00,2854.89990234375,2854.89990234375,2857.800048828125,2854.10009765625,2857.39990234375,541
2026-09-25 10:01:00-04:00,2853.199951171875,2853.199951171875,2855.10009765625,2852.5,2855.0,524
2026-09-25 10:02:00-04:00,2851.10009765625,2851.10009765625,2853.5,2850.89990234375,2853.300048828125,571
2026-09-25 10:03:00-04:00,2849.39990234375,2849.39990234375,2851.0,2848.0,2851.0,784
2026-09-25 10:04:00-04:00,2846.60009765625,2846.60009765625,2850.199951171875,2846.300048828125,2849.300048828125,807
2026-09-25 10:05:00-04:00,2843.5,2843.5,2846.39990234375,2843.39990234375,2846.39990234375,1111
2026-09-25 10:06:00-04:00,2845.300048828125,2845.300048828125,2846.300048828125,2843.0,2843.60009765625,813
2026-09-25 10:07:00-04:00,2845.10009765625,2845.10009765625,2846.800048828125,2844.800048828125,2845.39990234375,735
2026-09-25 10:08:00-04:00,2848.10009765625,2848.10009765625,2848.10009765625,2845.0,2845.300048828125,644
2026-09-25 10:09:00-04:00,2848.800048828125,2848.800048828125,2848.800048828125,2846.89990234375,2848.199951171875,444
2026-09-25 10:10:00-04:00,2847.89990234375,2847.89990234375,2850.300048828125,2847.800048828125,2848.699951171875,525
2026-09-25 10:11:00-04:00,2850.300048828125,2850.300048828125,2850.699951171875,2847.0,2848.0,371
2026-09-25 10:12:00-04:00,2849.39990234375,2849.39990234375,2850.39990234375,2847.5,2850.39990234375,283
2026-09-25 10:13:00-04:00,2849.10009765625,2849.10009765625,2850.89990234375,2848.39990234375,2849.300048828125,338
2026-09-25 10:14:00-04:00,2848.199951171875,2848.199951171875,2849.39990234375,2847.10009765625,2848.800048828125,299
2026-09-25 10:15:00-04:00,2848.60009765625,2848.60009765625,2850.0,2845.5,2848.199951171875,768
2026-09-25 10:16:00-04:00,2845.10009765625,2845.10009765625,2848.89990234375,2844.699951171875,2848.699951171875,557
2026-09-25 10:17:00-04:00,2845.0,2845.0,2845.699951171875,2844.39990234375,2845.300048828125,323
2026-09-25 10:18:00-04:00,2844.199951171875,2844.199951171875,2846.60009765625,2843.89990234375,2845.0,320
2026-09-25 10:19:00-04:00,2847.60009765625,2847.60009765625,2848.0,2843.39990234375,2844.300048828125,357
2026-09-25 10:20:00-04:00,2849.60009765625,2849.60009765625,2849.800048828125,2847.10009765625,2847.699951171875,358
2026-09-25 10:21:00-04:00,2849.199951171875,2849.199951171875,2850.199951171875,2848.300048828125,2849.39990234375,335
2026-09-25 10:22:00-04:00,2850.800048828125,2850.800048828125,2851.5,2849.10009765625,2849.10009765625,336
2026-09-25 10:23:00-04:00,2851.39990234375,2851.39990234375,2851.89990234375,2850.0,2850.89990234375,270
2026-09-25 10:24:00-04:00,2851.0,2851.0,2852.199951171875,2849.699951171875,2851.199951171875,367
2026-09-25 10:25:00-04:00,2851.10009765625,2851.10009765625,2851.39990234375,2850.0,2851.10009765625,319
2026-09-25 10:26:00-04:00,2850.10009765625,2850.10009765625,2851.39990234375,2849.5,2851.199951171875,265
2026-09-25 10:27:00-04:00,2848.5,2848.5,2850.199951171875,2848.199951171875,2850.10009765625,386
2026-09-25 10:28:00-04:00,2847.39990234375,2847.39990234375,2848.800048828125,2846.300048828125,2848.60009765625,389
2026-09-25 10:29:00-04:00,2846.89990234375,2846.89990234375,2848.800048828125,2846.699951171875,2847.5,444
2026-09-25 10:30:00-04:00,2846.89990234375,2846.89990234375,2847.699951171875,2845.10009765625,2847.10009765625,534
2026-09-25 10:31:00-04:00,2846.699951171875,2846.699951171875,2847.60009765625,2846.10009765625,2846.89990234375,206
2026-09-25 10:32:00-04:00,2846.699951171875,2846.699951171875,2847.300048828125,2845.800048828125,2846.699951171875,352
2026-09-25 10:33:00-04:00,2845.5,2845.5,2846.699951171875,2845.10009765625,2846.699951171875,273
2026-09-25 10:34:00-04:00,2847.0,2847.0,2847.60009765625,2845.5,2845.60009765625,335
2026-09-25 10:35:00-04:00,2847.699951171875,2847.699951171875,2847.89990234375,2845.5,2847.10009765625,188
2026-09-25 10:36:00-04:00,2847.199951171875,2847.199951171875,2848.5,2847.0,2847.800048828125,193
2026-09-25 10:37:00-04:00,2848.39990234375,2848.39990234375,2848.800048828125,2847.0,2847.10009765625,234
2026-09-25 10:38:00-04:00,2847.800048828125,2847.800048828125,2849.5,2847.300048828125,2848.5,304
2026-09-25 10:39:00-04:00,2847.699951171875,2847.699951171875,2848.800048828125,2847.699951171875,2847.800048828125,186
2026-09-25 10:40:00-04:00,2846.300048828125,2846.300048828125,2847.89990234375,2846.199951171875,2847.60009765625,237
2026-09-25 10:41:00-04:00,2845.39990234375,2845.39990234375,2847.300048828125,2845.10009765625,2846.39990234375,266
2026-09-25 10:42:00-04:00,2847.0,2847.0,2847.199951171875,2844.5,2845.5,357
2026-09-25 10:43:00-04:00,2846.10009765625,2846.10009765625,2847.39990234375,2845.699951171875,2846.89990234375,162
2026-09-25 10:44:00-04:00,2847.60009765625,2847.60009765625,2847.699951171875,2845.699951171875,2846.199951171875,230
2026-09-25 10:45:00-04:00,2847.199951171875,2847.199951171875,2847.60009765625,2845.89990234375,2847.5,210
2026-09-25 10:46:00-04:00,2847.800048828125,2847.800048828125,2849.300048828125,2845.199951171875,2846.89990234375,1009
2026-09-25 10:47:00-04:00,2848.60009765625,2848.60009765625,2849.699951171875,2847.10009765625,2847.60009765625,251
2026-09-25 10:48:00-04:00,2846.10009765625,2846.10009765625,2848.89990234375,2846.10009765625,2848.699951171875,210
2026-09-25 10:49:00-04:00,2848.5,2848.5,2849.199951171875,2846.0,2846.199951171875,186
2026-09-25 10:50:00-04:00,2848.10009765625,2848.10009765625,2848.800048828125,2847.699951171875,2848.60009765625,130
2026-09-25 10:51:00-04:00,2844.39990234375,2844.39990234375,2848.39990234375,2844.39990234375,2848.300048828125,226
2026-09-25 10:52:00-04:00,2844.10009765625,2844.10009765625,2845.0,2843.60009765625,2844.39990234375,276
2026-09-25 10:53:00-04:00,2844.800048828125,2844.800048828125,2845.699951171875,2844.0,2844.199951171875,174
2026-09-25 10:54:00-04:00,2846.800048828125,2846.800048828125,2847.39990234375,2844.800048828125,2844.800048828125,216
2026-09-25 10:55:00-04:00,2847.199951171875,2847.199951171875,2847.60009765625,2846.5,2846.89990234375,226
2026-09-25 10:56:00-04:00,2847.0,2847.0,2848.300048828125,2846.89990234375,2847.10009765625,238
2026-09-25 10:57:00-04:00,2846.89990234375,2846.89990234375,2848.39990234375,2846.699951171875,2847.10009765625,318
2026-09-25 10:58:00-04:00,2848.10009765625,2848.10009765625,2848.199951171875,2845.5,2846.89990234375,166
2026-09-25 10:59:00-04:00,2849.0,2849.0,2849.199951171875,2847.89990234375,2847.89990234375,302
2026-09-25 11:00:00-04:00,2850.199951171875,2850.199951171875,2850.300048828125,2848.60009765625,2849.0,258
2026-09-25 11:01:00-04:00,2851.0,2851.0,2851.89990234375,2849.89990234375,2850.10009765625,815
2026-09-25 11:02:00-04:00,2852.199951171875,2852.199951171875,2853.39990234375,2851.10009765625,2851.10009765625,617
2026-09-25 11:03:00-04:00,2853.0,2853.0,2854.0,2852.39990234375,2852.39990234375,503
2026-09-25 11:04:00-04:00,2854.10009765625,2854.10009765625,2856.10009765625,2852.800048828125,2853.10009765625,673
2026-09-25 11:05:00-04:00,2855.60009765625,2855.60009765625,2855.60009765625,2854.0,2854.0,290
2026-09-25 11:06:00-04:00,2856.300048828125,2856.300048828125,2856.800048828125,2855.39990234375,2855.60009765625,233
2026-09-25 11:07:00-04:00,2854.89990234375,2854.89990234375,2857.199951171875,2854.699951171875,2856.39990234375,205
2026-09-25 11:08:00-04:00,2853.199951171875,2853.199951171875,2855.199951171875,2852.800048828125,2855.0,300
2026-09-25 11:09:00-04:00,2852.0,2852.0,2853.39990234375,2851.60009765625,2853.199951171875,261
2026-09-25 11:10:00-04:00,2850.699951171875,2850.699951171875,2852.10009765625,2850.300048828125,2852.0,320
2026-09-25 11:11:00-04:00,2850.60009765625,2850.60009765625,2851.199951171875,2850.0,2850.699951171875,293
2026-09-25 11:12:00-04:00,2851.800048828125,2851.800048828125,2851.800048828125,2850.199951171875,2850.699951171875,258
2026-09-25 11:13:00-04:00,2852.89990234375,2852.89990234375,2853.199951171875,2851.800048828125,2851.800048828125,274
2026-09-25 11:14:00-04:00,2853.5,2853.5,2853.60009765625,2852.699951171875,2853.0,104
2026-09-25 11:15:00-04:00,2852.5,2852.5,2853.60009765625,2851.800048828125,2853.300048828125,357
2026-09-25 11:16:00-04:00,2852.800048828125,2852.800048828125,2852.800048828125,2851.89990234375,2852.39990234375,144
2026-09-25 11:17:00-04:00,2852.300048828125,2852.300048828125,2853.199951171875,2852.0,2852.60009765625,109
2026-09-25 11:18:00-04:00,2853.199951171875,2853.199951171875,2853.60009765625,2852.39990234375,2852.39990234375,123
2026-09-25 11:19:00-04:00,2851.800048828125,2851.800048828125,2853.300048828125,2851.39990234375,2853.300048828125,174
2026-09-25 11:20:00-04:00,2853.699951171875,2853.699951171875,2853.800048828125,2851.800048828125,2851.89990234375,352
2026-09-25 11:21:00-04:00,2854.39990234375,2854.39990234375,2856.60009765625,2852.60009765625,2853.699951171875,842
2026-09-25 11:22:00-04:00,2854.89990234375,2854.89990234375,2855.39990234375,2854.0,2854.300048828125,139
2026-09-25 11:23:00-04:00,2854.0,2854.0,2855.10009765625,2853.800048828125,2854.89990234375,170
2026-09-25 11:24:00-04:00,2852.800048828125,2852.800048828125,2854.39990234375,2852.800048828125,2854.10009765625,132
2026-09-25 11:25:00-04:00,2852.199951171875,2852.199951171875,2853.699951171875,2852.10009765625,2853.0,166
2026-09-25 11:26:00-04:00,2853.699951171875,2853.699951171875,2853.699951171875,2851.699951171875,2852.10009765625,221
2026-09-25 11:27:00-04:00,2852.800048828125,2852.800048828125,2853.800048828125,2852.300048828125,2853.60009765625,235
2026-09-25 11:28:00-04:00,2852.89990234375,2852.89990234375,2853.0,2852.10009765625,2853.0,82
2026-09-25 11:29:00-04:00,2852.800048828125,2852.800048828125,2853.39990234375,2852.199951171875,2852.89990234375,183
2026-09-25 11:30:00-04:00,2855.10009765625,2855.10009765625,2858.300048828125,2852.699951171875,2852.800048828125,2197
2026-09-25 11:31:00-04:00,2855.699951171875,2855.699951171875,2855.699951171875,2854.0,2855.0,379
2026-09-25 11:32:00-04:00,2855.699951171875,2855.699951171875,2856.800048828125,2855.10009765625,2855.60009765625,411
2026-09-25 11:33:00-04:00,2855.10009765625,2855.10009765625,2855.800048828125,2854.39990234375,2855.800048828125,165
2026-09-25 11:34:00-04:00,2853.10009765625,2853.10009765625,2855.5,2852.5,2855.10009765625,713
2026-09-25 11:35:00-04:00,2853.89990234375,2853.89990234375,2854.199951171875,2852.800048828125,2853.199951171875,333
2026-09-25 11:36:00-04:00,2853.800048828125,2853.800048828125,2854.5,2853.10009765625,2853.800048828125,290
2026-09-25 11:37:00-04:00,2854.10009765625,2854.10009765625,2854.300048828125,2853.199951171875,2853.699951171875,251
2026-09-25 11:38:00-04:00,2852.199951171875,2852.199951171875,2854.10009765625,2852.10009765625,2854.10009765625,266
2026-09-25 11:39:00-04:00,2851.5,2851.5,2852.199951171875,2851.199951171875,2852.10009765625,234
2026-09-25 11:40:00-04:00,2851.800048828125,2851.800048828125,2852.0,2850.89990234375,2851.699951171875,227
2026-09-25 11:41:00-04:00,2851.5,2851.5,2852.10009765625,2850.89990234375,2851.800048828125,123
2026-09-25 11:42:00-04:00,2850.39990234375,2850.39990234375,2851.699951171875,2850.10009765625,2851.5,196
2026-09-25 11:43:00-04:00,2849.5,2849.5,2850.5,2849.39990234375,2850.300048828125,151
2026-09-25 11:44:00-04:00,2848.199951171875,2848.199951171875,2849.699951171875,2848.10009765625,2849.5,190
2026-09-25 11:45:00-04:00,2847.39990234375,2847.39990234375,2848.60009765625,2847.39990234375,2848.199951171875,213
2026-09-25 11:46:00-04:00,2849.0,2849.0,2849.0,2846.699951171875,2847.60009765625,417
2026-09-25 11:47:00-04:00,2849.39990234375,2849.39990234375,2849.699951171875,2848.89990234375,2849.0,234
2026-09-25 11:48:00-04:00,2849.60009765625,2849.60009765625,2850.300048828125,2848.89990234375,2849.199951171875,176
2026-09-25 11:49:00-04:00,2850.10009765625,2850.10009765625,2850.199951171875,2849.5,2849.699951171875,105
2026-09-25 11:50:00-04:00,2850.10009765625,2850.10009765625,2850.60009765625,2849.699951171875,2850.199951171875,138
2026-09-25 11:51:00-04:00,2846.89990234375,2846.89990234375,2849.800048828125,2846.800048828125,2849.800048828125,302
2026-09-25 11:52:00-04:00,2847.300048828125,2847.300048828125,2847.5,2846.300048828125,2846.800048828125,218
2026-09-25 11:53:00-04:00,2848.199951171875,2848.199951171875,2848.199951171875,2847.199951171875,2847.39990234375,145
2026-09-25 11:54:00-04:00,2851.199951171875,2851.199951171875,2852.5,2847.89990234375,2848.10009765625,1358
2026-09-25 11:55:00-04:00,2851.800048828125,2851.800048828125,2853.39990234375,2851.0,2851.10009765625,452
2026-09-25 11:56:00-04:00,2852.800048828125,2852.800048828125,2853.0,2850.89990234375,2851.800048828125,133
2026-09-25 11:57:00-04:00,2853.5,2853.5,2853.800048828125,2852.800048828125,2852.800048828125,147
2026-09-25 11:58:00-04:00,2857.60009765625,2857.60009765625,2858.10009765625,2853.300048828125,2853.60009765625,662
2026-09-25 11:59:00-04:00,2860.39990234375,2860.39990234375,2860.5,2856.89990234375,2857.300048828125,725
2026-09-25 12:00:00-04:00,2863.60009765625,2863.60009765625,2863.800048828125,2859.300048828125,2860.39990234375,1017
2026-09-25 12:01:00-04:00,2862.699951171875,2862.699951171875,2865.60009765625,2862.699951171875,2863.5,947
2026-09-25 12:02:00-04:00,2867.300048828125,2867.300048828125,2867.5,2863.0,2863.0,1402
2026-09-25 12:03:00-04:00,2871.10009765625,2871.10009765625,2871.39990234375,2866.39990234375,2867.199951171875,1632
2026-09-25 12:04:00-04:00,2869.89990234375,2869.89990234375,2871.39990234375,2867.199951171875,2871.10009765625,1800
2026-09-25 12:05:00-04:00,2870.5,2870.5,2871.5,2868.39990234375,2870.0,823
2026-09-25 12:06:00-04:00,2871.39990234375,2871.39990234375,2871.60009765625,2867.800048828125,2870.699951171875,612
2026-09-25 12:07:00-04:00,2871.10009765625,2871.10009765625,2872.300048828125,2870.5,2871.39990234375,464
2026-09-25 12:08:00-04:00,2872.0,2872.0,2873.300048828125,2870.5,2871.199951171875,673
2026-09-25 12:09:00-04:00,2872.89990234375,2872.89990234375,2873.0,2870.39990234375,2872.10009765625,578
2026-09-25 12:10:00-04:00,2871.89990234375,2871.89990234375,2874.10009765625,2871.699951171875,2872.89990234375,626
2026-09-25 12:11:00-04:00,2872.300048828125,2872.300048828125,2872.60009765625,2870.800048828125,2872.0,406
2026-09-25 12:12:00-04:00,2872.0,2872.0,2874.10009765625,2871.800048828125,2872.39990234375,413
2026-09-25 12:13:00-04:00,2871.60009765625,2871.60009765625,2872.89990234375,2871.199951171875,2872.199951171875,337
2026-09-25 12:14:00-04:00,2871.199951171875,2871.199951171875,2871.800048828125,2869.39990234375,2871.60009765625,526
2026-09-25 12:15:00-04:00,2872.0,2872.0,2872.10009765625,2869.800048828125,2871.199951171875,570
2026-09-25 12:16:00-04:00,2871.800048828125,2871.800048828125,2872.39990234375,2870.5,2872.0,799
2026-09-25 12:17:00-04:00,2869.10009765625,2869.10009765625,2873.60009765625,2869.0,2871.699951171875,456
2026-09-25 12:18:00-04:00,2867.89990234375,2867.89990234375,2869.0,2867.39990234375,2869.0,386
2026-09-25 12:19:00-04:00,2868.89990234375,2868.89990234375,2869.0,2866.5,2867.89990234375,357
2026-09-25 12:20:00-04:00,2867.5,2867.5,2869.300048828125,2867.300048828125,2868.800048828125,582
2026-09-25 12:21:00-04:00,2867.39990234375,2867.39990234375,2868.39990234375,2866.5,2867.60009765625,475
2026-09-25 12:22:00-04:00,2866.699951171875,2866.699951171875,2867.60009765625,2865.60009765625,2867.300048828125,445
2026-09-25 12:23:00-04:00,2866.300048828125,2866.300048828125,2867.699951171875,2864.800048828125,2866.89990234375,693
2026-09-25 12:24:00-04:00,2866.300048828125,2866.300048828125,2867.10009765625,2865.699951171875,2866.199951171875,323
2026-09-25 12:25:00-04:00,2867.39990234375,2867.39990234375,2868.699951171875,2866.10009765625,2866.39990234375,391
2026-09-25 12:26:00-04:00,2870.39990234375,2870.39990234375,2870.5,2867.39990234375,2867.39990234375,305
2026-09-25 12:27:00-04:00,2868.39990234375,2868.39990234375,2870.5,2868.199951171875,2870.300048828125,346
2026-09-25 12:28:00-04:00,2868.39990234375,2868.39990234375,2868.89990234375,2867.89990234375,2868.800048828125,177
2026-09-25 12:29:00-04:00,2869.10009765625,2869.10009765625,2869.60009765625,2868.5,2868.5,142
2026-09-25 12:30:00-04:00,2870.10009765625,2870.10009765625,2870.199951171875,2868.800048828125,2869.10009765625,204
2026-09-25 12:31:00-04:00,2869.5,2869.5,2870.199951171875,2869.10009765625,2870.10009765625,127
2026-09-25 12:32:00-04:00,2870.10009765625,2870.10009765625,2870.5,2869.199951171875,2869.39990234375,283
2026-09-25 12:33:00-04:00,2869.60009765625,2869.60009765625,2870.5,2869.199951171875,2870.10009765625,312
2026-09-25 12:34:00-04:00,2864.39990234375,2864.39990234375,2869.5,2862.5,2869.5,2430
2026-09-25 12:35:00-04:00,2866.800048828125,2866.800048828125,2866.800048828125,2864.5,2864.5,396
2026-09-25 12:36:00-04:00,2866.800048828125,2866.800048828125,2866.800048828125,2865.199951171875,2866.60009765625,384
2026-09-25 12:37:00-04:00,2866.300048828125,2866.300048828125,2868.60009765625,2865.89990234375,2866.89990234375,266
2026-09-25 12:38:00-04:00,2866.10009765625,2866.10009765625,2866.39990234375,2864.5,2866.199951171875,320
2026-09-25 12:39:00-04:00,2865.89990234375,2865.89990234375,2867.0,2865.60009765625,2866.0,130
2026-09-25 12:40:00-04:00,2864.89990234375,2864.89990234375,2866.199951171875,2864.89990234375,2865.89990234375,163
2026-09-25 12:41:00-04:00,2865.10009765625,2865.10009765625,2865.300048828125,2864.0,2864.89990234375,200
2026-09-25 12:42:00-04:00,2865.89990234375,2865.89990234375,2867.5,2865.39990234375,2865.39990234375,465
2026-09-25 12:43:00-04:00,2865.699951171875,2865.699951171875,2866.5,2865.5,2865.800048828125,122
2026-09-25 12:44:00-04:00,2865.800048828125,2865.800048828125,2866.699951171875,2865.699951171875,2865.89990234375,115
2026-09-25 12:45:00-04:00,2864.0,2864.0,2865.800048828125,2863.5,2865.800048828125,167
2026-09-25 12:46:00-04:00,2864.60009765625,2864.60009765625,2865.10009765625,2864.10009765625,2864.199951171875,135
2026-09-25 12:47:00-04:00,2864.5,2864.5,2864.699951171875,2864.10009765625,2864.60009765625,94
2026-09-25 12:48:00-04:00,2862.60009765625,2862.60009765625,2864.60009765625,2862.5,2864.0,200
2026-09-25 12:49:00-04:00,2863.10009765625,2863.10009765625,2863.699951171875,2862.10009765625,2862.699951171875,222
2026-09-25 12:50:00-04:00,2863.10009765625,2863.10009765625,2864.0,2863.0,2863.300048828125,160
2026-09-25 12:51:00-04:00,2863.0,2863.0,2863.10009765625,2862.5,2863.10009765625,115
2026-09-25 12:52:00-04:00,2863.10009765625,2863.10009765625,2863.39990234375,2862.5,2863.0,202
2026-09-25 12:53:00-04:00,2863.199951171875,2863.199951171875,2863.60009765625,2862.800048828125,2863.300048828125,111
2026-09-25 12:54:00-04:00,2863.5,2863.5,2863.800048828125,2863.0,2863.199951171875,97
2026-09-25 12:55:00-04:00,2863.300048828125,2863.300048828125,2863.800048828125,2863.0,2863.60009765625,120
2026-09-25 12:56:00-04:00,2862.800048828125,2862.800048828125,2863.89990234375,2862.699951171875,2863.300048828125,113
2026-09-25 12:57:00-04:00,2862.300048828125,2862.300048828125,2862.800048828125,2862.0,2862.800048828125,105
2026-09-25 12:58:00-04:00,2862.10009765625,2862.10009765625,2862.199951171875,2861.800048828125,2862.199951171875,75
2026-09-25 12:59:00-04:00,2861.60009765625,2861.60009765625,2862.39990234375,2860.60009765625,2862.10009765625,910
2026-09-25 13:00:00-04:00,2861.199951171875,2861.199951171875,2861.699951171875,2860.5,2861.39990234375,181
2026-09-25 13:01:00-04:00,2863.89990234375,2863.89990234375,2864.300048828125,2861.199951171875,2861.199951171875,541
2026-09-25 13:02:00-04:00,2863.5,2863.5,2864.300048828125,2863.39990234375,2864.0,177
2026-09-25 13:03:00-04:00,2862.89990234375,2862.89990234375,2863.800048828125,2862.800048828125,2863.60009765625,309
2026-09-25 13:04:00-04:00,2863.10009765625,2863.10009765625,2863.39990234375,2862.60009765625,2863.0,156
2026-09-25 13:05:00-04:00,2862.5,2862.5,2863.39990234375,2862.5,2863.0,104
2026-09-25 13:06:00-04:00,2862.199951171875,2862.199951171875,2863.0,2862.10009765625,2862.5,139
2026-09-25 13:07:00-04:00,2862.39990234375,2862.39990234375,2862.89990234375,2861.89990234375,2862.300048828125,266
2026-09-25 13:08:00-04:00,2862.0,2862.0,2862.5,2860.89990234375,2862.5,161
2026-09-25 13:09:00-04:00,2863.300048828125,2863.300048828125,2863.5,2862.0,2862.0,109
2026-09-25 13:10:00-04:00,2862.60009765625,2862.60009765625,2863.300048828125,2862.39990234375,2863.199951171875,148
2026-09-25 13:11:00-04:00,2862.10009765625,2862.10009765625,2862.800048828125,2862.0,2862.60009765625,96
2026-09-25 13:12:00-04:00,2862.199951171875,2862.199951171875,2862.39990234375,2861.10009765625,2862.199951171875,110
2026-09-25 13:13:00-04:00,2862.39990234375,2862.39990234375,2863.199951171875,2862.10009765625,2862.10009765625,94
2026-09-25 13:14:00-04:00,2862.89990234375,2862.89990234375,2862.89990234375,2862.199951171875,2862.5,67
2026-09-25 13:15:00-04:00,2862.0,2862.0,2863.10009765625,2861.89990234375,2862.89990234375,123
2026-09-25 13:16:00-04:00,2861.699951171875,2861.699951171875,2862.0,2861.0,2862.0,148
2026-09-25 13:17:00-04:00,2861.10009765625,2861.10009765625,2862.300048828125,2861.10009765625,2861.800048828125,263
2026-09-25 13:18:00-04:00,2860.800048828125,2860.800048828125,2861.199951171875,2860.0,2861.10009765625,169
2026-09-25 13:19:00-04:00,2860.699951171875,2860.699951171875,2861.39990234375,2860.39990234375,2860.699951171875,77
2026-09-25 13:20:00-04:00,2860.39990234375,2860.39990234375,2861.199951171875,2860.300048828125,2860.60009765625,296
2026-09-25 13:21:00-04:00,2860.60009765625,2860.60009765625,2860.800048828125,2859.800048828125,2860.300048828125,124
2026-09-25 13:22:00-04:00,2860.800048828125,2860.800048828125,2860.89990234375,2860.60009765625,2860.60009765625,125
2026-09-25 13:23:00-04:00,2861.300048828125,2861.300048828125,2861.39990234375,2860.60009765625,2860.89990234375,118
2026-09-25 13:24:00-04:00,2861.699951171875,2861.699951171875,2862.0,2861.10009765625,2861.300048828125,173
2026-09-25 13:25:00-04:00,2861.60009765625,2861.60009765625,2862.10009765625,2861.10009765625,2861.89990234375,104
2026-09-25 13:26:00-04:00,2861.0,2861.0,2861.60009765625,2861.0,2861.5,172
2026-09-25 13:27:00-04:00,2860.699951171875,2860.699951171875,2861.199951171875,2860.699951171875,2861.0,78
2026-09-25 13:28:00-04:00,2860.300048828125,2860.300048828125,2860.89990234375,2860.199951171875,2860.699951171875,124
2026-09-25 13:29:00-04:00,2860.300048828125,2860.300048828125,2860.699951171875,2860.300048828125,2860.39990234375,181
2026-09-25 13:30:00-04:00,2860.800048828125,2860.800048828125,2860.800048828125,2859.89990234375,2860.39990234375,244
2026-09-25 13:31:00-04:00,2858.5,2858.5,2860.800048828125,2858.5,2860.800048828125,203
2026-09-25 13:32:00-04:00,2859.5,2859.5,2859.699951171875,2858.60009765625,2858.60009765625,160
2026-09-25 13:33:00-04:00,2858.89990234375,2858.89990234375,2860.0,2858.800048828125,2859.699951171875,211
2026-09-25 13:34:00-04:00,2858.39990234375,2858.39990234375,2858.89990234375,2857.5,2858.89990234375,223
2026-09-25 13:35:00-04:00,2857.300048828125,2857.300048828125,2858.39990234375,2857.10009765625,2858.39990234375,149
2026-09-25 13:36:00-04:00,2856.199951171875,2856.199951171875,2857.5,2855.89990234375,2857.300048828125,288
2026-09-25 13:37:00-04:00,2855.89990234375,2855.89990234375,2856.5,2855.800048828125,2856.199951171875,223
2026-09-25 13:38:00-04:00,2856.300048828125,2856.300048828125,2856.800048828125,2855.89990234375,2855.89990234375,132
2026-09-25 13:39:00-04:00,2857.60009765625,2857.60009765625,2858.89990234375,2856.199951171875,2856.300048828125,794
2026-09-25 13:40:00-04:00,2857.60009765625,2857.60009765625,2858.800048828125,2857.199951171875,2857.60009765625,369
2026-09-25 13:41:00-04:00,2858.800048828125,2858.800048828125,2859.5,2857.300048828125,2857.5,203
2026-09-25 13:42:00-04:00,2859.5,2859.5,2859.89990234375,2858.800048828125,2858.89990234375,126
2026-09-25 13:43:00-04:00,2859.39990234375,2859.39990234375,2859.60009765625,2859.0,2859.5,143
2026-09-25 13:44:00-04:00,2858.699951171875,2858.699951171875,2860.10009765625,2858.39990234375,2859.5,106
2026-09-25 13:45:00-04:00,2859.0,2859.0,2859.199951171875,2858.199951171875,2858.5,125
2026-09-25 13:46:00-04:00,2859.199951171875,2859.199951171875,2859.699951171875,2858.89990234375,2859.0,133
2026-09-25 13:47:00-04:00,2858.5,2858.5,2859.39990234375,2858.5,2859.199951171875,93
2026-09-25 13:48:00-04:00,2858.89990234375,2858.89990234375,2859.300048828125,2858.300048828125,2858.5,64
2026-09-25 13:49:00-04:00,2859.10009765625,2859.10009765625,2859.60009765625,2858.89990234375,2859.0,70
2026-09-25 13:50:00-04:00,2858.699951171875,2858.699951171875,2859.39990234375,2858.60009765625,2859.199951171875,50
2026-09-25 13:51:00-04:00,2858.300048828125,2858.300048828125,2858.89990234375,2858.0,2858.89990234375,118
2026-09-25 13:52:00-04:00,2857.5,2857.5,2858.39990234375,2857.300048828125,2858.300048828125,115
2026-09-25 13:53:00-04:00,2857.89990234375,2857.89990234375,2858.199951171875,2857.300048828125,2857.39990234375,95
2026-09-25 13:54:00-04:00,2857.60009765625,2857.60009765625,2858.10009765625,2857.199951171875,2857.89990234375,143
2026-09-25 13:55:00-04:00,2857.699951171875,2857.699951171875,2857.89990234375,2857.300048828125,2857.60009765625,95
2026-09-25 13:56:00-04:00,2858.10009765625,2858.10009765625,2858.300048828125,2857.800048828125,2857.89990234375,65
2026-09-25 13:57:00-04:00,2858.10009765625,2858.10009765625,2858.10009765625,2857.800048828125,2858.10009765625,43
2026-09-25 13:58:00-04:00,2858.800048828125,2858.800048828125,2858.89990234375,2858.300048828125,2858.39990234375,59
2026-09-25 13:59:00-04:00,2859.199951171875,2859.199951171875,2859.199951171875,2858.699951171875,2858.800048828125,52
2026-09-25 14:00:00-04:00,2858.5,2858.5,2859.300048828125,2858.10009765625,2859.199951171875,112
2026-09-25 14:01:00-04:00,2858.10009765625,2858.10009765625,2858.39990234375,2857.800048828125,2858.39990234375,75
2026-09-25 14:02:00-04:00,2858.699951171875,2858.699951171875,2858.89990234375,2858.10009765625,2858.199951171875,88
2026-09-25 14:03:00-04:00,2858.199951171875,2858.199951171875,2858.800048828125,2858.10009765625,2858.800048828125,80
2026-09-25 14:04:00-04:00,2857.699951171875,2857.699951171875,2858.300048828125,2857.699951171875,2858.300048828125,65
2026-09-25 14:05:00-04:00,2857.39990234375,2857.39990234375,2858.199951171875,2857.39990234375,2857.699951171875,77
2026-09-25 14:06:00-04:00,2857.800048828125,2857.800048828125,2858.10009765625,2857.39990234375,2857.39990234375,64
2026-09-25 14:07:00-04:00,2857.699951171875,2857.699951171875,2857.89990234375,2857.60009765625,2857.699951171875,58
2026-09-25 14:08:00-04:00,2858.39990234375,2858.39990234375,2858.60009765625,2857.800048828125,2857.89990234375,80
2026-09-25 14:09:00-04:00,2858.60009765625,2858.60009765625,2858.60009765625,2858.10009765625,2858.5,53
2026-09-25 14:10:00-04:00,2858.0,2858.0,2858.60009765625,2858.0,2858.60009765625,89
2026-09-25 14:11:00-04:00,2857.89990234375,2857.89990234375,2858.10009765625,2857.39990234375,2858.10009765625,54
2026-09-25 14:12:00-04:00,2858.800048828125,2858.800048828125,2858.89990234375,2857.699951171875,2858.10009765625,53
2026-09-25 14:13:00-04:00,2859.800048828125,2859.800048828125,2859.800048828125,2858.800048828125,2858.800048828125,103
2026-09-25 14:14:00-04:00,2860.199951171875,2860.199951171875,2860.300048828125,2859.5,2859.800048828125,144
2026-09-25 14:15:00-04:00,2860.5,2860.5,2860.60009765625,2860.10009765625,2860.199951171875,135
2026-09-25 14:16:00-04:00,2860.10009765625,2860.10009765625,2860.89990234375,2859.89990234375,2860.60009765625,229
2026-09-25 14:17:00-04:00,2860.39990234375,2860.39990234375,2860.39990234375,2859.89990234375,2860.10009765625,90
2026-09-25 14:18:00-04:00,2860.300048828125,2860.300048828125,2860.800048828125,2860.10009765625,2860.5,65
2026-09-25 14:19:00-04:00,2860.60009765625,2860.60009765625,2860.60009765625,2859.89990234375,2860.300048828125,42
2026-09-25 14:20:00-04:00,2860.5,2860.5,2860.800048828125,2860.300048828125,2860.5,98
2026-09-25 14:21:00-04:00,2859.89990234375,2859.89990234375,2860.60009765625,2859.89990234375,2860.5,64
2026-09-25 14:22:00-04:00,2860.0,2860.0,2860.300048828125,2859.800048828125,2859.89990234375,85
2026-09-25 14:23:00-04:00,2860.699951171875,2860.699951171875,2860.800048828125,2860.10009765625,2860.10009765625,106
2026-09-25 14:24:00-04:00,2861.199951171875,2861.199951171875,2861.5,2860.699951171875,2860.800048828125,97
2026-09-25 14:25:00-04:00,2861.800048828125,2861.800048828125,2862.0,2861.10009765625,2861.199951171875,150
2026-09-25 14:26:00-04:00,2859.60009765625,2859.60009765625,2862.0,2859.199951171875,2861.699951171875,1252
2026-09-25 14:27:00-04:00,2858.10009765625,2858.10009765625,2860.0,2857.699951171875,2859.5,410
2026-09-25 14:28:00-04:00,2859.39990234375,2859.39990234375,2859.5,2857.89990234375,2858.300048828125,404
2026-09-25 14:29:00-04:00,2859.800048828125,2859.800048828125,2860.0,2858.800048828125,2859.300048828125,282
2026-09-25 14:30:00-04:00,2860.60009765625,2860.60009765625,2860.89990234375,2859.699951171875,2860.0,302
2026-09-25 14:31:00-04:00,2860.300048828125,2860.300048828125,2861.5,2860.300048828125,2860.699951171875,205
2026-09-25 14:32:00-04:00,2860.10009765625,2860.10009765625,2861.199951171875,2860.10009765625,2860.39990234375,131
2026-09-25 14:33:00-04:00,2860.10009765625,2860.10009765625,2860.39990234375,2859.5,2860.199951171875,177
2026-09-25 14:34:00-04:00,2859.89990234375,2859.89990234375,2860.39990234375,2859.699951171875,2860.0,123
2026-09-25 14:35:00-04:00,2860.699951171875,2860.699951171875,2860.800048828125,2859.5,2860.0,148
2026-09-25 14:36:00-04:00,2861.10009765625,2861.10009765625,2861.199951171875,2860.699951171875,2860.699951171875,131
2026-09-25 14:37:00-04:00,2859.10009765625,2859.10009765625,2861.10009765625,2858.699951171875,2861.0,173
2026-09-25 14:38:00-04:00,2859.39990234375,2859.39990234375,2859.5,2858.800048828125,2859.10009765625,162
2026-09-25 14:39:00-04:00,2858.699951171875,2858.699951171875,2859.39990234375,2858.699951171875,2859.39990234375,183
2026-09-25 14:40:00-04:00,2858.89990234375,2858.89990234375,2859.0,2858.39990234375,2858.699951171875,119
2026-09-25 14:41:00-04:00,2859.39990234375,2859.39990234375,2859.5,2858.60009765625,2859.0,125
2026-09-25 14:42:00-04:00,2859.800048828125,2859.800048828125,2859.800048828125,2859.39990234375,2859.5,103
2026-09-25 14:43:00-04:00,2859.39990234375,2859.39990234375,2859.800048828125,2859.300048828125,2859.800048828125,49
2026-09-25 14:44:00-04:00,2859.89990234375,2859.89990234375,2860.0,2859.199951171875,2859.300048828125,156
2026-09-25 14:45:00-04:00,2860.0,2860.0,2860.5,2859.800048828125,2859.800048828125,166
2026-09-25 14:46:00-04:00,2860.199951171875,2860.199951171875,2860.5,2859.89990234375,2860.10009765625,166
2026-09-25 14:47:00-04:00,2860.0,2860.0,2860.300048828125,2859.60009765625,2860.199951171875,97
2026-09-25 14:48:00-04:00,2860.800048828125,2860.800048828125,2860.89990234375,2859.89990234375,2860.10009765625,186
2026-09-25 14:49:00-04:00,2860.89990234375,2860.89990234375,2861.199951171875,2860.699951171875,2860.89990234375,198
2026-09-25 14:50:00-04:00,2861.300048828125,2861.300048828125,2861.60009765625,2860.60009765625,2860.800048828125,216
2026-09-25 14:51:00-04:00,2861.300048828125,2861.300048828125,2861.60009765625,2860.699951171875,2861.199951171875,211
2026-09-25 14:52:00-04:00,2861.800048828125,2861.800048828125,2861.89990234375,2861.10009765625,2861.300048828125,183
2026-09-25 14:53:00-04:00,2861.60009765625,2861.60009765625,2862.0,2861.5,2861.800048828125,160
2026-09-25 14:54:00-04:00,2860.800048828125,2860.800048828125,2861.800048828125,2860.800048828125,2861.5,290
2026-09-25 14:55:00-04:00,2861.10009765625,2861.10009765625,2861.300048828125,2860.89990234375,2860.89990234375,152
2026-09-25 14:56:00-04:00,2860.800048828125,2860.800048828125,2861.199951171875,2860.5,2861.199951171875,105
2026-09-25 14:57:00-04:00,2861.39990234375,2861.39990234375,2861.5,2860.5,2860.800048828125,177
2026-09-25 14:58:00-04:00,2862.0,2862.0,2862.10009765625,2861.199951171875,2861.39990234375,124
2026-09-25 14:59:00-04:00,2861.89990234375,2861.89990234375,2862.199951171875,2861.60009765625,2862.0,139
2026-09-25 15:00:00-04:00,2861.800048828125,2861.800048828125,2862.89990234375,2861.60009765625,2862.0,248
2026-09-25 15:01:00-04:00,2862.199951171875,2862.199951171875,2863.89990234375,2861.800048828125,2862.10009765625,697
2026-09-25 15:02:00-04:00,2861.10009765625,2861.10009765625,2862.300048828125,2861.0,2862.300048828125,243
2026-09-25 15:03:00-04:00,2861.0,2861.0,2861.10009765625,2860.10009765625,2861.10009765625,131
2026-09-25 15:04:00-04:00,2861.300048828125,2861.300048828125,2861.5,2860.89990234375,2861.0,123
2026-09-25 15:05:00-04:00,2861.89990234375,2861.89990234375,2862.300048828125,2861.199951171875,2861.300048828125,157
2026-09-25 15:06:00-04:00,2861.60009765625,2861.60009765625,2862.10009765625,2861.5,2861.89990234375,134
2026-09-25 15:07:00-04:00,2863.0,2863.0,2863.10009765625,2861.300048828125,2861.5,175
2026-09-25 15:08:00-04:00,2862.800048828125,2862.800048828125,2863.300048828125,2862.5,2863.10009765625,109
2026-09-25 15:09:00-04:00,2862.699951171875,2862.699951171875,2862.800048828125,2862.39990234375,2862.60009765625,99
2026-09-25 15:10:00-04:00,2863.0,2863.0,2863.10009765625,2862.60009765625,2862.699951171875,151
2026-09-25 15:11:00-04:00,2863.39990234375,2863.39990234375,2863.5,2862.60009765625,2862.89990234375,130
2026-09-25 15:12:00-04:00,2864.0,2864.0,2864.199951171875,2863.300048828125,2863.300048828125,171
2026-09-25 15:13:00-04:00,2864.0,2864.0,2864.10009765625,2863.60009765625,2864.10009765625,102
2026-09-25 15:14:00-04:00,2864.10009765625,2864.10009765625,2864.60009765625,2863.89990234375,2864.0,178
2026-09-25 15:15:00-04:00,2864.0,2864.0,2864.699951171875,2864.0,2864.300048828125,265
2026-09-25 15:16:00-04:00,2863.800048828125,2863.800048828125,2864.199951171875,2863.5,2864.0,235
2026-09-25 15:17:00-04:00,2863.300048828125,2863.300048828125,2863.89990234375,2863.300048828125,2863.800048828125,174
2026-09-25 15:18:00-04:00,2863.699951171875,2863.699951171875,2863.800048828125,2863.199951171875,2863.39990234375,114
2026-09-25 15:19:00-04:00,2862.699951171875,2862.699951171875,2863.699951171875,2862.699951171875,2863.699951171875,124
2026-09-25 15:20:00-04:00,2862.60009765625,2862.60009765625,2863.10009765625,2862.5,2862.699951171875,134
2026-09-25 15:21:00-04:00,2862.89990234375,2862.89990234375,2863.300048828125,2862.60009765625,2862.60009765625,140
2026-09-25 15:22:00-04:00,2863.199951171875,2863.199951171875,2863.800048828125,2862.800048828125,2862.800048828125,319
2026-09-25 15:23:00-04:00,2862.89990234375,2862.89990234375,2863.39990234375,2862.60009765625,2863.10009765625,155
2026-09-25 15:24:00-04:00,2863.0,2863.0,2863.5,2862.89990234375,2863.0,158
2026-09-25 15:25:00-04:00,2862.699951171875,2862.699951171875,2863.0,2862.60009765625,2863.0,152
2026-09-25 15:26:00-04:00,2861.10009765625,2861.10009765625,2862.800048828125,2861.10009765625,2862.699951171875,226
2026-09-25 15:27:00-04:00,2860.89990234375,2860.89990234375,2861.39990234375,2860.800048828125,2861.10009765625,117
2026-09-25 15:28:00-04:00,2860.89990234375,2860.89990234375,2861.300048828125,2860.699951171875,2860.89990234375,191
2026-09-25 15:29:00-04:00,2860.800048828125,2860.800048828125,2860.800048828125,2860.0,2860.699951171875,199
2026-09-25 15:30:00-04:00,2860.300048828125,2860.300048828125,2861.0,2860.0,2860.89990234375,228
2026-09-25 15:31:00-04:00,2860.199951171875,2860.199951171875,2860.39990234375,2859.60009765625,2860.300048828125,252
2026-09-25 15:32:00-04:00,2859.5,2859.5,2860.300048828125,2859.300048828125,2860.300048828125,204
2026-09-25 15:33:00-04:00,2859.89990234375,2859.89990234375,2860.199951171875,2859.199951171875,2859.5,199
2026-09-25 15:34:00-04:00,2859.89990234375,2859.89990234375,2860.300048828125,2859.60009765625,2859.89990234375,227
2026-09-25 15:35:00-04:00,2859.89990234375,2859.89990234375,2860.0,2859.5,2859.89990234375,133
2026-09-25 15:36:00-04:00,2860.10009765625,2860.10009765625,2860.10009765625,2859.39990234375,2859.89990234375,186
2026-09-25 15:37:00-04:00,2862.699951171875,2862.699951171875,2862.800048828125,2860.0,2860.10009765625,1059
2026-09-25 15:38:00-04:00,2863.300048828125,2863.300048828125,2863.89990234375,2862.5,2862.699951171875,499
2026-09-25 15:39:00-04:00,2863.39990234375,2863.39990234375,2863.699951171875,2863.0,2863.39990234375,138
2026-09-25 15:40:00-04:00,2862.39990234375,2862.39990234375,2863.300048828125,2862.10009765625,2863.300048828125,290
2026-09-25 15:41:00-04:00,2862.89990234375,2862.89990234375,2863.300048828125,2862.300048828125,2862.39990234375,358
2026-09-25 15:42:00-04:00,2863.60009765625,2863.60009765625,2863.800048828125,2862.800048828125,2862.89990234375,365
2026-09-25 15:43:00-04:00,2864.199951171875,2864.199951171875,2864.300048828125,2863.5,2863.699951171875,276
2026-09-25 15:44:00-04:00,2864.10009765625,2864.10009765625,2864.800048828125,2864.0,2864.300048828125,392
2026-09-25 15:45:00-04:00,2866.10009765625,2866.10009765625,2866.699951171875,2864.10009765625,2864.199951171875,874
2026-09-25 15:46:00-04:00,2867.0,2867.0,2867.10009765625,2865.5,2866.199951171875,352
2026-09-25 15:47:00-04:00,2866.199951171875,2866.199951171875,2867.5,2866.10009765625,2867.0,448
2026-09-25 15:48:00-04:00,2865.89990234375,2865.89990234375,2866.39990234375,2865.300048828125,2866.10009765625,285
2026-09-25 15:49:00-04:00,2865.0,2865.0,2866.0,2864.5,2865.89990234375,487
2026-09-25 15:50:00-04:00,2865.89990234375,2865.89990234375,2867.0,2865.10009765625,2865.10009765625,870
2026-09-25 15:51:00-04:00,2864.39990234375,2864.39990234375,2866.0,2864.39990234375,2865.89990234375,484
2026-09-25 15:52:00-04:00,2863.699951171875,2863.699951171875,2864.800048828125,2863.5,2864.5,434
2026-09-25 15:53:00-04:00,2864.10009765625,2864.10009765625,2864.199951171875,2863.300048828125,2863.699951171875,601
2026-09-25 15:54:00-04:00,2862.800048828125,2862.800048828125,2864.60009765625,2862.699951171875,2864.0,1630
2026-09-25 15:55:00-04:00,2861.699951171875,2861.699951171875,2862.800048828125,2861.39990234375,2862.800048828125,1102
2026-09-25 15:56:00-04:00,2861.10009765625,2861.10009765625,2861.699951171875,2860.5,2861.699951171875,891
2026-09-25 15:57:00-04:00,2861.699951171875,2861.699951171875,2862.10009765625,2861.10009765625,2861.10009765625,1089
2026-09-25 15:58:00-04:00,2861.10009765625,2861.10009765625,2861.800048828125,2860.39990234375,2861.699951171875,2010
2026-09-25 15:59:00-04:00,2859.199951171875,2859.199951171875,2861.10009765625,2858.699951171875,2861.10009765625,9955
2026-09-25 16:00:00-04:00,2861.5,2861.5,2861.5,2859.199951171875,2859.199951171875,2225
2026-09-25 16:01:00-04:00,2860.699951171875,2860.699951171875,2861.60009765625,2860.699951171875,2861.5,486
2026-09-25 16:02:00-04:00,2861.5,2861.5,2861.5,2860.800048828125,2860.800048828125,543
2026-09-25 16:03:00-04:00,2861.10009765625,2861.10009765625,2862.0,2861.0,2861.60009765625,246
2026-09-25 16:04:00-04:00,2861.199951171875,2861.199951171875,2861.5,2861.10009765625,2861.199951171875,300
2026-09-25 16:05:00-04:00,2860.89990234375,2860.89990234375,2861.300048828125,2860.5,2861.300048828125,260
2026-09-25 16:06:00-04:00,2861.10009765625,2861.10009765625,2861.10009765625,2860.60009765625,2860.800048828125,126
2026-09-25 16:07:00-04:00,2861.199951171875,2861.199951171875,2861.5,2861.10009765625,2861.10009765625,148
2026-09-25 16:08:00-04:00,2861.10009765625,2861.10009765625,2861.199951171875,2860.89990234375,2861.10009765625,69
2026-09-25 16:09:00-04:00,2860.89990234375,2860.89990234375,2861.300048828125,2860.699951171875,2861.0,135
2026-09-25 16:10:00-04:00,2861.10009765625,2861.10009765625,2861.199951171875,2860.89990234375,2860.89990234375,42
2026-09-25 16:11:00-04:00,2860.60009765625,2860.60009765625,2861.10009765625,2860.60009765625,2861.10009765625,188
2026-09-25 16:12:00-04:00,2860.5,2860.5,2860.699951171875,2860.5,2860.60009765625,39
2026-09-25 16:13:00-04:00,2860.5,2860.5,2860.5,2860.0,2860.5,106
2026-09-25 16:14:00-04:00,2860.300048828125,2860.300048828125,2860.5,2860.10009765625,2860.5,84
2026-09-25 16:15:00-04:00,2859.699951171875,2859.699951171875,2860.199951171875,2859.60009765625,2860.199951171875,74
2026-09-25 16:16:00-04:00,2859.800048828125,2859.800048828125,2859.89990234375,2859.60009765625,2859.800048828125,54
2026-09-25 16:17:00-04:00,2860.300048828125,2860.300048828125,2860.300048828125,2859.699951171875,2859.699951171875,124
2026-09-25 16:18:00-04:00,2859.89990234375,2859.89990234375,2860.39990234375,2859.89990234375,2860.39990234375,101
2026-09-25 16:19:00-04:00,2860.0,2860.0,2860.0,2859.800048828125,2859.89990234375,26
2026-09-25 16:20:00-04:00,2860.300048828125,2860.300048828125,2860.39990234375,2860.0,2860.0,59
2026-09-25 16:21:00-04:00,2860.10009765625,2860.10009765625,2860.39990234375,2860.10009765625,2860.39990234375,26
2026-09-25 16:22:00-04:00,2860.199951171875,2860.199951171875,2860.300048828125,2860.10009765625,2860.10009765625,21
2026-09-25 16:23:00-04:00,2860.10009765625,2860.10009765625,2860.199951171875,2859.89990234375,2860.10009765625,27
2026-09-25 16:24:00-04:00,2860.0,2860.0,2860.300048828125,2860.0,2860.300048828125,27
2026-09-25 16:25:00-04:00,2859.5,2859.5,2860.0,2859.39990234375,2860.0,48
2026-09-25 16:26:00-04:00,2859.199951171875,2859.199951171875,2859.699951171875,2859.199951171875,2859.39990234375,125
2026-09-25 16:27:00-04:00,2859.199951171875,2859.199951171875,2859.300048828125,2859.0,2859.199951171875,83
2026-09-25 16:28:00-04:00,2859.89990234375,2859.89990234375,2859.89990234375,2859.0,2859.10009765625,133
2026-09-25 16:29:00-04:00,2859.60009765625,2859.60009765625,2859.89990234375,2859.5,2859.89990234375,110
2026-09-25 16:30:00-04:00,2859.5,2859.5,2860.0,2859.5,2859.699951171875,101
2026-09-25 16:31:00-04:00,2860.0,2860.0,2860.199951171875,2859.5,2859.5,70
2026-09-25 16:32:00-04:00,2860.5,2860.5,2860.5,2859.89990234375,2860.0,43
2026-09-25 16:33:00-04:00,2859.699951171875,2859.699951171875,2860.60009765625,2859.699951171875,2860.5,72
2026-09-25 16:34:00-04:00,2859.89990234375,2859.89990234375,2860.39990234375,2859.800048828125,2859.800048828125,61
2026-09-25 16:35:00-04:00,2860.300048828125,2860.300048828125,2860.300048828125,2860.199951171875,2860.199951171875,29
2026-09-25 16:36:00-04:00,2860.699951171875,2860.699951171875,2860.699951171875,2860.39990234375,2860.39990234375,14
2026-09-25 16:37:00-04:00,2860.39990234375,2860.39990234375,2860.699951171875,2860.39990234375,2860.699951171875,14
2026-09-25 16:38:00-04:00,2860.60009765625,2860.60009765625,2860.800048828125,2860.5,2860.60009765625,15
2026-09-25 16:39:00-04:00,2860.800048828125,2860.800048828125,2860.89990234375,2860.60009765625,2860.60009765625,26
2026-09-25 16:40:00-04:00,2860.800048828125,2860.800048828125,2861.199951171875,2860.699951171875,2860.699951171875,44
2026-09-25 16:41:00-04:00,2860.800048828125,2860.800048828125,2860.89990234375,2860.699951171875,2860.89990234375,8
2026-09-25 16:42:00-04:00,2860.89990234375,2860.89990234375,2860.89990234375,2860.800048828125,2860.89990234375,28
2026-09-25 16:43:00-04:00,2861.0,2861.0,2861.199951171875,2861.0,2861.0,58
2026-09-25 16:44:00-04:00,2861.39990234375,2861.39990234375,2861.39990234375,2860.89990234375,2861.10009765625,59
2026-09-25 16:45:00-04:00,2861.10009765625,2861.10009765625,2861.199951171875,2861.10009765625,2861.199951171875,23
2026-09-25 16:46:00-04:00,2861.300048828125,2861.300048828125,2861.39990234375,2861.10009765625,2861.199951171875,22
2026-09-25 16:47:00-04:00,2861.300048828125,2861.300048828125,2861.5,2861.199951171875,2861.39990234375,33
2026-09-25 16:48:00-04:00,2861.300048828125,2861.300048828125,2861.300048828125,2861.199951171875,2861.199951171875,9
2026-09-25 16:49:00-04:00,2860.89990234375,2860.89990234375,2861.39990234375,2860.89990234375,2861.199951171875,48
2026-09-25 16:50:00-04:00,2861.10009765625,2861.10009765625,2861.10009765625,2860.89990234375,2860.89990234375,20
2026-09-25 16:51:00-04:00,2861.199951171875,2861.199951171875,2861.199951171875,2861.10009765625,2861.10009765625,14
2026-09-25 16:52:00-04:00,2861.199951171875,2861.199951171875,2861.300048828125,2861.10009765625,2861.300048828125,22
2026-09-25 16:53:00-04:00,2861.0,2861.0,2861.0,2860.800048828125,2861.0,21
2026-09-25 16:54:00-04:00,2860.800048828125,2860.800048828125,2861.0,2860.800048828125,2860.89990234375,10
2026-09-25 16:55:00-04:00,2860.699951171875,2860.699951171875,2860.89990234375,2860.60009765625,2860.89990234375,29
2026-09-25 16:56:00-04:00,2860.199951171875,2860.199951171875,2860.800048828125,2860.0,2860.699951171875,58
2026-09-25 16:57:00-04:00,2860.699951171875,2860.699951171875,2860.699951171875,2860.199951171875,2860.199951171875,32
2026-09-25 16:58:00-04:00,2860.10009765625,2860.10009765625,2860.800048828125,2860.10009765625,2860.60009765625,59
2026-09-25 16:59:00-04:00,2859.300048828125,2859.300048828125,2860.39990234375,2859.300048828125,2860.0,232
2026-09-27 18:10:00-04:00,2851.89990234375,2851.89990234375,2851.89990234375,2851.699951171875,2851.699951171875,0
2026-09-27 18:11:00-04:00,2851.5,2851.5,2851.89990234375,2851.300048828125,2851.89990234375,13
2026-09-27 18:12:00-04:00,2851.199951171875,2851.199951171875,2851.699951171875,2851.199951171875,2851.699951171875,13
2026-09-27 18:13:00-04:00,2850.39990234375,2850.39990234375,2851.0,2850.300048828125,2851.0,22
2026-09-27 18:14:00-04:00,2849.5,2849.5,2850.39990234375,2849.39990234375,2850.39990234375,77
2026-09-27 18:15:00-04:00,2849.699951171875,2849.699951171875,2849.89990234375,2849.10009765625,2849.60009765625,34
2026-09-27 18:16:00-04:00,2850.199951171875,2850.199951171875,2850.199951171875,2849.60009765625,2849.800048828125,32
2026-09-27 18:17:00-04:00,2850.10009765625,2850.10009765625,2850.300048828125,2849.89990234375,2850.199951171875,40
2026-09-27 18:18:00-04:00,2849.800048828125,2849.800048828125,2850.10009765625,2849.60009765625,2850.10009765625,40
2026-09-27 18:19:00-04:00,2849.5,2849.5,2850.199951171875,2849.5,2849.5,59
2026-09-27 18:20:00-04:00,2848.10009765625,2848.10009765625,2849.699951171875,2848.10009765625,2849.60009765625,71
2026-09-27 18:21:00-04:00,2848.60009765625,2848.60009765625,2848.60009765625,2848.199951171875,2848.199951171875,8
2026-09-27 18:22:00-04:00,2848.800048828125,2848.800048828125,2848.800048828125,2848.5,2848.5,3
2026-09-27 18:23:00-04:00,2849.39990234375,2849.39990234375,2849.39990234375,2848.89990234375,2848.89990234375,14
2026-09-27 18:24:00-04:00,2849.199951171875,2849.199951171875,2849.800048828125,2849.10009765625,2849.800048828125,18
2026-09-27 18:25:00-04:00,2849.60009765625,2849.60009765625,2849.60009765625,2849.300048828125,2849.300048828125,19
2026-09-27 18:26:00-04:00,2849.10009765625,2849.10009765625,2849.5,2849.10009765625,2849.39990234375,24
2026-09-27 18:27:00-04:00,2849.89990234375,2849.89990234375,2849.89990234375,2849.0,2849.199951171875,31
2026-09-27 18:28:00-04:00,2849.300048828125,2849.300048828125,2849.699951171875,2848.89990234375,2849.699951171875,81
2026-09-27 18:29:00-04:00,2848.300048828125,2848.300048828125,2849.10009765625,2848.10009765625,2849.10009765625,25
2026-09-27 18:30:00-04:00,2847.0,2847.0,2848.5,2846.699951171875,2848.5,45
2026-09-27 18:31:00-04:00,2847.0,2847.0,2847.199951171875,2846.89990234375,2847.0,44
2026-09-27 18:32:00-04:00,2847.39990234375,2847.39990234375,2847.39990234375,2846.699951171875,2847.0,35
2026-09-27 18:33:00-04:00,2846.39990234375,2846.39990234375,2847.199951171875,2846.10009765625,2847.199951171875,30
2026-09-27 18:34:00-04:00,2845.60009765625,2845.60009765625,2846.5,2845.60009765625,2846.5,25
2026-09-27 18:35:00-04:00,2845.10009765625,2845.10009765625,2845.89990234375,2844.800048828125,2845.800048828125,126
2026-09-27 18:36:00-04:00,2845.300048828125,2845.300048828125,2845.5,2844.199951171875,2845.10009765625,106
2026-09-27 18:37:00-04:00,2844.89990234375,2844.89990234375,2845.39990234375,2844.699951171875,2845.199951171875,65
2026-09-27 18:38:00-04:00,2844.89990234375,2844.89990234375,2845.0,2844.39990234375,2844.800048828125,71
2026-09-27 18:39:00-04:00,2845.199951171875,2845.199951171875,2845.199951171875,2844.89990234375,2844.89990234375,12
2026-09-27 18:40:00-04:00,2844.89990234375,2844.89990234375,2845.10009765625,2844.89990234375,2845.0,32
2026-09-27 18:41:00-04:00,2844.699951171875,2844.699951171875,2845.300048828125,2844.699951171875,2844.89990234375,58
2026-09-27 18:42:00-04:00,2845.0,2845.0,2845.0,2844.60009765625,2844.699951171875,34
2026-09-27 18:43:00-04:00,2845.39990234375,2845.39990234375,2845.39990234375,2845.199951171875,2845.199951171875,15
2026-09-27 18:44:00-04:00,2845.699951171875,2845.699951171875,2845.699951171875,2845.60009765625,2845.60009765625,17
2026-09-27 18:45:00-04:00,2845.699951171875,2845.699951171875,2845.800048828125,2845.39990234375,2845.800048828125,29
2026-09-27 18:46:00-04:00,2845.199951171875,2845.199951171875,2845.699951171875,2845.199951171875,2845.699951171875,10
2026-09-27 18:47:00-04:00,2844.89990234375,2844.89990234375,2845.39990234375,2844.699951171875,2845.39990234375,13
2026-09-27 18:48:00-04:00,2844.699951171875,2844.699951171875,2844.89990234375,2844.60009765625,2844.89990234375,18
2026-09-27 18:49:00-04:00,2844.10009765625,2844.10009765625,2844.60009765625,2844.0,2844.5,35
2026-09-27 18:50:00-04:00,2843.89990234375,2843.89990234375,2844.300048828125,2843.699951171875,2844.300048828125,48
2026-09-27 18:51:00-04:00,2844.199951171875,2844.199951171875,2844.300048828125,2843.800048828125,2844.0,27
2026-09-27 18:52:00-04:00,2844.0,2844.0,2844.39990234375,2843.699951171875,2844.300048828125,28
2026-09-27 18:53:00-04:00,2843.699951171875,2843.699951171875,2844.10009765625,2843.699951171875,2844.10009765625,24
2026-09-27 18:54:00-04:00,2843.5,2843.5,2843.89990234375,2843.199951171875,2843.800048828125,38
2026-09-27 18:55:00-04:00,2843.89990234375,2843.89990234375,2844.0,2843.10009765625,2843.60009765625,55
2026-09-27 18:56:00-04:00,2843.60009765625,2843.60009765625,2843.89990234375,2843.300048828125,2843.89990234375,26
2026-09-27 18:57:00-04:00,2843.89990234375,2843.89990234375,2843.89990234375,2843.699951171875,2843.699951171875,7
2026-09-27 18:58:00-04:00,2843.60009765625,2843.60009765625,2843.699951171875,2843.5,2843.60009765625,13
2026-09-27 18:59:00-04:00,2843.89990234375,2843.89990234375,2843.89990234375,2843.60009765625,2843.699951171875,19
2026-09-27 19:00:00-04:00,2844.0,2844.0,2844.199951171875,2843.800048828125,2844.0,16
2026-09-27 19:01:00-04:00,2844.0,2844.0,2844.0,2843.800048828125,2843.800048828125,8
2026-09-27 19:02:00-04:00,2844.0,2844.0,2844.39990234375,2844.0,2844.300048828125,10
2026-09-27 19:03:00-04:00,2844.5,2844.5,2844.5,2844.10009765625,2844.199951171875,10
2026-09-27 19:04:00-04:00,2844.60009765625,2844.60009765625,2844.60009765625,2844.300048828125,2844.300048828125,18
2026-09-27 19:05:00-04:00,2844.800048828125,2844.800048828125,2845.0,2844.5,2844.699951171875,17
2026-09-27 19:06:00-04:00,2844.699951171875,2844.699951171875,2844.800048828125,2844.300048828125,2844.800048828125,14
2026-09-27 19:07:00-04:00,2845.0,2845.0,2845.0,2844.800048828125,2844.800048828125,5
2026-09-27 19:08:00-04:00,2845.699951171875,2845.699951171875,2845.699951171875,2845.199951171875,2845.199951171875,21
2026-09-27 19:09:00-04:00,2845.60009765625,2845.60009765625,2845.60009765625,2845.39990234375,2845.60009765625,7
2026-09-27 19:10:00-04:00,2845.699951171875,2845.699951171875,2845.800048828125,2845.60009765625,2845.60009765625,15
2026-09-27 19:11:00-04:00,2846.0,2846.0,2846.0,2845.5,2845.5,17
2026-09-27 19:12:00-04:00,2845.800048828125,2845.800048828125,2846.199951171875,2845.800048828125,2846.10009765625,3
2026-09-27 19:13:00-04:00,2846.300048828125,2846.300048828125,2846.5,2846.0,2846.0,14
2026-09-27 19:14:00-04:00,2846.300048828125,2846.300048828125,2846.300048828125,2846.199951171875,2846.199951171875,3
2026-09-27 19:15:00-04:00,2846.300048828125,2846.300048828125,2846.300048828125,2846.10009765625,2846.10009765625,4
2026-09-27 19:16:00-04:00,2846.10009765625,2846.10009765625,2846.10009765625,2846.0,2846.0,4
2026-09-27 19:17:00-04:00,2846.0,2846.0,2846.0,2845.89990234375,2846.0,4
2026-09-27 19:18:00-04:00,2846.39990234375,2846.39990234375,2846.39990234375,2846.0,2846.0,10
2026-09-27 19:19:00-04:00,2846.5,2846.5,2846.5,2846.300048828125,2846.39990234375,5
2026-09-27 19:20:00-04:00,2846.699951171875,2846.699951171875,2846.699951171875,2846.300048828125,2846.300048828125,8
2026-09-27 19:22:00-04:00,2847.39990234375,2847.39990234375,2847.39990234375,2846.800048828125,2846.800048828125,35
2026-09-27 19:23:00-04:00,2847.300048828125,2847.300048828125,2847.39990234375,2847.199951171875,2847.199951171875,5
2026-09-27 19:24:00-04:00,2847.199951171875,2847.199951171875,2847.199951171875,2847.199951171875,2847.199951171875,1
2026-09-27 19:25:00-04:00,2846.89990234375,2846.89990234375,2846.89990234375,2846.89990234375,2846.89990234375,1
2026-09-27 19:26:00-04:00,2846.89990234375,2846.89990234375,2846.89990234375,2846.89990234375,2846.89990234375,1
2026-09-27 19:27:00-04:00,2846.60009765625,2846.60009765625,2846.89990234375,2846.39990234375,2846.89990234375,13
2026-09-27 19:28:00-04:00,2846.39990234375,2846.39990234375,2846.60009765625,2846.10009765625,2846.60009765625,14
2026-09-27 19:29:00-04:00,2846.60009765625,2846.60009765625,2846.60009765625,2846.39990234375,2846.39990234375,3
2026-09-27 19:30:00-04:00,2846.89990234375,2846.89990234375,2846.89990234375,2846.60009765625,2846.60009765625,5
2026-09-27 19:31:00-04:00,2846.89990234375,2846.89990234375,2846.89990234375,2846.39990234375,2846.39990234375,4
2026-09-27 19:32:00-04:00,2846.10009765625,2846.10009765625,2846.60009765625,2846.10009765625,2846.60009765625,38
2026-09-27 19:33:00-04:00,2845.699951171875,2845.699951171875,2846.0,2845.699951171875,2846.0,22
2026-09-27 19:34:00-04:00,2845.5,2845.5,2845.699951171875,2845.0,2845.699951171875,24
2026-09-27 19:35:00-04:00,2845.699951171875,2845.699951171875,2845.89990234375,2845.60009765625,2845.60009765625,6
2026-09-27 19:36:00-04:00,2845.60009765625,2845.60009765625,2845.800048828125,2845.60009765625,2845.699951171875,4
2026-09-27 19:37:00-04:00,2845.699951171875,2845.699951171875,2845.699951171875,2845.300048828125,2845.39990234375,8
2026-09-27 19:38:00-04:00,2845.699951171875,2845.699951171875,2845.800048828125,2845.5,2845.5,11
2026-09-27 19:39:00-04:00,2845.60009765625,2845.60009765625,2845.699951171875,2845.5,2845.699951171875,6
2026-09-27 19:40:00-04:00,2845.60009765625,2845.60009765625,2845.699951171875,2845.39990234375,2845.699951171875,5
2026-09-27 19:41:00-04:00,2845.300048828125,2845.300048828125,2845.300048828125,2845.300048828125,2845.300048828125,1
2026-09-27 19:42:00-04:00,2844.800048828125,2844.800048828125,2845.199951171875,2844.5,2845.199951171875,14
2026-09-27 19:43:00-04:00,2845.199951171875,2845.199951171875,2845.300048828125,2845.199951171875,2845.199951171875,8
2026-09-27 19:44:00-04:00,2845.199951171875,2845.199951171875,2845.5,2845.199951171875,2845.300048828125,11
2026-09-27 19:45:00-04:00,2846.0,2846.0,2846.60009765625,2845.800048828125,2845.800048828125,71
2026-09-27 19:46:00-04:00,2846.800048828125,2846.800048828125,2846.800048828125,2846.199951171875,2846.199951171875,19
2026-09-27 19:47:00-04:00,2847.0,2847.0,2847.0,2846.5,2846.89990234375,6
2026-09-27 19:48:00-04:00,2847.89990234375,2847.89990234375,2847.89990234375,2847.10009765625,2847.10009765625,21
2026-09-27 19:49:00-04:00,2847.699951171875,2847.699951171875,2848.0,2847.5,2847.800048828125,21
2026-09-27 19:50:00-04:00,2848.10009765625,2848.10009765625,2848.199951171875,2847.800048828125,2847.800048828125,13
2026-09-27 19:51:00-04:00,2847.800048828125,2847.800048828125,2848.10009765625,2847.5,2848.10009765625,24
2026-09-27 19:52:00-04:00,2847.699951171875,2847.699951171875,2847.89990234375,2847.5,2847.89990234375,15
2026-09-27 19:53:00-04:00,2846.699951171875,2846.699951171875,2847.5,2846.5,2847.5,10
2026-09-27 19:54:00-04:00,2846.0,2846.0,2846.39990234375,2846.0,2846.39990234375,5
2026-09-27 19:55:00-04:00,2846.699951171875,2846.699951171875,2846.699951171875,2846.39990234375,2846.39990234375,5
2026-09-27 19:56:00-04:00,2847.699951171875,2847.699951171875,2847.699951171875,2847.10009765625,2847.10009765625,15
2026-09-27 19:57:00-04:00,2847.5,2847.5,2848.10009765625,2847.5,2847.89990234375,15
2026-09-27 19:59:00-04:00,2847.5,2847.5,2847.699951171875,2847.199951171875,2847.699951171875,11
2026-09-27 20:00:00-04:00,2848.199951171875,2848.199951171875,2848.699951171875,2847.39990234375,2847.60009765625,145
2026-09-27 20:01:00-04:00,2849.10009765625,2849.10009765625,2849.10009765625,2848.10009765625,2848.10009765625,39
2026-09-27 20:02:00-04:00,2849.300048828125,2849.300048828125,2849.800048828125,2849.0,2849.39990234375,26
2026-09-27 20:03:00-04:00,2849.699951171875,2849.699951171875,2849.800048828125,2849.300048828125,2849.39990234375,19
2026-09-27 20:04:00-04:00,2849.39990234375,2849.39990234375,2850.0,2849.300048828125,2849.699951171875,15
2026-09-27 20:05:00-04:00,2849.10009765625,2849.10009765625,2849.5,2848.89990234375,2849.39990234375,19
2026-09-27 20:06:00-04:00,2850.300048828125,2850.300048828125,2850.39990234375,2849.199951171875,2849.199951171875,32
2026-09-27 20:07:00-04:00,2850.0,2850.0,2850.300048828125,2849.60009765625,2850.300048828125,18
2026-09-27 20:08:00-04:00,2849.800048828125,2849.800048828125,2850.0,2849.39990234375,2850.0,12
2026-09-27 20:09:00-04:00,2849.89990234375,2849.89990234375,2849.89990234375,2849.60009765625,2849.60009765625,3
2026-09-27 20:10:00-04:00,2850.10009765625,2850.10009765625,2850.300048828125,2850.0,2850.0,8
2026-09-27 20:11:00-04:00,2850.10009765625,2850.10009765625,2850.199951171875,2849.800048828125,2850.10009765625,16
2026-09-27 20:12:00-04:00,2850.699951171875,2850.699951171875,2850.800048828125,2850.10009765625,2850.300048828125,18
2026-09-27 20:13:00-04:00,2849.89990234375,2849.89990234375,2850.60009765625,2849.89990234375,2850.60009765625,32
2026-09-27 20:14:00-04:00,2849.39990234375,2849.39990234375,2849.89990234375,2848.89990234375,2849.89990234375,38
2026-09-27 20:15:00-04:00,2848.89990234375,2848.89990234375,2849.300048828125,2848.199951171875,2849.199951171875,64
2026-09-27 20:16:00-04:00,2848.39990234375,2848.39990234375,2849.0,2848.199951171875,2848.89990234375,41
2026-09-27 20:17:00-04:00,2848.10009765625,2848.10009765625,2848.5,2848.0,2848.300048828125,13
2026-09-27 20:18:00-04:00,2848.300048828125,2848.300048828125,2848.300048828125,2848.10009765625,2848.300048828125,14
2026-09-27 20:19:00-04:00,2848.5,2848.5,2848.5,2847.89990234375,2848.199951171875,26
2026-09-27 20:20:00-04:00,2847.699951171875,2847.699951171875,2848.5,2847.39990234375,2848.39990234375,53
2026-09-27 20:21:00-04:00,2847.699951171875,2847.699951171875,2848.0,2847.60009765625,2847.800048828125,22
2026-09-27 20:22:00-04:00,2847.89990234375,2847.89990234375,2847.89990234375,2847.60009765625,2847.89990234375,26
2026-09-27 20:23:00-04:00,2848.10009765625,2848.10009765625,2848.300048828125,2847.800048828125,2848.0,19
2026-09-27 20:24:00-04:00,2848.199951171875,2848.199951171875,2848.300048828125,2848.0,2848.199951171875,8
2026-09-27 20:25:00-04:00,2848.300048828125,2848.300048828125,2848.300048828125,2848.0,2848.10009765625,8
2026-09-27 20:26:00-04:00,2847.60009765625,2847.60009765625,2848.0,2847.300048828125,2847.89990234375,17
2026-09-27 20:27:00-04:00,2847.800048828125,2847.800048828125,2848.10009765625,2847.800048828125,2847.800048828125,9
2026-09-27 20:28:00-04:00,2847.60009765625,2847.60009765625,2848.0,2847.5,2847.89990234375,19
2026-09-27 20:29:00-04:00,2847.800048828125,2847.800048828125,2847.800048828125,2847.60009765625,2847.800048828125,22
2026-09-27 20:30:00-04:00,2847.5,2847.5,2847.89990234375,2847.5,2847.800048828125,17
2026-09-27 20:31:00-04:00,2847.89990234375,2847.89990234375,2848.300048828125,2846.800048828125,2847.60009765625,62
2026-09-27 20:32:00-04:00,2847.800048828125,2847.800048828125,2848.0,2847.60009765625,2847.800048828125,33
2026-09-27 20:33:00-04:00,2846.800048828125,2846.800048828125,2847.89990234375,2846.5,2847.89990234375,46
2026-09-27 20:34:00-04:00,2846.89990234375,2846.89990234375,2847.199951171875,2846.39990234375,2846.60009765625,27
2026-09-27 20:35:00-04:00,2846.699951171875,2846.699951171875,2847.10009765625,2846.300048828125,2846.89990234375,11
2026-09-27 20:36:00-04:00,2846.10009765625,2846.10009765625,2846.800048828125,2845.800048828125,2846.800048828125,16
2026-09-27 20:37:00-04:00,2846.39990234375,2846.39990234375,2846.60009765625,2846.199951171875,2846.300048828125,22
2026-09-27 20:38:00-04:00,2846.800048828125,2846.800048828125,2847.0,2846.5,2847.0,13
2026-09-27 20:39:00-04:00,2846.89990234375,2846.89990234375,2847.199951171875,2846.89990234375,2847.0,9
2026-09-27 20:40:00-04:00,2845.699951171875,2845.699951171875,2846.800048828125,2845.699951171875,2846.800048828125,32
2026-09-27 20:41:00-04:00,2845.89990234375,2845.89990234375,2846.0,2845.5,2845.60009765625,23
2026-09-27 20:42:00-04:00,2845.89990234375,2845.89990234375,2846.199951171875,2845.699951171875,2846.0,32
2026-09-27 20:43:00-04:00,2846.800048828125,2846.800048828125,2846.89990234375,2845.800048828125,2845.800048828125,46
2026-09-27 20:44:00-04:00,2847.199951171875,2847.199951171875,2847.60009765625,2846.60009765625,2846.699951171875,29
2026-09-27 20:45:00-04:00,2848.0,2848.0,2848.0,2847.699951171875,2847.89990234375,9
2026-09-27 20:46:00-04:00,2847.89990234375,2847.89990234375,2848.89990234375,2847.800048828125,2847.89990234375,43
2026-09-27 20:47:00-04:00,2848.39990234375,2848.39990234375,2848.39990234375,2847.800048828125,2848.199951171875,25
2026-09-27 20:48:00-04:00,2848.10009765625,2848.10009765625,2848.5,2847.89990234375,2848.5,12
2026-09-27 20:49:00-04:00,2849.0,2849.0,2849.0,2848.60009765625,2848.800048828125,10
2026-09-27 20:50:00-04:00,2849.0,2849.0,2849.199951171875,2848.60009765625,2849.10009765625,19
2026-09-27 20:51:00-04:00,2849.60009765625,2849.60009765625,2849.800048828125,2848.89990234375,2848.89990234375,14
2026-09-27 20:52:00-04:00,2849.0,2849.0,2849.39990234375,2848.89990234375,2849.39990234375,10
2026-09-27 20:53:00-04:00,2848.5,2848.5,2849.60009765625,2848.5,2849.199951171875,38
2026-09-27 20:54:00-04:00,2847.699951171875,2847.699951171875,2848.5,2847.60009765625,2848.5,32
2026-09-27 20:55:00-04:00,2848.199951171875,2848.199951171875,2848.300048828125,2847.699951171875,2847.699951171875,54
2026-09-27 20:56:00-04:00,2847.199951171875,2847.199951171875,2848.199951171875,2847.199951171875,2848.10009765625,29
2026-09-27 20:57:00-04:00,2846.800048828125,2846.800048828125,2846.89990234375,2846.699951171875,2846.89990234375,5
2026-09-27 20:58:00-04:00,2847.199951171875,2847.199951171875,2847.5,2847.199951171875,2847.39990234375,6
2026-09-27 20:59:00-04:00,2846.300048828125,2846.300048828125,2846.60009765625,2845.5,2846.60009765625,39
2026-09-27 21:00:00-04:00,2847.5,2847.5,2847.699951171875,2846.199951171875,2846.300048828125,74
2026-09-27 21:01:00-04:00,2847.60009765625,2847.60009765625,2847.89990234375,2847.39990234375,2847.5,29
2026-09-27 21:02:00-04:00,2847.800048828125,2847.800048828125,2849.199951171875,2846.800048828125,2847.699951171875,157
2026-09-27 21:03:00-04:00,2848.39990234375,2848.39990234375,2848.60009765625,2846.89990234375,2848.0,59
2026-09-27 21:04:00-04:00,2848.699951171875,2848.699951171875,2848.800048828125,2848.0,2848.39990234375,22
2026-09-27 21:05:00-04:00,2846.699951171875,2846.699951171875,2848.60009765625,2846.39990234375,2848.60009765625,64
2026-09-27 21:06:00-04:00,2847.0,2847.0,2847.39990234375,2846.199951171875,2846.5,41
2026-09-27 21:07:00-04:00,2848.0,2848.0,2848.10009765625,2847.0,2847.0,21
2026-09-27 21:08:00-04:00,2848.39990234375,2848.39990234375,2848.39990234375,2847.699951171875,2847.800048828125,26
2026-09-27 21:09:00-04:00,2848.0,2848.0,2848.300048828125,2847.800048828125,2848.300048828125,14
2026-09-27 21:10:00-04:00,2848.0,2848.0,2848.39990234375,2848.0,2848.10009765625,35
2026-09-27 21:11:00-04:00,2848.39990234375,2848.39990234375,2848.699951171875,2848.0,2848.0,12
2026-09-27 21:12:00-04:00,2849.10009765625,2849.10009765625,2849.199951171875,2848.800048828125,2848.89990234375,15
2026-09-27 21:13:00-04:00,2849.10009765625,2849.10009765625,2849.10009765625,2849.0,2849.0,2
2026-09-27 21:14:00-04:00,2849.199951171875,2849.199951171875,2849.800048828125,2849.10009765625,2849.10009765625,30
2026-09-27 21:15:00-04:00,2849.5,2849.5,2849.60009765625,2848.800048828125,2849.10009765625,43
2026-09-27 21:16:00-04:00,2849.39990234375,2849.39990234375,2849.800048828125,2849.300048828125,2849.39990234375,29
2026-09-27 21:17:00-04:00,2848.60009765625,2848.60009765625,2849.300048828125,2848.60009765625,2849.300048828125,13
2026-09-27 21:18:00-04:00,2847.89990234375,2847.89990234375,2848.300048828125,2847.699951171875,2848.300048828125,28
2026-09-27 21:19:00-04:00,2848.199951171875,2848.199951171875,2848.199951171875,2847.5,2847.89990234375,7
2026-09-27 21:20:00-04:00,2848.39990234375,2848.39990234375,2848.60009765625,2848.199951171875,2848.300048828125,18
2026-09-27 21:21:00-04:00,2849.89990234375,2849.89990234375,2850.10009765625,2848.89990234375,2848.89990234375,38
2026-09-27 21:22:00-04:00,2849.10009765625,2849.10009765625,2850.0,2849.10009765625,2849.800048828125,22
2026-09-27 21:23:00-04:00,2848.60009765625,2848.60009765625,2849.10009765625,2848.39990234375,2849.0,113
2026-09-27 21:24:00-04:00,2848.39990234375,2848.39990234375,2849.199951171875,2848.300048828125,2848.699951171875,16
2026-09-27 21:25:00-04:00,2849.5,2849.5,2849.5,2848.800048828125,2848.89990234375,8
2026-09-27 21:26:00-04:00,2849.5,2849.5,2849.699951171875,2849.5,2849.699951171875,6
2026-09-27 21:27:00-04:00,2848.800048828125,2848.800048828125,2849.699951171875,2848.800048828125,2849.699951171875,16
2026-09-27 21:28:00-04:00,2849.199951171875,2849.199951171875,2849.199951171875,2849.0,2849.199951171875,5
2026-09-27 21:29:00-04:00,2848.699951171875,2848.699951171875,2849.39990234375,2848.699951171875,2849.39990234375,7
2026-09-27 21:30:00-04:00,2849.800048828125,2849.800048828125,2850.5,2848.89990234375,2848.89990234375,67
2026-09-27 21:31:00-04:00,2849.5,2849.5,2850.39990234375,2849.5,2850.0,31
2026-09-27 21:32:00-04:00,2850.199951171875,2850.199951171875,2850.199951171875,2849.5,2849.60009765625,13
2026-09-27 21:33:00-04:00,2849.300048828125,2849.300048828125,2850.10009765625,2849.300048828125,2850.10009765625,10
2026-09-27 21:34:00-04:00,2849.89990234375,2849.89990234375,2849.89990234375,2849.39990234375,2849.60009765625,4
2026-09-27 21:35:00-04:00,2849.199951171875,2849.199951171875,2849.800048828125,2848.89990234375,2849.39990234375,12
2026-09-27 21:36:00-04:00,2849.699951171875,2849.699951171875,2849.800048828125,2849.39990234375,2849.39990234375,18
2026-09-27 21:37:00-04:00,2849.699951171875,2849.699951171875,2849.800048828125,2849.699951171875,2849.800048828125,5
2026-09-27 21:38:00-04:00,2849.5,2849.5,2849.5,2849.5,2849.5,1
2026-09-27 21:39:00-04:00,2849.39990234375,2849.39990234375,2849.5,2849.39990234375,2849.5,2
2026-09-27 21:40:00-04:00,2849.5,2849.5,2849.89990234375,2849.5,2849.5,14
2026-09-27 21:41:00-04:00,2849.60009765625,2849.60009765625,2849.60009765625,2848.60009765625,2849.39990234375,31
2026-09-27 21:42:00-04:00,2849.300048828125,2849.300048828125,2849.800048828125,2849.300048828125,2849.60009765625,17
2026-09-27 21:43:00-04:00,2849.300048828125,2849.300048828125,2849.60009765625,2849.300048828125,2849.300048828125,10
2026-09-27 21:44:00-04:00,2848.89990234375,2848.89990234375,2849.10009765625,2848.5,2849.10009765625,23
2026-09-27 21:45:00-04:00,2847.89990234375,2847.89990234375,2848.39990234375,2847.89990234375,2848.39990234375,26
2026-09-27 21:46:00-04:00,2848.300048828125,2848.300048828125,2848.300048828125,2847.60009765625,2847.699951171875,9
2026-09-27 21:47:00-04:00,2848.199951171875,2848.199951171875,2848.39990234375,2848.199951171875,2848.39990234375,16
2026-09-27 21:48:00-04:00,2847.89990234375,2847.89990234375,2848.60009765625,2847.89990234375,2848.199951171875,17
2026-09-27 21:49:00-04:00,2847.800048828125,2847.800048828125,2848.300048828125,2847.60009765625,2848.10009765625,21
2026-09-27 21:50:00-04:00,2848.39990234375,2848.39990234375,2848.800048828125,2848.0,2848.0,32
2026-09-27 21:51:00-04:00,2849.199951171875,2849.199951171875,2849.300048828125,2848.800048828125,2848.800048828125,14
2026-09-27 21:52:00-04:00,2848.89990234375,2848.89990234375,2849.10009765625,2848.89990234375,2849.10009765625,8
2026-09-27 21:53:00-04:00,2849.60009765625,2849.60009765625,2849.699951171875,2849.5,2849.60009765625,5
2026-09-27 21:54:00-04:00,2848.39990234375,2848.39990234375,2849.300048828125,2848.10009765625,2849.300048828125,41
2026-09-27 21:55:00-04:00,2849.199951171875,2849.199951171875,2849.199951171875,2848.5,2848.5,11
2026-09-27 21:56:00-04:00,2849.699951171875,2849.699951171875,2849.699951171875,2848.89990234375,2849.10009765625,7
2026-09-27 21:57:00-04:00,2849.199951171875,2849.199951171875,2849.699951171875,2849.199951171875,2849.5,8
2026-09-27 21:58:00-04:00,2849.10009765625,2849.10009765625,2849.39990234375,2849.10009765625,2849.199951171875,3
2026-09-27 21:59:00-04:00,2848.800048828125,2848.800048828125,2849.199951171875,2848.699951171875,2849.0,17
2026-09-27 22:00:00-04:00,2847.300048828125,2847.300048828125,2848.60009765625,2847.199951171875,2848.60009765625,26
2026-09-27 22:01:00-04:00,2847.60009765625,2847.60009765625,2847.60009765625,2846.800048828125,2847.10009765625,18
2026-09-27 22:02:00-04:00,2847.199951171875,2847.199951171875,2847.300048828125,2847.10009765625,2847.10009765625,3
2026-09-27 22:03:00-04:00,2846.5,2846.5,2847.0,2846.5,2847.0,4
2026-09-27 22:04:00-04:00,2846.60009765625,2846.60009765625,2846.800048828125,2846.300048828125,2846.5,20
2026-09-27 22:05:00-04:00,2846.60009765625,2846.60009765625,2846.89990234375,2846.60009765625,2846.89990234375,4
2026-09-27 22:06:00-04:00,2845.300048828125,2845.300048828125,2846.60009765625,2845.300048828125,2846.199951171875,22
2026-09-27 22:07:00-04:00,2845.199951171875,2845.199951171875,2846.0,2845.0,2846.0,21
2026-09-27 22:08:00-04:00,2846.199951171875,2846.199951171875,2846.199951171875,2844.5,2844.5,30
2026-09-27 22:09:00-04:00,2846.60009765625,2846.60009765625,2846.699951171875,2846.10009765625,2846.10009765625,10
2026-09-27 22:10:00-04:00,2847.199951171875,2847.199951171875,2847.60009765625,2846.60009765625,2846.699951171875,37
2026-09-27 22:11:00-04:00,2847.0,2847.0,2847.199951171875,2847.0,2847.0,6
2026-09-27 22:12:00-04:00,2847.5,2847.5,2847.89990234375,2847.199951171875,2847.300048828125,10
2026-09-27 22:13:00-04:00,2847.89990234375,2847.89990234375,2847.89990234375,2847.699951171875,2847.699951171875,3
2026-09-27 22:14:00-04:00,2847.60009765625,2847.60009765625,2848.199951171875,2847.5,2848.199951171875,7
2026-09-27 22:15:00-04:00,2847.60009765625,2847.60009765625,2847.60009765625,2847.300048828125,2847.5,6
2026-09-27 22:16:00-04:00,2846.699951171875,2846.699951171875,2847.199951171875,2846.699951171875,2847.199951171875,15
2026-09-27 22:17:00-04:00,2846.800048828125,2846.800048828125,2846.800048828125,2846.60009765625,2846.60009765625,2
2026-09-27 22:18:00-04:00,2846.5,2846.5,2846.60009765625,2846.199951171875,2846.60009765625,4
2026-09-27 22:19:00-04:00,2846.699951171875,2846.699951171875,2846.699951171875,2846.300048828125,2846.300048828125,2
2026-09-27 22:20:00-04:00,2846.60009765625,2846.60009765625,2847.0,2846.199951171875,2847.0,5
2026-09-27 22:21:00-04:00,2846.60009765625,2846.60009765625,2846.800048828125,2846.60009765625,2846.800048828125,2
2026-09-27 22:22:00-04:00,2847.300048828125,2847.300048828125,2847.300048828125,2846.39990234375,2846.39990234375,7
2026-09-27 22:23:00-04:00,2846.800048828125,2846.800048828125,2847.199951171875,2846.800048828125,2847.10009765625,17
2026-09-27 22:24:00-04:00,2847.0,2847.0,2847.10009765625,2846.800048828125,2847.0,7
2026-09-27 22:25:00-04:00,2847.199951171875,2847.199951171875,2847.199951171875,2847.199951171875,2847.199951171875,2
2026-09-27 22:26:00-04:00,2847.0,2847.0,2847.10009765625,2847.0,2847.10009765625,3
2026-09-27 22:27:00-04:00,2847.89990234375,2847.89990234375,2847.89990234375,2847.60009765625,2847.60009765625,4
2026-09-27 22:28:00-04:00,2847.5,2847.5,2847.699951171875,2847.5,2847.5,5
2026-09-27 22:29:00-04:00,2847.39990234375,2847.39990234375,2847.39990234375,2847.39990234375,2847.39990234375,5
2026-09-27 22:30:00-04:00,2847.10009765625,2847.10009765625,2847.60009765625,2847.10009765625,2847.5,18
2026-09-27 22:31:00-04:00,2847.699951171875,2847.699951171875,2847.89990234375,2847.300048828125,2847.300048828125,39
2026-09-27 22:32:00-04:00,2848.0,2848.0,2848.0,2847.60009765625,2847.800048828125,11
2026-09-27 22:33:00-04:00,2848.800048828125,2848.800048828125,2849.10009765625,2847.89990234375,2847.89990234375,19
2026-09-27 22:34:00-04:00,2848.5,2848.5,2848.800048828125,2848.5,2848.699951171875,6
2026-09-27 22:35:00-04:00,2848.300048828125,2848.300048828125,2848.800048828125,2848.199951171875,2848.800048828125,61
2026-09-27 22:36:00-04:00,2848.10009765625,2848.10009765625,2848.39990234375,2848.10009765625,2848.39990234375,37
2026-09-27 22:37:00-04:00,2847.800048828125,2847.800048828125,2848.10009765625,2847.60009765625,2848.0,32
2026-09-27 22:38:00-04:00,2847.300048828125,2847.300048828125,2847.89990234375,2847.0,2847.800048828125,53
2026-09-27 22:39:00-04:00,2847.5,2847.5,2847.699951171875,2847.10009765625,2847.10009765625,17
2026-09-27 22:40:00-04:00,2848.10009765625,2848.10009765625,2848.199951171875,2847.5,2847.5,15
2026-09-27 22:41:00-04:00,2847.699951171875,2847.699951171875,2847.89990234375,2847.60009765625,2847.89990234375,6
2026-09-27 22:43:00-04:00,2847.800048828125,2847.800048828125,2848.10009765625,2847.800048828125,2848.10009765625,11
2026-09-27 22:44:00-04:00,2848.300048828125,2848.300048828125,2848.300048828125,2847.800048828125,2847.89990234375,5
2026-09-27 22:45:00-04:00,2848.0,2848.0,2848.5,2848.0,2848.39990234375,14
2026-09-27 22:46:00-04:00,2847.800048828125,2847.800048828125,2848.10009765625,2847.800048828125,2848.10009765625,7
2026-09-27 22:47:00-04:00,2847.800048828125,2847.800048828125,2847.89990234375,2847.5,2847.800048828125,6
2026-09-27 22:48:00-04:00,2847.199951171875,2847.199951171875,2847.699951171875,2847.10009765625,2847.699951171875,8
2026-09-27 22:49:00-04:00,2847.10009765625,2847.10009765625,2847.199951171875,2847.10009765625,2847.10009765625,9
2026-09-27 22:50:00-04:00,2846.89990234375,2846.89990234375,2847.199951171875,2846.800048828125,2847.10009765625,11
2026-09-27 22:51:00-04:00,2847.0,2847.0,2847.199951171875,2846.39990234375,2846.800048828125,17
2026-09-27 22:52:00-04:00,2847.199951171875,2847.199951171875,2847.199951171875,2846.89990234375,2847.0,4
2026-09-27 22:53:00-04:00,2847.199951171875,2847.199951171875,2847.39990234375,2847.199951171875,2847.39990234375,7
2026-09-27 22:54:00-04:00,2847.5,2847.5,2847.699951171875,2847.5,2847.5,6
2026-09-27 22:55:00-04:00,2846.699951171875,2846.699951171875,2847.39990234375,2846.5,2847.39990234375,10
2026-09-27 22:56:00-04:00,2846.39990234375,2846.39990234375,2846.699951171875,2846.39990234375,2846.699951171875,6
2026-09-27 22:57:00-04:00,2846.60009765625,2846.60009765625,2846.60009765625,2846.5,2846.5,4
2026-09-27 22:58:00-04:00,2847.300048828125,2847.300048828125,2847.39990234375,2846.800048828125,2846.800048828125,5
2026-09-27 22:59:00-04:00,2847.300048828125,2847.300048828125,2847.5,2847.300048828125,2847.300048828125,8
2026-09-27 23:00:00-04:00,2848.0,2848.0,2848.39990234375,2847.199951171875,2847.199951171875,9
2026-09-27 23:01:00-04:00,2847.60009765625,2847.60009765625,2847.89990234375,2847.5,2847.800048828125,13
2026-09-27 23:02:00-04:00,2847.5,2847.5,2848.10009765625,2847.300048828125,2847.800048828125,10
2026-09-27 23:03:00-04:00,2847.39990234375,2847.39990234375,2847.89990234375,2847.39990234375,2847.60009765625,6
2026-09-27 23:04:00-04:00,2847.10009765625,2847.10009765625,2847.39990234375,2847.10009765625,2847.300048828125,12
2026-09-27 23:05:00-04:00,2847.5,2847.5,2847.699951171875,2847.199951171875,2847.699951171875,7
2026-09-27 23:06:00-04:00,2848.10009765625,2848.10009765625,2848.10009765625,2847.800048828125,2847.800048828125,4
2026-09-27 23:07:00-04:00,2848.39990234375,2848.39990234375,2848.800048828125,2848.0,2848.0,6
2026-09-27 23:08:00-04:00,2848.5,2848.5,2848.5,2848.39990234375,2848.39990234375,3
2026-09-27 23:09:00-04:00,2848.800048828125,2848.800048828125,2848.89990234375,2848.5,2848.5,4
2026-09-27 23:10:00-04:00,2849.0,2849.0,2849.0,2849.0,2849.0,3
2026-09-27 23:11:00-04:00,2847.89990234375,2847.89990234375,2848.800048828125,2847.89990234375,2848.800048828125,11
2026-09-27 23:12:00-04:00,2847.800048828125,2847.800048828125,2847.89990234375,2847.800048828125,2847.89990234375,16
2026-09-27 23:13:00-04:00,2848.300048828125,2848.300048828125,2848.5,2848.199951171875,2848.300048828125,9
2026-09-27 23:14:00-04:00,2847.199951171875,2847.199951171875,2848.0,2847.199951171875,2848.0,11
2026-09-27 23:15:00-04:00,2847.39990234375,2847.39990234375,2848.10009765625,2847.10009765625,2847.199951171875,43
2026-09-27 23:16:00-04:00,2847.199951171875,2847.199951171875,2847.5,2847.199951171875,2847.39990234375,7
2026-09-27 23:17:00-04:00,2846.89990234375,2846.89990234375,2847.10009765625,2846.800048828125,2847.0,10
2026-09-27 23:18:00-04:00,2846.800048828125,2846.800048828125,2847.10009765625,2846.60009765625,2847.10009765625,15
2026-09-27 23:19:00-04:00,2847.39990234375,2847.39990234375,2847.39990234375,2846.800048828125,2846.800048828125,10
2026-09-27 23:20:00-04:00,2847.10009765625,2847.10009765625,2847.39990234375,2846.800048828125,2847.10009765625,21
2026-09-27 23:21:00-04:00,2847.199951171875,2847.199951171875,2847.199951171875,2846.699951171875,2847.0,7
2026-09-27 23:22:00-04:00,2846.699951171875,2846.699951171875,2846.89990234375,2846.699951171875,2846.800048828125,5
2026-09-27 23:23:00-04:00,2847.300048828125,2847.300048828125,2847.300048828125,2846.89990234375,2846.89990234375,5
2026-09-27 23:24:00-04:00,2847.10009765625,2847.10009765625,2847.39990234375,2847.10009765625,2847.39990234375,6
2026-09-27 23:25:00-04:00,2846.89990234375,2846.89990234375,2847.0,2846.60009765625,2847.0,9
2026-09-27 23:26:00-04:00,2846.699951171875,2846.699951171875,2846.89990234375,2846.699951171875,2846.89990234375,7
2026-09-27 23:27:00-04:00,2847.0,2847.0,2847.0,2846.699951171875,2846.699951171875,2
2026-09-27 23:28:00-04:00,2847.0,2847.0,2847.199951171875,2847.0,2847.0,6
2026-09-27 23:29:00-04:00,2846.89990234375,2846.89990234375,2846.89990234375,2846.800048828125,2846.89990234375,4
2026-09-27 23:30:00-04:00,2846.0,2846.0,2847.0,2846.0,2846.699951171875,15
2026-09-27 23:31:00-04:00,2846.10009765625,2846.10009765625,2846.39990234375,2845.60009765625,2845.60009765625,16
2026-09-27 23:32:00-04:00,2845.699951171875,2845.699951171875,2846.10009765625,2845.60009765625,2846.10009765625,12
2026-09-27 23:33:00-04:00,2845.60009765625,2845.60009765625,2845.89990234375,2845.60009765625,2845.699951171875,7
2026-09-27 23:34:00-04:00,2844.800048828125,2844.800048828125,2845.5,2844.800048828125,2845.5,67
2026-09-27 23:35:00-04:00,2845.10009765625,2845.10009765625,2845.10009765625,2844.60009765625,2844.699951171875,26
2026-09-27 23:36:00-04:00,2844.699951171875,2844.699951171875,2844.800048828125,2844.5,2844.60009765625,9
2026-09-27 23:37:00-04:00,2844.800048828125,2844.800048828125,2845.0,2844.60009765625,2844.699951171875,11
2026-09-27 23:38:00-04:00,2845.199951171875,2845.199951171875,2845.199951171875,2844.89990234375,2844.89990234375,10
2026-09-27 23:39:00-04:00,2845.60009765625,2845.60009765625,2845.800048828125,2845.10009765625,2845.199951171875,9
2026-09-27 23:40:00-04:00,2845.60009765625,2845.60009765625,2846.199951171875,2845.60009765625,2845.60009765625,21
2026-09-27 23:41:00-04:00,2845.699951171875,2845.699951171875,2845.699951171875,2845.699951171875,2845.699951171875,2
2026-09-27 23:42:00-04:00,2846.39990234375,2846.39990234375,2846.5,2846.10009765625,2846.10009765625,6
2026-09-27 23:43:00-04:00,2846.199951171875,2846.199951171875,2846.39990234375,2846.199951171875,2846.39990234375,5
2026-09-27 23:44:00-04:00,2846.5,2846.5,2846.5,2846.300048828125,2846.300048828125,4
2026-09-27 23:45:00-04:00,2846.39990234375,2846.39990234375,2846.5,2846.300048828125,2846.300048828125,3
2026-09-27 23:46:00-04:00,2846.39990234375,2846.39990234375,2846.39990234375,2846.39990234375,2846.39990234375,1
2026-09-27 23:47:00-04:00,2846.39990234375,2846.39990234375,2846.39990234375,2846.39990234375,2846.39990234375,1
2026-09-27 23:48:00-04:00,2846.0,2846.0,2846.5,2845.699951171875,2846.5,13
2026-09-27 23:49:00-04:00,2846.300048828125,2846.300048828125,2846.300048828125,2845.89990234375,2846.0,6
2026-09-27 23:50:00-04:00,2846.300048828125,2846.300048828125,2846.300048828125,2845.89990234375,2846.0,12
2026-09-27 23:51:00-04:00,2845.89990234375,2845.89990234375,2846.199951171875,2845.89990234375,2846.10009765625,8
2026-09-27 23:52:00-04:00,2846.0,2846.0,2846.0,2845.89990234375,2845.89990234375,2
2026-09-27 23:53:00-04:00,2846.5,2846.5,2846.60009765625,2846.10009765625,2846.10009765625,6
2026-09-27 23:54:00-04:00,2846.5,2846.5,2846.5,2846.300048828125,2846.39990234375,6
2026-09-27 23:55:00-04:00,2846.0,2846.0,2846.39990234375,2846.0,2846.300048828125,6
2026-09-27 23:56:00-04:00,2845.39990234375,2845.39990234375,2845.5,2845.39990234375,2845.5,4
2026-09-27 23:57:00-04:00,2845.199951171875,2845.199951171875,2845.300048828125,2844.800048828125,2845.300048828125,18
2026-09-27 23:58:00-04:00,2844.89990234375,2844.89990234375,2845.199951171875,2844.800048828125,2845.199951171875,5
2026-09-28 00:00:00-04:00,2843.39990234375,2843.39990234375,2844.10009765625,2843.39990234375,2844.10009765625,16
2026-09-28 00:01:00-04:00,2843.5,2843.5,2843.60009765625,2843.39990234375,2843.5,12
2026-09-28 00:02:00-04:00,2843.699951171875,2843.699951171875,2843.89990234375,2843.5,2843.89990234375,13
2026-09-28 00:03:00-04:00,2843.699951171875,2843.699951171875,2844.0,2843.39990234375,2843.60009765625,13
2026-09-28 00:04:00-04:00,2843.39990234375,2843.39990234375,2843.800048828125,2843.39990234375,2843.800048828125,7
2026-09-28 00:05:00-04:00,2843.300048828125,2843.300048828125,2843.5,2843.199951171875,2843.5,7
2026-09-28 00:06:00-04:00,2843.60009765625,2843.60009765625,2843.60009765625,2842.800048828125,2843.39990234375,31
2026-09-28 00:07:00-04:00,2843.199951171875,2843.199951171875,2843.60009765625,2843.199951171875,2843.60009765625,6
2026-09-28 00:08:00-04:00,2843.300048828125,2843.300048828125,2843.5,2843.300048828125,2843.5,4
2026-09-28 00:09:00-04:00,2843.5,2843.5,2844.0,2843.300048828125,2843.300048828125,35
2026-09-28 00:10:00-04:00,2844.10009765625,2844.10009765625,2844.10009765625,2843.89990234375,2844.0,14
2026-09-28 00:11:00-04:00,2844.300048828125,2844.300048828125,2844.60009765625,2844.199951171875,2844.199951171875,10
2026-09-28 00:12:00-04:00,2844.89990234375,2844.89990234375,2845.0,2844.60009765625,2844.60009765625,8
2026-09-28 00:13:00-04:00,2844.89990234375,2844.89990234375,2845.199951171875,2844.89990234375,2844.89990234375,15
2026-09-28 00:14:00-04:00,2845.800048828125,2845.800048828125,2845.800048828125,2845.300048828125,2845.39990234375,9
2026-09-28 00:15:00-04:00,2845.0,2845.0,2845.699951171875,2845.0,2845.699951171875,16
2026-09-28 00:16:00-04:00,2844.89990234375,2844.89990234375,2845.10009765625,2844.89990234375,2845.0,5
2026-09-28 00:17:00-04:00,2844.89990234375,2844.89990234375,2845.199951171875,2844.89990234375,2844.89990234375,13
2026-09-28 00:18:00-04:00,2844.89990234375,2844.89990234375,2845.10009765625,2844.89990234375,2845.10009765625,4
2026-09-28 00:19:00-04:00,2845.39990234375,2845.39990234375,2845.39990234375,2845.0,2845.0,7
2026-09-28 00:20:00-04:00,2845.699951171875,2845.699951171875,2846.0,2845.699951171875,2845.699951171875,14
2026-09-28 00:21:00-04:00,2845.699951171875,2845.699951171875,2845.89990234375,2845.60009765625,2845.60009765625,3
2026-09-28 00:22:00-04:00,2845.39990234375,2845.39990234375,2845.60009765625,2845.10009765625,2845.60009765625,32
2026-09-28 00:23:00-04:00,2845.199951171875,2845.199951171875,2845.60009765625,2845.199951171875,2845.199951171875,29
2026-09-28 00:24:00-04:00,2845.199951171875,2845.199951171875,2845.39990234375,2844.800048828125,2845.0,48
2026-09-28 00:25:00-04:00,2844.800048828125,2844.800048828125,2845.300048828125,2844.300048828125,2845.300048828125,32
2026-09-28 00:26:00-04:00,2844.300048828125,2844.300048828125,2844.89990234375,2844.10009765625,2844.89990234375,8
2026-09-28 00:27:00-04:00,2844.39990234375,2844.39990234375,2844.800048828125,2844.39990234375,2844.60009765625,10
2026-09-28 00:28:00-04:00,2844.39990234375,2844.39990234375,2844.699951171875,2844.39990234375,2844.60009765625,5
2026-09-28 00:29:00-04:00,2844.39990234375,2844.39990234375,2844.39990234375,2844.199951171875,2844.39990234375,9
2026-09-28 00:30:00-04:00,2844.10009765625,2844.10009765625,2844.39990234375,2844.10009765625,2844.39990234375,8
2026-09-28 00:31:00-04:00,2844.0,2844.0,2844.300048828125,2843.89990234375,2844.199951171875,18
2026-09-28 00:32:00-04:00,2844.0,2844.0,2844.0,2843.89990234375,2844.0,8
2026-09-28 00:33:00-04:00,2843.89990234375,2843.89990234375,2844.199951171875,2843.89990234375,2844.10009765625,27
2026-09-28 00:34:00-04:00,2843.39990234375,2843.39990234375,2844.0,2843.39990234375,2843.89990234375,43
2026-09-28 00:35:00-04:00,2843.5,2843.5,2843.800048828125,2843.39990234375,2843.39990234375,22
2026-09-28 00:36:00-04:00,2843.800048828125,2843.800048828125,2843.800048828125,2843.5,2843.5,11
2026-09-28 00:37:00-04:00,2843.89990234375,2843.89990234375,2844.10009765625,2843.89990234375,2844.0,14
2026-09-28 00:38:00-04:00,2844.10009765625,2844.10009765625,2844.199951171875,2843.89990234375,2843.89990234375,15
2026-09-28 00:39:00-04:00,2844.10009765625,2844.10009765625,2844.10009765625,2843.89990234375,2844.10009765625,12
2026-09-28 00:40:00-04:00,2844.39990234375,2844.39990234375,2844.5,2844.199951171875,2844.199951171875,12
2026-09-28 00:41:00-04:00,2844.39990234375,2844.39990234375,2844.39990234375,2844.10009765625,2844.10009765625,10
2026-09-28 00:42:00-04:00,2844.199951171875,2844.199951171875,2844.300048828125,2844.199951171875,2844.300048828125,7
2026-09-28 00:43:00-04:00,2844.300048828125,2844.300048828125,2844.5,2844.199951171875,2844.199951171875,10
2026-09-28 00:44:00-04:00,2844.39990234375,2844.39990234375,2844.39990234375,2844.300048828125,2844.300048828125,4
2026-09-28 00:45:00-04:00,2844.0,2844.0,2844.5,2844.0,2844.5,13
2026-09-28 00:46:00-04:00,2844.10009765625,2844.10009765625,2844.10009765625,2844.10009765625,2844.10009765625,1
2026-09-28 00:47:00-04:00,2843.60009765625,2843.60009765625,2843.800048828125,2843.5,2843.800048828125,8
2026-09-28 00:48:00-04:00,2843.5,2843.5,2843.60009765625,2843.300048828125,2843.60009765625,20
2026-09-28 00:49:00-04:00,2843.39990234375,2843.39990234375,2843.5,2843.39990234375,2843.39990234375,10
2026-09-28 00:50:00-04:00,2843.89990234375,2843.89990234375,2843.89990234375,2843.5,2843.5,14
2026-09-28 00:51:00-04:00,2844.0,2844.0,2844.10009765625,2843.800048828125,2844.0,20
2026-09-28 00:52:00-04:00,2843.89990234375,2843.89990234375,2844.10009765625,2843.89990234375,2843.89990234375,7
2026-09-28 00:53:00-04:00,2844.199951171875,2844.199951171875,2844.199951171875,2844.0,2844.0,9
2026-09-28 00:54:00-04:00,2843.300048828125,2843.300048828125,2843.89990234375,2843.300048828125,2843.89990234375,9
2026-09-28 00:55:00-04:00,2843.300048828125,2843.300048828125,2843.5,2843.199951171875,2843.5,9
2026-09-28 00:56:00-04:00,2843.60009765625,2843.60009765625,2843.60009765625,2843.199951171875,2843.300048828125,12
2026-09-28 00:57:00-04:00,2843.39990234375,2843.39990234375,2843.5,2843.300048828125,2843.5,4
2026-09-28 00:58:00-04:00,2843.300048828125,2843.300048828125,2843.5,2843.199951171875,2843.39990234375,5
2026-09-28 00:59:00-04:00,2843.199951171875,2843.199951171875,2843.39990234375,2842.800048828125,2843.39990234375,20
2026-09-28 01:00:00-04:00,2844.0,2844.0,2844.300048828125,2843.39990234375,2843.39990234375,9
2026-09-28 01:01:00-04:00,2844.800048828125,2844.800048828125,2845.0,2844.199951171875,2844.199951171875,11
2026-09-28 01:02:00-04:00,2844.699951171875,2844.699951171875,2844.699951171875,2844.300048828125,2844.699951171875,5
2026-09-28 01:03:00-04:00,2844.39990234375,2844.39990234375,2844.89990234375,2844.39990234375,2844.89990234375,12
2026-09-28 01:04:00-04:00,2844.60009765625,2844.60009765625,2844.699951171875,2844.199951171875,2844.199951171875,10
2026-09-28 01:05:00-04:00,2843.699951171875,2843.699951171875,2844.5,2843.699951171875,2844.300048828125,10
2026-09-28 01:06:00-04:00,2843.800048828125,2843.800048828125,2844.0,2843.60009765625,2843.60009765625,8
2026-09-28 01:07:00-04:00,2843.5,2843.5,2843.699951171875,2843.5,2843.60009765625,7
2026-09-28 01:08:00-04:00,2843.39990234375,2843.39990234375,2843.60009765625,2843.300048828125,2843.39990234375,6
2026-09-28 01:09:00-04:00,2843.699951171875,2843.699951171875,2843.89990234375,2843.699951171875,2843.699951171875,8
2026-09-28 01:10:00-04:00,2843.5,2843.5,2843.800048828125,2843.5,2843.800048828125,4
2026-09-28 01:11:00-04:00,2842.699951171875,2842.699951171875,2843.39990234375,2842.699951171875,2843.39990234375,8
2026-09-28 01:12:00-04:00,2843.10009765625,2843.10009765625,2843.10009765625,2842.89990234375,2842.89990234375,11
2026-09-28 01:13:00-04:00,2842.60009765625,2842.60009765625,2842.800048828125,2842.60009765625,2842.800048828125,15
2026-09-28 01:14:00-04:00,2843.10009765625,2843.10009765625,2843.199951171875,2842.5,2842.5,19
2026-09-28 01:15:00-04:00,2843.39990234375,2843.39990234375,2843.39990234375,2843.300048828125,2843.300048828125,4
2026-09-28 01:16:00-04:00,2843.60009765625,2843.60009765625,2843.699951171875,2843.60009765625,2843.699951171875,4
2026-09-28 01:17:00-04:00,2843.39990234375,2843.39990234375,2843.5,2843.10009765625,2843.300048828125,7
2026-09-28 01:18:00-04:00,2843.199951171875,2843.199951171875,2843.300048828125,2843.0,2843.300048828125,10
2026-09-28 01:19:00-04:00,2843.0,2843.0,2843.10009765625,2843.0,2843.10009765625,4
2026-09-28 01:20:00-04:00,2842.89990234375,2842.89990234375,2843.0,2842.800048828125,2842.800048828125,3
2026-09-28 01:21:00-04:00,2842.800048828125,2842.800048828125,2842.89990234375,2842.800048828125,2842.89990234375,3
2026-09-28 01:22:00-04:00,2842.300048828125,2842.300048828125,2842.5,2842.300048828125,2842.5,5
2026-09-28 01:23:00-04:00,2842.800048828125,2842.800048828125,2842.800048828125,2842.300048828125,2842.300048828125,3
2026-09-28 01:24:00-04:00,2843.199951171875,2843.199951171875,2843.300048828125,2843.0,2843.10009765625,7
2026-09-28 01:25:00-04:00,2843.5,2843.5,2843.5,2843.39990234375,2843.39990234375,6
2026-09-28 01:26:00-04:00,2842.800048828125,2842.800048828125,2843.39990234375,2842.800048828125,2843.39990234375,85
2026-09-28 01:27:00-04:00,2843.300048828125,2843.300048828125,2843.300048828125,2843.0,2843.0,7
2026-09-28 01:28:00-04:00,2843.60009765625,2843.60009765625,2843.89990234375,2843.60009765625,2843.699951171875,7
2026-09-28 01:29:00-04:00,2843.300048828125,2843.300048828125,2843.300048828125,2843.10009765625,2843.10009765625,4
2026-09-28 01:30:00-04:00,2842.199951171875,2842.199951171875,2843.0,2841.89990234375,2843.0,10
2026-09-28 01:31:00-04:00,2841.300048828125,2841.300048828125,2842.39990234375,2841.300048828125,2842.39990234375,48
2026-09-28 01:32:00-04:00,2842.10009765625,2842.10009765625,2842.10009765625,2841.5,2841.60009765625,35
2026-09-28 01:33:00-04:00,2842.300048828125,2842.300048828125,2842.699951171875,2842.10009765625,2842.10009765625,35
2026-09-28 01:34:00-04:00,2842.10009765625,2842.10009765625,2842.800048828125,2842.10009765625,2842.5,14
2026-09-28 01:35:00-04:00,2842.39990234375,2842.39990234375,2843.10009765625,2842.0,2842.10009765625,23
2026-09-28 01:36:00-04:00,2842.199951171875,2842.199951171875,2842.5,2841.89990234375,2842.5,9
2026-09-28 01:37:00-04:00,2842.39990234375,2842.39990234375,2842.60009765625,2842.300048828125,2842.300048828125,18
2026-09-28 01:38:00-04:00,2841.199951171875,2841.199951171875,2841.89990234375,2841.199951171875,2841.89990234375,5
2026-09-28 01:39:00-04:00,2841.300048828125,2841.300048828125,2841.699951171875,2841.300048828125,2841.39990234375,9
2026-09-28 01:40:00-04:00,2841.5,2841.5,2841.5,2841.300048828125,2841.39990234375,9
2026-09-28 01:41:00-04:00,2840.800048828125,2840.800048828125,2841.39990234375,2840.60009765625,2841.39990234375,87
2026-09-28 01:42:00-04:00,2840.699951171875,2840.699951171875,2841.10009765625,2840.39990234375,2840.699951171875,28
2026-09-28 01:43:00-04:00,2840.699951171875,2840.699951171875,2840.89990234375,2840.60009765625,2840.800048828125,6
2026-09-28 01:44:00-04:00,2841.0,2841.0,2841.0,2840.5,2840.5,8
2026-09-28 01:45:00-04:00,2841.39990234375,2841.39990234375,2841.39990234375,2840.800048828125,2840.800048828125,4
2026-09-28 01:46:00-04:00,2841.0,2841.0,2841.0,2840.699951171875,2840.699951171875,15
2026-09-28 01:47:00-04:00,2841.39990234375,2841.39990234375,2841.699951171875,2841.39990234375,2841.699951171875,11
2026-09-28 01:48:00-04:00,2841.800048828125,2841.800048828125,2841.800048828125,2841.800048828125,2841.800048828125,1
2026-09-28 01:49:00-04:00,2841.800048828125,2841.800048828125,2841.800048828125,2841.60009765625,2841.60009765625,2
2026-09-28 01:50:00-04:00,2842.199951171875,2842.199951171875,2842.300048828125,2842.199951171875,2842.199951171875,12
2026-09-28 01:51:00-04:00,2841.39990234375,2841.39990234375,2841.5,2841.39990234375,2841.5,2
2026-09-28 01:52:00-04:00,2841.5,2841.5,2841.5,2841.300048828125,2841.39990234375,4
2026-09-28 01:53:00-04:00,2841.5,2841.5,2841.699951171875,2841.5,2841.699951171875,5
2026-09-28 01:54:00-04:00,2842.300048828125,2842.300048828125,2842.300048828125,2841.60009765625,2841.60009765625,4
2026-09-28 01:55:00-04:00,2842.89990234375,2842.89990234375,2842.89990234375,2842.300048828125,2842.39990234375,10
2026-09-28 01:56:00-04:00,2843.5,2843.5,2843.5,2842.89990234375,2843.0,9
2026-09-28 01:57:00-04:00,2843.60009765625,2843.60009765625,2843.60009765625,2843.300048828125,2843.5,7
2026-09-28 01:58:00-04:00,2844.199951171875,2844.199951171875,2844.199951171875,2843.60009765625,2843.60009765625,7
2026-09-28 01:59:00-04:00,2843.699951171875,2843.699951171875,2844.0,2843.60009765625,2843.699951171875,7
2026-09-28 02:00:00-04:00,2845.300048828125,2845.300048828125,2846.0,2843.89990234375,2843.89990234375,47
2026-09-28 02:01:00-04:00,2845.39990234375,2845.39990234375,2845.699951171875,2845.199951171875,2845.300048828125,17
2026-09-28 02:02:00-04:00,2844.60009765625,2844.60009765625,2845.60009765625,2844.60009765625,2845.5,18
2026-09-28 02:03:00-04:00,2844.39990234375,2844.39990234375,2844.699951171875,2843.699951171875,2844.60009765625,10
2026-09-28 02:04:00-04:00,2843.89990234375,2843.89990234375,2844.60009765625,2843.60009765625,2844.60009765625,14
2026-09-28 02:05:00-04:00,2844.0,2844.0,2844.0,2843.300048828125,2843.60009765625,17
2026-09-28 02:06:00-04:00,2844.60009765625,2844.60009765625,2844.60009765625,2843.89990234375,2843.89990234375,18
2026-09-28 02:07:00-04:00,2845.300048828125,2845.300048828125,2845.300048828125,2844.699951171875,2844.699951171875,12
2026-09-28 02:08:00-04:00,2846.39990234375,2846.39990234375,2846.39990234375,2845.39990234375,2845.39990234375,10
2026-09-28 02:09:00-04:00,2846.300048828125,2846.300048828125,2846.800048828125,2846.199951171875,2846.199951171875,16
2026-09-28 02:10:00-04:00,2847.39990234375,2847.39990234375,2847.5,2846.60009765625,2846.60009765625,12
2026-09-28 02:11:00-04:00,2848.10009765625,2848.10009765625,2848.300048828125,2847.5,2847.800048828125,19
2026-09-28 02:12:00-04:00,2848.39990234375,2848.39990234375,2848.39990234375,2847.5,2848.0,23
2026-09-28 02:13:00-04:00,2847.199951171875,2847.199951171875,2848.10009765625,2847.0,2848.10009765625,22
2026-09-28 02:14:00-04:00,2846.60009765625,2846.60009765625,2847.0,2846.10009765625,2847.0,16
2026-09-28 02:15:00-04:00,2846.800048828125,2846.800048828125,2846.800048828125,2846.10009765625,2846.60009765625,16
2026-09-28 02:16:00-04:00,2847.800048828125,2847.800048828125,2847.800048828125,2847.10009765625,2847.10009765625,57
2026-09-28 02:17:00-04:00,2846.5,2846.5,2847.800048828125,2846.5,2847.60009765625,13
2026-09-28 02:18:00-04:00,2846.199951171875,2846.199951171875,2846.39990234375,2845.89990234375,2846.199951171875,11
2026-09-28 02:19:00-04:00,2845.60009765625,2845.60009765625,2846.300048828125,2845.60009765625,2846.10009765625,29
2026-09-28 02:20:00-04:00,2844.60009765625,2844.60009765625,2845.699951171875,2844.39990234375,2845.39990234375,25
2026-09-28 02:21:00-04:00,2844.60009765625,2844.60009765625,2844.699951171875,2844.199951171875,2844.699951171875,9
2026-09-28 02:22:00-04:00,2844.199951171875,2844.199951171875,2844.300048828125,2844.0,2844.199951171875,7
2026-09-28 02:23:00-04:00,2843.800048828125,2843.800048828125,2844.10009765625,2843.5,2844.10009765625,10
2026-09-28 02:24:00-04:00,2843.5,2843.5,2844.199951171875,2843.5,2844.0,11
2026-09-28 02:25:00-04:00,2842.300048828125,2842.300048828125,2843.60009765625,2842.300048828125,2843.60009765625,23
2026-09-28 02:26:00-04:00,2843.199951171875,2843.199951171875,2843.300048828125,2841.89990234375,2842.300048828125,73
2026-09-28 02:27:00-04:00,2842.800048828125,2842.800048828125,2843.10009765625,2842.39990234375,2843.10009765625,13
2026-09-28 02:28:00-04:00,2842.300048828125,2842.300048828125,2843.0,2842.10009765625,2843.0,16
2026-09-28 02:29:00-04:00,2842.5,2842.5,2842.89990234375,2842.199951171875,2842.199951171875,16
2026-09-28 02:30:00-04:00,2842.10009765625,2842.10009765625,2842.39990234375,2842.0,2842.39990234375,16
2026-09-28 02:31:00-04:00,2843.89990234375,2843.89990234375,2844.199951171875,2842.800048828125,2842.800048828125,24
2026-09-28 02:32:00-04:00,2844.199951171875,2844.199951171875,2844.39990234375,2844.0,2844.10009765625,14
2026-09-28 02:33:00-04:00,2842.89990234375,2842.89990234375,2844.0,2842.89990234375,2844.0,13
2026-09-28 02:34:00-04:00,2842.60009765625,2842.60009765625,2843.10009765625,2842.60009765625,2842.89990234375,34
2026-09-28 02:35:00-04:00,2844.300048828125,2844.300048828125,2844.5,2843.10009765625,2843.10009765625,14
2026-09-28 02:36:00-04:00,2843.89990234375,2843.89990234375,2845.0,2843.89990234375,2844.39990234375,16
2026-09-28 02:37:00-04:00,2844.10009765625,2844.10009765625,2844.10009765625,2843.89990234375,2843.89990234375,4
2026-09-28 02:38:00-04:00,2844.199951171875,2844.199951171875,2844.199951171875,2843.5,2843.89990234375,17
2026-09-28 02:39:00-04:00,2843.89990234375,2843.89990234375,2844.10009765625,2843.800048828125,2844.10009765625,5
2026-09-28 02:40:00-04:00,2844.10009765625,2844.10009765625,2844.300048828125,2843.699951171875,2843.89990234375,7
2026-09-28 02:41:00-04:00,2844.199951171875,2844.199951171875,2844.199951171875,2844.10009765625,2844.10009765625,4
2026-09-28 02:42:00-04:00,2844.5,2844.5,2845.300048828125,2844.5,2844.699951171875,20
2026-09-28 02:43:00-04:00,2844.199951171875,2844.199951171875,2844.60009765625,2844.199951171875,2844.60009765625,11
2026-09-28 02:44:00-04:00,2843.5,2843.5,2844.39990234375,2843.5,2844.10009765625,14
2026-09-28 02:45:00-04:00,2843.5,2843.5,2843.699951171875,2843.39990234375,2843.60009765625,9
2026-09-28 02:46:00-04:00,2844.60009765625,2844.60009765625,2844.60009765625,2844.10009765625,2844.10009765625,4
2026-09-28 02:47:00-04:00,2844.800048828125,2844.800048828125,2845.199951171875,2844.800048828125,2845.10009765625,6
2026-09-28 02:48:00-04:00,2844.699951171875,2844.699951171875,2845.199951171875,2844.10009765625,2844.5,11
2026-09-28 02:49:00-04:00,2845.0,2845.0,2845.0,2844.60009765625,2844.699951171875,8
2026-09-28 02:50:00-04:00,2844.199951171875,2844.199951171875,2845.199951171875,2844.199951171875,2845.199951171875,6
2026-09-28 02:51:00-04:00,2844.699951171875,2844.699951171875,2844.699951171875,2844.199951171875,2844.199951171875,5
2026-09-28 02:52:00-04:00,2844.5,2844.5,2844.800048828125,2844.300048828125,2844.39990234375,7
2026-09-28 02:53:00-04:00,2845.699951171875,2845.699951171875,2846.300048828125,2844.89990234375,2844.89990234375,19
2026-09-28 02:54:00-04:00,2844.300048828125,2844.300048828125,2845.699951171875,2844.300048828125,2845.60009765625,13
2026-09-28 02:55:00-04:00,2844.5,2844.5,2844.5,2844.5,2844.5,5
2026-09-28 02:56:00-04:00,2844.5,2844.5,2844.5,2844.199951171875,2844.300048828125,5
2026-09-28 02:57:00-04:00,2844.10009765625,2844.10009765625,2844.199951171875,2843.89990234375,2844.199951171875,8
2026-09-28 02:58:00-04:00,2845.199951171875,2845.199951171875,2845.199951171875,2844.60009765625,2844.699951171875,11
2026-09-28 02:59:00-04:00,2845.699951171875,2845.699951171875,2845.800048828125,2845.199951171875,2845.199951171875,11
2026-09-28 03:00:00-04:00,2845.39990234375,2845.39990234375,2845.699951171875,2844.60009765625,2845.5,59
2026-09-28 03:01:00-04:00,2844.39990234375,2844.39990234375,2845.5,2843.89990234375,2845.5,13
2026-09-28 03:02:00-04:00,2844.5,2844.5,2844.89990234375,2844.300048828125,2844.60009765625,13
2026-09-28 03:03:00-04:00,2844.60009765625,2844.60009765625,2845.199951171875,2844.39990234375,2844.5,23
2026-09-28 03:04:00-04:00,2844.699951171875,2844.699951171875,2844.89990234375,2843.10009765625,2844.199951171875,44
2026-09-28 03:05:00-04:00,2843.800048828125,2843.800048828125,2844.699951171875,2843.60009765625,2844.699951171875,77
2026-09-28 03:06:00-04:00,2844.199951171875,2844.199951171875,2844.5,2843.5,2843.800048828125,57
2026-09-28 03:07:00-04:00,2844.10009765625,2844.10009765625,2844.199951171875,2843.5,2844.199951171875,20
2026-09-28 03:08:00-04:00,2843.5,2843.5,2844.0,2843.5,2843.800048828125,16
2026-09-28 03:09:00-04:00,2844.300048828125,2844.300048828125,2844.699951171875,2843.60009765625,2843.60009765625,16
2026-09-28 03:10:00-04:00,2843.89990234375,2843.89990234375,2845.0,2843.699951171875,2844.300048828125,25
2026-09-28 03:11:00-04:00,2844.5,2844.5,2844.5,2843.89990234375,2844.300048828125,36
2026-09-28 03:12:00-04:00,2844.0,2844.0,2844.39990234375,2843.800048828125,2844.39990234375,23
2026-09-28 03:13:00-04:00,2844.10009765625,2844.10009765625,2844.60009765625,2843.800048828125,2843.89990234375,39
2026-09-28 03:14:00-04:00,2843.60009765625,2843.60009765625,2843.60009765625,2843.10009765625,2843.60009765625,14
2026-09-28 03:15:00-04:00,2843.800048828125,2843.800048828125,2843.89990234375,2843.0,2843.699951171875,71
2026-09-28 03:16:00-04:00,2844.0,2844.0,2844.10009765625,2843.699951171875,2844.0,116
2026-09-28 03:17:00-04:00,2843.699951171875,2843.699951171875,2844.300048828125,2843.5,2844.10009765625,135
2026-09-28 03:18:00-04:00,2844.5,2844.5,2844.60009765625,2843.39990234375,2843.800048828125,41
2026-09-28 03:19:00-04:00,2844.699951171875,2844.699951171875,2844.89990234375,2844.0,2844.5,52
2026-09-28 03:20:00-04:00,2844.699951171875,2844.699951171875,2845.0,2844.0,2844.800048828125,32
2026-09-28 03:21:00-04:00,2843.0,2843.0,2844.5,2842.39990234375,2844.5,49
2026-09-28 03:22:00-04:00,2842.5,2842.5,2843.60009765625,2842.39990234375,2842.89990234375,35
2026-09-28 03:23:00-04:00,2844.5,2844.5,2844.699951171875,2842.60009765625,2842.699951171875,21
2026-09-28 03:24:00-04:00,2844.300048828125,2844.300048828125,2845.10009765625,2844.300048828125,2844.5,35
2026-09-28 03:25:00-04:00,2844.60009765625,2844.60009765625,2845.39990234375,2844.10009765625,2844.10009765625,26
2026-09-28 03:26:00-04:00,2843.10009765625,2843.10009765625,2844.800048828125,2843.10009765625,2844.800048828125,20
2026-09-28 03:27:00-04:00,2843.300048828125,2843.300048828125,2843.5,2843.300048828125,2843.5,13
2026-09-28 03:28:00-04:00,2843.60009765625,2843.60009765625,2844.300048828125,2843.60009765625,2843.89990234375,20
2026-09-28 03:29:00-04:00,2844.199951171875,2844.199951171875,2844.39990234375,2843.60009765625,2843.60009765625,24
2026-09-28 03:30:00-04:00,2843.300048828125,2843.300048828125,2844.199951171875,2843.199951171875,2844.0,21
2026-09-28 03:31:00-04:00,2843.699951171875,2843.699951171875,2844.0,2843.60009765625,2843.60009765625,19
2026-09-28 03:32:00-04:00,2843.5,2843.5,2843.699951171875,2843.39990234375,2843.699951171875,6
2026-09-28 03:33:00-04:00,2842.89990234375,2842.89990234375,2844.10009765625,2842.60009765625,2843.0,144
2026-09-28 03:34:00-04:00,2843.5,2843.5,2843.5,2842.60009765625,2842.60009765625,22
2026-09-28 03:35:00-04:00,2843.5,2843.5,2843.60009765625,2843.300048828125,2843.39990234375,16
2026-09-28 03:36:00-04:00,2843.300048828125,2843.300048828125,2843.60009765625,2843.300048828125,2843.39990234375,19
2026-09-28 03:37:00-04:00,2842.5,2842.5,2843.10009765625,2842.5,2843.10009765625,22
2026-09-28 03:38:00-04:00,2841.300048828125,2841.300048828125,2842.5,2840.89990234375,2842.5,65
2026-09-28 03:39:00-04:00,2842.800048828125,2842.800048828125,2843.0,2841.300048828125,2841.300048828125,32
2026-09-28 03:40:00-04:00,2844.10009765625,2844.10009765625,2844.10009765625,2842.800048828125,2843.0,14
2026-09-28 03:41:00-04:00,2844.199951171875,2844.199951171875,2844.699951171875,2844.10009765625,2844.300048828125,19
2026-09-28 03:42:00-04:00,2842.0,2842.0,2843.699951171875,2842.0,2843.699951171875,26
2026-09-28 03:43:00-04:00,2841.89990234375,2841.89990234375,2842.300048828125,2841.800048828125,2842.199951171875,6
2026-09-28 03:44:00-04:00,2841.60009765625,2841.60009765625,2841.60009765625,2841.0,2841.60009765625,32
2026-09-28 03:45:00-04:00,2842.0,2842.0,2842.300048828125,2841.60009765625,2841.60009765625,33
2026-09-28 03:46:00-04:00,2842.39990234375,2842.39990234375,2842.800048828125,2842.10009765625,2842.10009765625,30
2026-09-28 03:47:00-04:00,2842.5,2842.5,2843.0,2842.5,2842.699951171875,13
2026-09-28 03:48:00-04:00,2843.199951171875,2843.199951171875,2844.199951171875,2842.60009765625,2842.60009765625,73
2026-09-28 03:49:00-04:00,2843.89990234375,2843.89990234375,2844.300048828125,2843.10009765625,2843.199951171875,17
2026-09-28 03:50:00-04:00,2843.89990234375,2843.89990234375,2844.300048828125,2843.89990234375,2844.0,10
2026-09-28 03:51:00-04:00,2844.5,2844.5,2845.0,2843.5,2843.5,18
2026-09-28 03:52:00-04:00,2843.800048828125,2843.800048828125,2844.5,2843.800048828125,2844.39990234375,12
2026-09-28 03:53:00-04:00,2843.60009765625,2843.60009765625,2843.699951171875,2843.10009765625,2843.10009765625,10
2026-09-28 03:54:00-04:00,2845.199951171875,2845.199951171875,2845.199951171875,2843.199951171875,2843.39990234375,11
2026-09-28 03:55:00-04:00,2846.60009765625,2846.60009765625,2846.800048828125,2845.5,2845.60009765625,19
2026-09-28 03:56:00-04:00,2846.60009765625,2846.60009765625,2846.89990234375,2846.5,2846.800048828125,10
2026-09-28 03:57:00-04:00,2844.60009765625,2844.60009765625,2846.199951171875,2844.60009765625,2846.199951171875,13
2026-09-28 03:58:00-04:00,2844.699951171875,2844.699951171875,2844.699951171875,2844.10009765625,2844.39990234375,18
2026-09-28 03:59:00-04:00,2844.699951171875,2844.699951171875,2845.199951171875,2844.60009765625,2844.60009765625,39
2026-09-28 04:00:00-04:00,2844.10009765625,2844.10009765625,2844.800048828125,2843.39990234375,2844.60009765625,53
2026-09-28 04:01:00-04:00,2844.5,2844.5,2845.10009765625,2844.10009765625,2844.10009765625,19
2026-09-28 04:02:00-04:00,2844.60009765625,2844.60009765625,2844.60009765625,2843.800048828125,2844.5,16
2026-09-28 04:03:00-04:00,2842.89990234375,2842.89990234375,2844.60009765625,2842.800048828125,2844.60009765625,18
2026-09-28 04:04:00-04:00,2844.300048828125,2844.300048828125,2844.300048828125,2842.800048828125,2842.800048828125,17
2026-09-28 04:05:00-04:00,2844.0,2844.0,2844.39990234375,2843.89990234375,2844.300048828125,10
2026-09-28 04:06:00-04:00,2842.89990234375,2842.89990234375,2844.0,2842.89990234375,2843.699951171875,20
2026-09-28 04:07:00-04:00,2843.89990234375,2843.89990234375,2844.199951171875,2843.10009765625,2843.10009765625,23
2026-09-28 04:08:00-04:00,2845.300048828125,2845.300048828125,2845.699951171875,2844.89990234375,2844.89990234375,15
2026-09-28 04:09:00-04:00,2845.60009765625,2845.60009765625,2845.800048828125,2845.39990234375,2845.60009765625,10
2026-09-28 04:10:00-04:00,2846.10009765625,2846.10009765625,2846.10009765625,2845.39990234375,2845.39990234375,16
2026-09-28 04:11:00-04:00,2846.800048828125,2846.800048828125,2846.800048828125,2845.60009765625,2846.0,28
2026-09-28 04:12:00-04:00,2845.89990234375,2845.89990234375,2846.5,2845.5,2846.5,40
2026-09-28 04:13:00-04:00,2846.60009765625,2846.60009765625,2846.60009765625,2845.5,2845.89990234375,20
2026-09-28 04:14:00-04:00,2848.199951171875,2848.199951171875,2848.300048828125,2846.60009765625,2846.60009765625,59
2026-09-28 04:15:00-04:00,2847.89990234375,2847.89990234375,2848.800048828125,2847.800048828125,2848.10009765625,31
2026-09-28 04:16:00-04:00,2847.60009765625,2847.60009765625,2848.39990234375,2847.0,2847.89990234375,33
2026-09-28 04:17:00-04:00,2846.39990234375,2846.39990234375,2847.699951171875,2845.89990234375,2847.60009765625,21
2026-09-28 04:18:00-04:00,2846.0,2846.0,2847.10009765625,2846.0,2846.5,29
2026-09-28 04:19:00-04:00,2845.199951171875,2845.199951171875,2845.89990234375,2845.10009765625,2845.89990234375,21
2026-09-28 04:20:00-04:00,2845.300048828125,2845.300048828125,2845.300048828125,2845.199951171875,2845.199951171875,3
2026-09-28 04:21:00-04:00,2845.199951171875,2845.199951171875,2845.39990234375,2844.60009765625,2845.199951171875,11
2026-09-28 04:22:00-04:00,2845.0,2845.0,2845.300048828125,2844.699951171875,2845.199951171875,18
2026-09-28 04:23:00-04:00,2844.10009765625,2844.10009765625,2845.10009765625,2844.0,2844.89990234375,15
2026-09-28 04:24:00-04:00,2843.300048828125,2843.300048828125,2844.199951171875,2842.699951171875,2844.199951171875,97
2026-09-28 04:25:00-04:00,2844.5,2844.5,2844.699951171875,2843.5,2843.60009765625,22
2026-09-28 04:26:00-04:00,2846.199951171875,2846.199951171875,2846.5,2846.0,2846.0,13
2026-09-28 04:27:00-04:00,2845.0,2845.0,2846.0,2845.0,2845.89990234375,19
2026-09-28 04:28:00-04:00,2845.39990234375,2845.39990234375,2845.39990234375,2845.199951171875,2845.199951171875,2
2026-09-28 04:29:00-04:00,2845.5,2845.5,2845.5,2845.199951171875,2845.199951171875,5
2026-09-28 04:30:00-04:00,2846.0,2846.0,2846.60009765625,2845.5,2845.5,19
2026-09-28 04:31:00-04:00,2845.199951171875,2845.199951171875,2846.300048828125,2845.199951171875,2846.300048828125,18
2026-09-28 04:32:00-04:00,2844.800048828125,2844.800048828125,2845.199951171875,2844.39990234375,2845.199951171875,25
2026-09-28 04:33:00-04:00,2844.60009765625,2844.60009765625,2844.699951171875,2844.60009765625,2844.699951171875,4
2026-09-28 04:34:00-04:00,2843.89990234375,2843.89990234375,2844.10009765625,2843.89990234375,2844.0,3
2026-09-28 04:35:00-04:00,2843.800048828125,2843.800048828125,2844.0,2843.800048828125,2843.89990234375,5
2026-09-28 04:36:00-04:00,2843.300048828125,2843.300048828125,2843.60009765625,2843.300048828125,2843.5,17
2026-09-28 04:37:00-04:00,2842.199951171875,2842.199951171875,2843.0,2842.199951171875,2843.0,22
2026-09-28 04:38:00-04:00,2841.300048828125,2841.300048828125,2842.0,2841.300048828125,2842.0,23
2026-09-28 04:39:00-04:00,2840.300048828125,2840.300048828125,2841.10009765625,2840.300048828125,2840.89990234375,36
2026-09-28 04:40:00-04:00,2842.199951171875,2842.199951171875,2842.5,2841.199951171875,2841.199951171875,34
2026-09-28 04:41:00-04:00,2842.699951171875,2842.699951171875,2842.699951171875,2842.39990234375,2842.60009765625,15
2026-09-28 04:42:00-04:00,2842.300048828125,2842.300048828125,2842.5,2842.300048828125,2842.5,15
2026-09-28 04:43:00-04:00,2841.5,2841.5,2841.699951171875,2841.5,2841.699951171875,5
2026-09-28 04:44:00-04:00,2841.39990234375,2841.39990234375,2841.800048828125,2841.39990234375,2841.39990234375,9
2026-09-28 04:45:00-04:00,2841.89990234375,2841.89990234375,2842.300048828125,2841.699951171875,2841.800048828125,14
2026-09-28 04:46:00-04:00,2842.5,2842.5,2842.60009765625,2841.300048828125,2841.699951171875,21
2026-09-28 04:47:00-04:00,2842.800048828125,2842.800048828125,2842.89990234375,2842.60009765625,2842.800048828125,10
2026-09-28 04:48:00-04:00,2842.89990234375,2842.89990234375,2842.89990234375,2842.60009765625,2842.89990234375,4
2026-09-28 04:49:00-04:00,2843.199951171875,2843.199951171875,2843.199951171875,2843.199951171875,2843.199951171875,1
2026-09-28 04:50:00-04:00,2844.10009765625,2844.10009765625,2844.10009765625,2843.39990234375,2843.39990234375,42
2026-09-28 04:51:00-04:00,2843.5,2843.5,2843.89990234375,2843.300048828125,2843.89990234375,20
2026-09-28 04:52:00-04:00,2843.800048828125,2843.800048828125,2843.800048828125,2842.300048828125,2843.39990234375,14
2026-09-28 04:53:00-04:00,2843.699951171875,2843.699951171875,2843.699951171875,2843.5,2843.5,2
2026-09-28 04:54:00-04:00,2842.89990234375,2842.89990234375,2843.800048828125,2842.89990234375,2843.5,11
2026-09-28 04:55:00-04:00,2842.5,2842.5,2843.300048828125,2842.5,2842.89990234375,12
2026-09-28 04:56:00-04:00,2842.89990234375,2842.89990234375,2842.89990234375,2842.199951171875,2842.39990234375,15
2026-09-28 04:57:00-04:00,2843.10009765625,2843.10009765625,2843.199951171875,2843.0,2843.0,8
2026-09-28 04:58:00-04:00,2842.60009765625,2842.60009765625,2842.800048828125,2842.60009765625,2842.800048828125,4
2026-09-28 04:59:00-04:00,2842.5,2842.5,2843.0,2842.5,2842.89990234375,13
2026-09-28 05:00:00-04:00,2843.89990234375,2843.89990234375,2844.89990234375,2842.10009765625,2842.10009765625,347
2026-09-28 05:01:00-04:00,2842.60009765625,2842.60009765625,2843.800048828125,2842.60009765625,2843.800048828125,50
2026-09-28 05:02:00-04:00,2840.60009765625,2840.60009765625,2842.0,2840.60009765625,2842.0,70
2026-09-28 05:03:00-04:00,2840.199951171875,2840.199951171875,2840.60009765625,2840.199951171875,2840.39990234375,16
2026-09-28 05:04:00-04:00,2840.0,2840.0,2840.199951171875,2839.800048828125,2840.199951171875,128
2026-09-28 05:05:00-04:00,2840.39990234375,2840.39990234375,2840.800048828125,2839.89990234375,2840.10009765625,34
2026-09-28 05:06:00-04:00,2839.5,2839.5,2840.300048828125,2839.39990234375,2840.300048828125,55
2026-09-28 05:07:00-04:00,2840.5,2840.5,2841.199951171875,2839.89990234375,2839.89990234375,20
2026-09-28 05:08:00-04:00,2839.699951171875,2839.699951171875,2840.60009765625,2839.699951171875,2840.60009765625,26
2026-09-28 05:09:00-04:00,2839.300048828125,2839.300048828125,2839.800048828125,2839.300048828125,2839.699951171875,20
2026-09-28 05:10:00-04:00,2839.39990234375,2839.39990234375,2839.800048828125,2838.800048828125,2839.300048828125,39
2026-09-28 05:11:00-04:00,2839.10009765625,2839.10009765625,2840.300048828125,2838.89990234375,2839.39990234375,46
2026-09-28 05:12:00-04:00,2839.199951171875,2839.199951171875,2839.39990234375,2839.0,2839.10009765625,54
2026-09-28 05:13:00-04:00,2838.60009765625,2838.60009765625,2839.300048828125,2838.60009765625,2839.199951171875,30
2026-09-28 05:14:00-04:00,2839.39990234375,2839.39990234375,2839.60009765625,2838.89990234375,2839.0,15
2026-09-28 05:15:00-04:00,2839.199951171875,2839.199951171875,2839.800048828125,2839.0,2839.300048828125,42
2026-09-28 05:16:00-04:00,2839.300048828125,2839.300048828125,2839.5,2838.89990234375,2839.199951171875,35
2026-09-28 05:17:00-04:00,2839.199951171875,2839.199951171875,2839.300048828125,2839.10009765625,2839.199951171875,8
2026-09-28 05:18:00-04:00,2840.10009765625,2840.10009765625,2840.10009765625,2839.39990234375,2839.5,20
2026-09-28 05:19:00-04:00,2841.5,2841.5,2841.699951171875,2840.10009765625,2840.10009765625,81
2026-09-28 05:20:00-04:00,2842.5,2842.5,2842.699951171875,2841.60009765625,2841.60009765625,40
2026-09-28 05:21:00-04:00,2842.300048828125,2842.300048828125,2842.699951171875,2842.10009765625,2842.300048828125,29
2026-09-28 05:22:00-04:00,2842.199951171875,2842.199951171875,2842.300048828125,2841.60009765625,2842.300048828125,12
2026-09-28 05:23:00-04:00,2842.300048828125,2842.300048828125,2842.300048828125,2842.10009765625,2842.199951171875,4
2026-09-28 05:24:00-04:00,2841.800048828125,2841.800048828125,2842.300048828125,2841.800048828125,2841.800048828125,11
2026-09-28 05:25:00-04:00,2841.699951171875,2841.699951171875,2842.0,2841.300048828125,2842.0,26
2026-09-28 05:26:00-04:00,2841.800048828125,2841.800048828125,2842.0,2841.5,2841.89990234375,14
2026-09-28 05:27:00-04:00,2840.800048828125,2840.800048828125,2841.89990234375,2840.800048828125,2841.5,21
2026-09-28 05:28:00-04:00,2841.0,2841.0,2841.39990234375,2840.800048828125,2840.800048828125,22
2026-09-28 05:29:00-04:00,2841.39990234375,2841.39990234375,2841.39990234375,2840.60009765625,2840.60009765625,26
2026-09-28 05:30:00-04:00,2841.0,2841.0,2841.699951171875,2841.0,2841.39990234375,19
2026-09-28 05:31:00-04:00,2840.60009765625,2840.60009765625,2841.199951171875,2840.60009765625,2840.800048828125,16
2026-09-28 05:32:00-04:00,2840.800048828125,2840.800048828125,2840.800048828125,2840.5,2840.800048828125,10
2026-09-28 05:33:00-04:00,2840.699951171875,2840.699951171875,2841.10009765625,2840.699951171875,2841.10009765625,6
2026-09-28 05:34:00-04:00,2839.60009765625,2839.60009765625,2840.800048828125,2839.60009765625,2840.699951171875,17
2026-09-28 05:35:00-04:00,2840.199951171875,2840.199951171875,2840.199951171875,2839.800048828125,2839.800048828125,9
2026-09-28 05:36:00-04:00,2841.5,2841.5,2841.699951171875,2840.39990234375,2840.5,12
2026-09-28 05:37:00-04:00,2840.5,2840.5,2841.60009765625,2840.300048828125,2841.60009765625,32
2026-09-28 05:38:00-04:00,2839.800048828125,2839.800048828125,2840.5,2839.39990234375,2840.5,28
2026-09-28 05:39:00-04:00,2840.0,2840.0,2840.0,2839.89990234375,2840.0,6
2026-09-28 05:40:00-04:00,2841.60009765625,2841.60009765625,2841.800048828125,2840.10009765625,2840.10009765625,19
2026-09-28 05:41:00-04:00,2841.39990234375,2841.39990234375,2841.5,2841.10009765625,2841.10009765625,18
2026-09-28 05:42:00-04:00,2841.39990234375,2841.39990234375,2841.39990234375,2841.199951171875,2841.199951171875,2
2026-09-28 05:43:00-04:00,2842.0,2842.0,2842.0,2841.60009765625,2841.60009765625,3
2026-09-28 05:44:00-04:00,2842.199951171875,2842.199951171875,2842.199951171875,2841.800048828125,2841.800048828125,4
2026-09-28 05:45:00-04:00,2842.89990234375,2842.89990234375,2843.0,2842.199951171875,2842.300048828125,12
2026-09-28 05:46:00-04:00,2842.5,2842.5,2842.699951171875,2842.199951171875,2842.699951171875,11
2026-09-28 05:47:00-04:00,2842.800048828125,2842.800048828125,2842.89990234375,2842.5,2842.5,4
2026-09-28 05:48:00-04:00,2842.199951171875,2842.199951171875,2842.699951171875,2842.0,2842.300048828125,22
2026-09-28 05:49:00-04:00,2842.60009765625,2842.60009765625,2842.699951171875,2842.199951171875,2842.39990234375,17
2026-09-28 05:50:00-04:00,2843.0,2843.0,2843.60009765625,2843.0,2843.0,20
2026-09-28 05:51:00-04:00,2843.300048828125,2843.300048828125,2843.300048828125,2842.800048828125,2842.800048828125,12
2026-09-28 05:52:00-04:00,2843.10009765625,2843.10009765625,2843.60009765625,2843.10009765625,2843.60009765625,19
2026-09-28 05:53:00-04:00,2842.300048828125,2842.300048828125,2843.39990234375,2842.199951171875,2843.39990234375,9
2026-09-28 05:54:00-04:00,2842.0,2842.0,2842.5,2842.0,2842.39990234375,5
2026-09-28 05:55:00-04:00,2842.0,2842.0,2842.300048828125,2842.0,2842.10009765625,6
2026-09-28 05:56:00-04:00,2841.60009765625,2841.60009765625,2842.199951171875,2841.60009765625,2842.199951171875,3
2026-09-28 05:57:00-04:00,2841.60009765625,2841.60009765625,2841.60009765625,2841.0,2841.199951171875,11
2026-09-28 05:58:00-04:00,2840.800048828125,2840.800048828125,2841.5,2840.800048828125,2841.5,13
2026-09-28 05:59:00-04:00,2841.10009765625,2841.10009765625,2841.39990234375,2840.89990234375,2840.89990234375,21
2026-09-28 06:00:00-04:00,2841.89990234375,2841.89990234375,2842.10009765625,2840.89990234375,2840.89990234375,35
2026-09-28 06:01:00-04:00,2841.800048828125,2841.800048828125,2842.60009765625,2841.199951171875,2842.10009765625,26
2026-09-28 06:02:00-04:00,2841.0,2841.0,2841.5,2841.0,2841.5,4
2026-09-28 06:03:00-04:00,2841.60009765625,2841.60009765625,2841.89990234375,2841.60009765625,2841.699951171875,8
2026-09-28 06:04:00-04:00,2841.60009765625,2841.60009765625,2841.699951171875,2841.60009765625,2841.60009765625,7
2026-09-28 06:05:00-04:00,2841.60009765625,2841.60009765625,2841.800048828125,2841.60009765625,2841.699951171875,9
2026-09-28 06:06:00-04:00,2840.5,2840.5,2841.39990234375,2840.199951171875,2841.39990234375,18
2026-09-28 06:07:00-04:00,2839.89990234375,2839.89990234375,2840.699951171875,2839.699951171875,2840.699951171875,39
2026-09-28 06:08:00-04:00,2839.199951171875,2839.199951171875,2839.89990234375,2839.199951171875,2839.699951171875,28
2026-09-28 06:09:00-04:00,2839.39990234375,2839.39990234375,2839.39990234375,2839.0,2839.0,9
2026-09-28 06:10:00-04:00,2839.10009765625,2839.10009765625,2839.39990234375,2839.10009765625,2839.199951171875,5
2026-09-28 06:11:00-04:00,2838.5,2838.5,2838.699951171875,2837.800048828125,2838.699951171875,112
2026-09-28 06:12:00-04:00,2839.699951171875,2839.699951171875,2841.300048828125,2838.199951171875,2838.39990234375,221
2026-09-28 06:13:00-04:00,2839.39990234375,2839.39990234375,2839.60009765625,2838.60009765625,2839.39990234375,21
2026-09-28 06:14:00-04:00,2839.800048828125,2839.800048828125,2839.800048828125,2839.0,2839.199951171875,27
2026-09-28 06:15:00-04:00,2841.0,2841.0,2841.10009765625,2840.0,2840.0,37
2026-09-28 06:16:00-04:00,2840.39990234375,2840.39990234375,2841.0,2840.39990234375,2840.89990234375,43
2026-09-28 06:17:00-04:00,2840.10009765625,2840.10009765625,2840.60009765625,2840.10009765625,2840.39990234375,13
2026-09-28 06:18:00-04:00,2840.300048828125,2840.300048828125,2840.60009765625,2839.800048828125,2839.89990234375,7
2026-09-28 06:19:00-04:00,2839.699951171875,2839.699951171875,2840.699951171875,2839.60009765625,2840.699951171875,12
2026-09-28 06:21:00-04:00,2840.800048828125,2840.800048828125,2840.800048828125,2840.0,2840.0,19
2026-09-28 06:22:00-04:00,2840.800048828125,2840.800048828125,2840.800048828125,2840.60009765625,2840.60009765625,3
2026-09-28 06:23:00-04:00,2840.300048828125,2840.300048828125,2840.60009765625,2840.199951171875,2840.60009765625,12
2026-09-28 06:24:00-04:00,2839.300048828125,2839.300048828125,2840.10009765625,2839.300048828125,2840.10009765625,5
2026-09-28 06:25:00-04:00,2840.10009765625,2840.10009765625,2840.10009765625,2839.699951171875,2839.699951171875,3
2026-09-28 06:26:00-04:00,2840.89990234375,2840.89990234375,2840.89990234375,2840.300048828125,2840.300048828125,10
2026-09-28 06:27:00-04:00,2839.5,2839.5,2840.0,2839.5,2840.0,13
2026-09-28 06:28:00-04:00,2839.60009765625,2839.60009765625,2839.89990234375,2839.60009765625,2839.60009765625,9
2026-09-28 06:29:00-04:00,2840.10009765625,2840.10009765625,2840.10009765625,2839.800048828125,2840.10009765625,7
2026-09-28 06:30:00-04:00,2839.39990234375,2839.39990234375,2840.800048828125,2839.39990234375,2840.60009765625,12
2026-09-28 06:31:00-04:00,2840.39990234375,2840.39990234375,2840.39990234375,2839.39990234375,2839.39990234375,9
2026-09-28 06:32:00-04:00,2840.300048828125,2840.300048828125,2840.300048828125,2840.300048828125,2840.300048828125,2
2026-09-28 06:33:00-04:00,2840.39990234375,2840.39990234375,2840.60009765625,2840.10009765625,2840.300048828125,12
2026-09-28 06:34:00-04:00,2840.39990234375,2840.39990234375,2840.800048828125,2840.39990234375,2840.800048828125,2
2026-09-28 06:35:00-04:00,2841.0,2841.0,2841.5,2841.0,2841.300048828125,12
2026-09-28 06:36:00-04:00,2840.10009765625,2840.10009765625,2841.0,2840.0,2841.0,12
2026-09-28 06:37:00-04:00,2839.89990234375,2839.89990234375,2840.60009765625,2839.800048828125,2840.199951171875,15
2026-09-28 06:38:00-04:00,2839.800048828125,2839.800048828125,2840.0,2839.60009765625,2839.60009765625,13
2026-09-28 06:39:00-04:00,2839.800048828125,2839.800048828125,2840.199951171875,2839.800048828125,2839.89990234375,7
2026-09-28 06:40:00-04:00,2840.300048828125,2840.300048828125,2840.300048828125,2840.199951171875,2840.300048828125,3
2026-09-28 06:41:00-04:00,2840.800048828125,2840.800048828125,2841.10009765625,2839.800048828125,2840.300048828125,40
2026-09-28 06:42:00-04:00,2840.5,2840.5,2840.89990234375,2840.199951171875,2840.89990234375,7
2026-09-28 06:43:00-04:00,2840.39990234375,2840.39990234375,2840.5,2840.199951171875,2840.39990234375,13
2026-09-28 06:44:00-04:00,2840.300048828125,2840.300048828125,2840.699951171875,2840.300048828125,2840.699951171875,8
2026-09-28 06:45:00-04:00,2840.5,2840.5,2840.5,2840.300048828125,2840.300048828125,10
2026-09-28 06:46:00-04:00,2840.60009765625,2840.60009765625,2841.10009765625,2840.300048828125,2840.60009765625,20
2026-09-28 06:47:00-04:00,2840.699951171875,2840.699951171875,2840.800048828125,2840.699951171875,2840.800048828125,3
2026-09-28 06:48:00-04:00,2841.199951171875,2841.199951171875,2841.199951171875,2840.60009765625,2840.89990234375,10
2026-09-28 06:49:00-04:00,2841.89990234375,2841.89990234375,2841.89990234375,2841.10009765625,2841.10009765625,16
2026-09-28 06:50:00-04:00,2841.800048828125,2841.800048828125,2841.800048828125,2841.60009765625,2841.800048828125,18
2026-09-28 06:51:00-04:00,2842.89990234375,2842.89990234375,2842.89990234375,2842.10009765625,2842.300048828125,21
2026-09-28 06:52:00-04:00,2844.699951171875,2844.699951171875,2845.60009765625,2843.0,2843.0,371
2026-09-28 06:53:00-04:00,2843.800048828125,2843.800048828125,2844.699951171875,2843.699951171875,2844.5,48
2026-09-28 06:54:00-04:00,2843.5,2843.5,2843.89990234375,2843.39990234375,2843.800048828125,29
2026-09-28 06:55:00-04:00,2843.0,2843.0,2843.39990234375,2842.5,2843.39990234375,36
2026-09-28 06:56:00-04:00,2842.300048828125,2842.300048828125,2843.10009765625,2842.300048828125,2842.699951171875,22
2026-09-28 06:57:00-04:00,2841.699951171875,2841.699951171875,2842.699951171875,2841.699951171875,2842.39990234375,21
2026-09-28 06:58:00-04:00,2841.800048828125,2841.800048828125,2841.800048828125,2841.39990234375,2841.5,23
2026-09-28 06:59:00-04:00,2840.60009765625,2840.60009765625,2841.800048828125,2840.0,2841.800048828125,118
2026-09-28 07:00:00-04:00,2842.800048828125,2842.800048828125,2845.0,2840.199951171875,2840.699951171875,759
2026-09-28 07:01:00-04:00,2841.0,2841.0,2843.0,2840.800048828125,2843.0,111
2026-09-28 07:02:00-04:00,2840.800048828125,2840.800048828125,2841.60009765625,2840.60009765625,2841.39990234375,47
2026-09-28 07:03:00-04:00,2840.10009765625,2840.10009765625,2841.0,2839.800048828125,2840.800048828125,35
2026-09-28 07:04:00-04:00,2839.10009765625,2839.10009765625,2839.60009765625,2838.89990234375,2839.60009765625,45
2026-09-28 07:05:00-04:00,2839.5,2839.5,2839.800048828125,2838.89990234375,2839.39990234375,93
2026-09-28 07:06:00-04:00,2840.10009765625,2840.10009765625,2840.199951171875,2839.39990234375,2839.39990234375,36
2026-09-28 07:07:00-04:00,2839.699951171875,2839.699951171875,2839.89990234375,2839.39990234375,2839.699951171875,23
2026-09-28 07:08:00-04:00,2839.800048828125,2839.800048828125,2840.199951171875,2839.199951171875,2840.199951171875,31
2026-09-28 07:09:00-04:00,2839.800048828125,2839.800048828125,2839.89990234375,2839.39990234375,2839.89990234375,22
2026-09-28 07:10:00-04:00,2839.89990234375,2839.89990234375,2840.300048828125,2839.89990234375,2840.300048828125,16
2026-09-28 07:11:00-04:00,2839.800048828125,2839.800048828125,2840.199951171875,2839.60009765625,2839.60009765625,12
2026-09-28 07:12:00-04:00,2839.800048828125,2839.800048828125,2840.0,2839.39990234375,2839.800048828125,25
2026-09-28 07:13:00-04:00,2840.10009765625,2840.10009765625,2840.300048828125,2839.699951171875,2839.89990234375,64
2026-09-28 07:14:00-04:00,2840.5,2840.5,2841.0,2840.0,2840.0,35
2026-09-28 07:15:00-04:00,2840.300048828125,2840.300048828125,2840.5,2840.10009765625,2840.10009765625,6
2026-09-28 07:16:00-04:00,2843.89990234375,2843.89990234375,2845.10009765625,2839.89990234375,2840.5,616
2026-09-28 07:17:00-04:00,2843.60009765625,2843.60009765625,2844.39990234375,2842.60009765625,2843.5,132
2026-09-28 07:18:00-04:00,2841.199951171875,2841.199951171875,2843.60009765625,2841.199951171875,2843.5,89
2026-09-28 07:19:00-04:00,2839.60009765625,2839.60009765625,2841.300048828125,2839.5,2841.300048828125,57
2026-09-28 07:20:00-04:00,2839.89990234375,2839.89990234375,2839.89990234375,2839.300048828125,2839.699951171875,18
2026-09-28 07:21:00-04:00,2840.300048828125,2840.300048828125,2840.300048828125,2839.89990234375,2839.89990234375,10
2026-09-28 07:22:00-04:00,2842.60009765625,2842.60009765625,2842.60009765625,2840.39990234375,2840.60009765625,42
2026-09-28 07:23:00-04:00,2842.60009765625,2842.60009765625,2842.699951171875,2842.199951171875,2842.60009765625,28
2026-09-28 07:24:00-04:00,2844.0,2844.0,2844.0,2843.0,2843.199951171875,68
2026-09-28 07:25:00-04:00,2843.60009765625,2843.60009765625,2843.800048828125,2843.10009765625,2843.800048828125,18
2026-09-28 07:26:00-04:00,2843.300048828125,2843.300048828125,2843.60009765625,2843.0,2843.60009765625,10
2026-09-28 07:27:00-04:00,2843.199951171875,2843.199951171875,2843.39990234375,2843.10009765625,2843.199951171875,10
2026-09-28 07:28:00-04:00,2843.699951171875,2843.699951171875,2843.699951171875,2843.699951171875,2843.699951171875,1
2026-09-28 07:29:00-04:00,2843.199951171875,2843.199951171875,2843.199951171875,2843.0,2843.199951171875,10
2026-09-28 07:30:00-04:00,2842.39990234375,2842.39990234375,2843.300048828125,2842.0,2843.199951171875,13
2026-09-28 07:31:00-04:00,2842.10009765625,2842.10009765625,2842.60009765625,2842.10009765625,2842.60009765625,10
2026-09-28 07:32:00-04:00,2841.800048828125,2841.800048828125,2842.5,2841.800048828125,2842.10009765625,25
2026-09-28 07:33:00-04:00,2842.0,2842.0,2842.0,2841.300048828125,2841.699951171875,41
2026-09-28 07:34:00-04:00,2841.699951171875,2841.699951171875,2841.89990234375,2841.199951171875,2841.89990234375,53
2026-09-28 07:35:00-04:00,2840.89990234375,2840.89990234375,2841.60009765625,2840.800048828125,2841.60009765625,29
2026-09-28 07:36:00-04:00,2841.10009765625,2841.10009765625,2841.5,2840.89990234375,2840.89990234375,24
2026-09-28 07:37:00-04:00,2841.89990234375,2841.89990234375,2842.199951171875,2841.39990234375,2841.39990234375,11
2026-09-28 07:38:00-04:00,2841.39990234375,2841.39990234375,2842.0,2841.39990234375,2841.89990234375,30
2026-09-28 07:39:00-04:00,2841.5,2841.5,2841.800048828125,2841.300048828125,2841.5,31
2026-09-28 07:40:00-04:00,2841.199951171875,2841.199951171875,2841.60009765625,2841.199951171875,2841.300048828125,14
2026-09-28 07:41:00-04:00,2841.60009765625,2841.60009765625,2842.39990234375,2841.39990234375,2841.39990234375,31
2026-09-28 07:42:00-04:00,2841.800048828125,2841.800048828125,2841.800048828125,2841.300048828125,2841.5,10
2026-09-28 07:43:00-04:00,2842.0,2842.0,2842.199951171875,2841.89990234375,2841.89990234375,96
2026-09-28 07:44:00-04:00,2842.0,2842.0,2842.0,2841.5,2841.89990234375,19
2026-09-28 07:45:00-04:00,2842.800048828125,2842.800048828125,2842.800048828125,2842.10009765625,2842.10009765625,44
2026-09-28 07:46:00-04:00,2842.60009765625,2842.60009765625,2842.89990234375,2842.300048828125,2842.89990234375,26
2026-09-28 07:47:00-04:00,2841.60009765625,2841.60009765625,2842.39990234375,2841.60009765625,2842.39990234375,25
2026-09-28 07:48:00-04:00,2841.5,2841.5,2841.800048828125,2841.300048828125,2841.39990234375,23
2026-09-28 07:49:00-04:00,2841.10009765625,2841.10009765625,2841.5,2841.0,2841.39990234375,12
2026-09-28 07:50:00-04:00,2841.0,2841.0,2841.300048828125,2840.699951171875,2841.300048828125,23
2026-09-28 07:51:00-04:00,2841.300048828125,2841.300048828125,2841.39990234375,2840.89990234375,2841.10009765625,14
2026-09-28 07:52:00-04:00,2841.10009765625,2841.10009765625,2841.699951171875,2841.0,2841.300048828125,54
2026-09-28 07:53:00-04:00,2840.89990234375,2840.89990234375,2841.39990234375,2840.60009765625,2841.10009765625,63
2026-09-28 07:54:00-04:00,2840.699951171875,2840.699951171875,2840.800048828125,2840.39990234375,2840.699951171875,28
2026-09-28 07:55:00-04:00,2841.199951171875,2841.199951171875,2841.199951171875,2840.60009765625,2840.60009765625,21
2026-09-28 07:56:00-04:00,2841.199951171875,2841.199951171875,2841.800048828125,2841.10009765625,2841.199951171875,35
2026-09-28 07:57:00-04:00,2842.300048828125,2842.300048828125,2842.300048828125,2841.10009765625,2841.5,54
2026-09-28 07:58:00-04:00,2841.60009765625,2841.60009765625,2842.5,2841.5,2842.300048828125,25
2026-09-28 07:59:00-04:00,2842.0,2842.0,2842.10009765625,2841.199951171875,2841.199951171875,35
2026-09-28 08:00:00-04:00,2839.5,2839.5,2842.10009765625,2839.39990234375,2842.10009765625,116
2026-09-28 08:01:00-04:00,2838.0,2838.0,2839.5,2838.0,2839.5,110
2026-09-28 08:02:00-04:00,2838.699951171875,2838.699951171875,2839.10009765625,2838.199951171875,2838.60009765625,88
2026-09-28 08:03:00-04:00,2839.39990234375,2839.39990234375,2839.39990234375,2838.5,2838.60009765625,98
2026-09-28 08:04:00-04:00,2846.199951171875,2846.199951171875,2846.800048828125,2839.0,2839.300048828125,1472
2026-09-28 08:05:00-04:00,2846.699951171875,2846.699951171875,2847.300048828125,2845.800048828125,2845.89990234375,141
2026-09-28 08:06:00-04:00,2847.300048828125,2847.300048828125,2847.89990234375,2846.39990234375,2846.699951171875,187
2026-09-28 08:07:00-04:00,2846.699951171875,2846.699951171875,2847.800048828125,2846.5,2847.10009765625,112
2026-09-28 08:08:00-04:00,2845.199951171875,2845.199951171875,2846.5,2844.10009765625,2846.39990234375,101
2026-09-28 08:09:00-04:00,2845.300048828125,2845.300048828125,2845.39990234375,2844.699951171875,2845.39990234375,63
2026-09-28 08:10:00-04:00,2845.0,2845.0,2845.89990234375,2844.800048828125,2845.39990234375,58
2026-09-28 08:11:00-04:00,2845.89990234375,2845.89990234375,2846.699951171875,2844.89990234375,2844.89990234375,76
2026-09-28 08:12:00-04:00,2844.5,2844.5,2846.300048828125,2844.5,2846.199951171875,299
2026-09-28 08:13:00-04:00,2844.300048828125,2844.300048828125,2844.89990234375,2844.10009765625,2844.10009765625,44
2026-09-28 08:14:00-04:00,2844.5,2844.5,2844.60009765625,2844.10009765625,2844.199951171875,148
2026-09-28 08:15:00-04:00,2845.199951171875,2845.199951171875,2845.39990234375,2844.5,2844.60009765625,44
2026-09-28 08:16:00-04:00,2845.800048828125,2845.800048828125,2845.800048828125,2845.0,2845.0,17
2026-09-28 08:17:00-04:00,2844.5,2844.5,2845.89990234375,2844.5,2845.89990234375,79
2026-09-28 08:18:00-04:00,2845.199951171875,2845.199951171875,2845.300048828125,2844.60009765625,2844.60009765625,29
2026-09-28 08:19:00-04:00,2846.39990234375,2846.39990234375,2846.5,2845.0,2845.10009765625,30
2026-09-28 08:20:00-04:00,2846.800048828125,2846.800048828125,2847.0,2846.300048828125,2846.300048828125,91
2026-09-28 08:21:00-04:00,2846.300048828125,2846.300048828125,2847.300048828125,2846.199951171875,2847.10009765625,45
2026-09-28 08:22:00-04:00,2844.199951171875,2844.199951171875,2845.699951171875,2844.10009765625,2845.699951171875,43
2026-09-28 08:23:00-04:00,2845.10009765625,2845.10009765625,2845.10009765625,2843.39990234375,2843.89990234375,145
2026-09-28 08:24:00-04:00,2845.300048828125,2845.300048828125,2845.60009765625,2844.89990234375,2844.89990234375,27
2026-09-28 08:25:00-04:00,2845.60009765625,2845.60009765625,2845.699951171875,2844.60009765625,2845.300048828125,75
2026-09-28 08:26:00-04:00,2846.89990234375,2846.89990234375,2849.199951171875,2845.39990234375,2845.39990234375,432
2026-09-28 08:27:00-04:00,2846.300048828125,2846.300048828125,2847.199951171875,2845.5,2847.199951171875,80
2026-09-28 08:28:00-04:00,2845.5,2845.5,2846.300048828125,2845.300048828125,2846.300048828125,31
2026-09-28 08:29:00-04:00,2844.89990234375,2844.89990234375,2845.300048828125,2844.800048828125,2845.199951171875,21
2026-09-28 08:30:00-04:00,2844.89990234375,2844.89990234375,2845.5,2844.5,2845.0,43
2026-09-28 08:31:00-04:00,2844.800048828125,2844.800048828125,2845.0,2844.10009765625,2844.800048828125,51
2026-09-28 08:32:00-04:00,2845.10009765625,2845.10009765625,2845.199951171875,2844.300048828125,2844.800048828125,31
2026-09-28 08:33:00-04:00,2845.10009765625,2845.10009765625,2845.699951171875,2845.10009765625,2845.300048828125,32
2026-09-28 08:34:00-04:00,2846.300048828125,2846.300048828125,2846.300048828125,2844.699951171875,2845.10009765625,53
2026-09-28 08:35:00-04:00,2845.89990234375,2845.89990234375,2846.39990234375,2845.10009765625,2846.0,123
2026-09-28 08:36:00-04:00,2845.60009765625,2845.60009765625,2846.199951171875,2845.5,2845.699951171875,63
2026-09-28 08:37:00-04:00,2846.5,2846.5,2846.699951171875,2845.300048828125,2845.5,171
2026-09-28 08:38:00-04:00,2845.5,2845.5,2846.89990234375,2844.89990234375,2846.60009765625,102
2026-09-28 08:39:00-04:00,2844.800048828125,2844.800048828125,2845.39990234375,2844.60009765625,2845.39990234375,50
2026-09-28 08:40:00-04:00,2843.300048828125,2843.300048828125,2844.800048828125,2843.10009765625,2844.800048828125,98
2026-09-28 08:41:00-04:00,2844.60009765625,2844.60009765625,2844.60009765625,2843.699951171875,2843.699951171875,38
2026-09-28 08:42:00-04:00,2844.5,2844.5,2844.60009765625,2843.89990234375,2844.5,66
2026-09-28 08:43:00-04:00,2844.199951171875,2844.199951171875,2844.39990234375,2844.0,2844.300048828125,31
2026-09-28 08:44:00-04:00,2845.300048828125,2845.300048828125,2845.300048828125,2844.10009765625,2844.199951171875,43
2026-09-28 08:45:00-04:00,2845.699951171875,2845.699951171875,2846.10009765625,2845.300048828125,2845.300048828125,78
2026-09-28 08:46:00-04:00,2845.300048828125,2845.300048828125,2846.300048828125,2845.300048828125,2846.0,53
2026-09-28 08:47:00-04:00,2844.699951171875,2844.699951171875,2845.39990234375,2844.5,2845.39990234375,46
2026-09-28 08:48:00-04:00,2845.5,2845.5,2845.5,2844.199951171875,2844.300048828125,45
2026-09-28 08:49:00-04:00,2844.300048828125,2844.300048828125,2845.5,2844.199951171875,2845.5,22
2026-09-28 08:50:00-04:00,2844.89990234375,2844.89990234375,2845.10009765625,2844.10009765625,2844.39990234375,55
2026-09-28 08:51:00-04:00,2843.800048828125,2843.800048828125,2844.89990234375,2843.800048828125,2844.800048828125,22
2026-09-28 08:52:00-04:00,2844.89990234375,2844.89990234375,2845.60009765625,2843.89990234375,2843.89990234375,33
2026-09-28 08:53:00-04:00,2845.699951171875,2845.699951171875,2845.699951171875,2844.60009765625,2844.89990234375,19
2026-09-28 08:54:00-04:00,2845.800048828125,2845.800048828125,2845.89990234375,2845.5,2845.89990234375,22
2026-09-28 08:55:00-04:00,2845.60009765625,2845.60009765625,2846.10009765625,2844.89990234375,2846.10009765625,46
2026-09-28 08:56:00-04:00,2847.10009765625,2847.10009765625,2847.39990234375,2845.39990234375,2845.5,49
2026-09-28 08:57:00-04:00,2847.0,2847.0,2847.199951171875,2846.699951171875,2847.0,42
2026-09-28 08:58:00-04:00,2846.10009765625,2846.10009765625,2847.0,2845.699951171875,2847.0,54
2026-09-28 08:59:00-04:00,2846.60009765625,2846.60009765625,2846.699951171875,2846.10009765625,2846.199951171875,33
2026-09-28 09:00:00-04:00,2844.89990234375,2844.89990234375,2846.60009765625,2844.5,2846.5,84
2026-09-28 09:01:00-04:00,2843.60009765625,2843.60009765625,2844.89990234375,2843.5,2844.800048828125,79
2026-09-28 09:02:00-04:00,2842.89990234375,2842.89990234375,2843.800048828125,2842.5,2843.699951171875,86
2026-09-28 09:03:00-04:00,2841.800048828125,2841.800048828125,2843.0,2841.800048828125,2843.0,116
2026-09-28 09:04:00-04:00,2841.89990234375,2841.89990234375,2842.199951171875,2841.699951171875,2841.89990234375,46
2026-09-28 09:05:00-04:00,2841.300048828125,2841.300048828125,2841.800048828125,2841.10009765625,2841.800048828125,47
2026-09-28 09:06:00-04:00,2841.60009765625,2841.60009765625,2841.800048828125,2841.10009765625,2841.39990234375,72
2026-09-28 09:07:00-04:00,2842.89990234375,2842.89990234375,2842.89990234375,2841.5,2841.699951171875,169
2026-09-28 09:08:00-04:00,2842.89990234375,2842.89990234375,2843.10009765625,2842.300048828125,2842.89990234375,72
2026-09-28 09:09:00-04:00,2842.699951171875,2842.699951171875,2843.0,2842.39990234375,2843.0,47
2026-09-28 09:10:00-04:00,2843.10009765625,2843.10009765625,2843.39990234375,2842.800048828125,2842.800048828125,55
2026-09-28 09:11:00-04:00,2843.0,2843.0,2843.5,2842.800048828125,2843.0,50
2026-09-28 09:12:00-04:00,2843.5,2843.5,2843.60009765625,2843.10009765625,2843.199951171875,17
2026-09-28 09:13:00-04:00,2843.10009765625,2843.10009765625,2843.800048828125,2842.89990234375,2843.60009765625,35
2026-09-28 09:14:00-04:00,2842.699951171875,2842.699951171875,2843.10009765625,2842.300048828125,2843.10009765625,41
2026-09-28 09:15:00-04:00,2843.60009765625,2843.60009765625,2843.699951171875,2842.800048828125,2842.800048828125,31
2026-09-28 09:16:00-04:00,2843.60009765625,2843.60009765625,2844.0,2843.5,2843.60009765625,36
2026-09-28 09:17:00-04:00,2844.39990234375,2844.39990234375,2844.5,2843.60009765625,2843.699951171875,50
2026-09-28 09:18:00-04:00,2842.5,2842.5,2844.5,2842.199951171875,2844.5,282
2026-09-28 09:19:00-04:00,2842.800048828125,2842.800048828125,2842.89990234375,2842.10009765625,2842.60009765625,189
2026-09-28 09:20:00-04:00,2842.199951171875,2842.199951171875,2842.89990234375,2841.800048828125,2842.699951171875,59
2026-09-28 09:21:00-04:00,2842.89990234375,2842.89990234375,2842.89990234375,2841.89990234375,2842.199951171875,44
2026-09-28 09:22:00-04:00,2841.5,2841.5,2842.800048828125,2841.39990234375,2842.800048828125,109
2026-09-28 09:23:00-04:00,2841.89990234375,2841.89990234375,2842.300048828125,2841.300048828125,2841.699951171875,65
2026-09-28 09:24:00-04:00,2843.0,2843.0,2843.0,2841.699951171875,2841.89990234375,110
2026-09-28 09:25:00-04:00,2840.89990234375,2840.89990234375,2843.10009765625,2840.300048828125,2843.10009765625,791
2026-09-28 09:26:00-04:00,2842.0,2842.0,2842.10009765625,2840.699951171875,2840.800048828125,146
2026-09-28 09:27:00-04:00,2841.10009765625,2841.10009765625,2842.39990234375,2840.89990234375,2842.10009765625,184
2026-09-28 09:28:00-04:00,2841.10009765625,2841.10009765625,2842.10009765625,2840.60009765625,2840.89990234375,292
2026-09-28 09:29:00-04:00,2842.10009765625,2842.10009765625,2843.10009765625,2840.5,2841.199951171875,355
2026-09-28 09:30:00-04:00,2836.89990234375,2836.89990234375,2843.199951171875,2836.0,2842.300048828125,3621
2026-09-28 09:31:00-04:00,2837.699951171875,2837.699951171875,2838.39990234375,2836.0,2836.800048828125,1337
2026-09-28 09:32:00-04:00,2835.60009765625,2835.60009765625,2838.0,2835.300048828125,2837.5,1066
2026-09-28 09:33:00-04:00,2833.89990234375,2833.89990234375,2836.699951171875,2833.89990234375,2835.5,1029
2026-09-28 09:34:00-04:00,2836.5,2836.5,2837.89990234375,2833.800048828125,2834.0,751
2026-09-28 09:35:00-04:00,2834.199951171875,2834.199951171875,2837.10009765625,2833.699951171875,2836.199951171875,1000
2026-09-28 09:36:00-04:00,2836.199951171875,2836.199951171875,2836.60009765625,2833.10009765625,2834.300048828125,711
2026-09-28 09:37:00-04:00,2840.10009765625,2840.10009765625,2840.300048828125,2836.199951171875,2836.300048828125,979
2026-09-28 09:38:00-04:00,2838.89990234375,2838.89990234375,2840.5,2837.60009765625,2840.10009765625,727
2026-09-28 09:39:00-04:00,2839.699951171875,2839.699951171875,2839.89990234375,2837.800048828125,2839.0,431
2026-09-28 09:40:00-04:00,2838.39990234375,2838.39990234375,2840.300048828125,2837.39990234375,2839.60009765625,392
2026-09-28 09:41:00-04:00,2837.0,2837.0,2838.60009765625,2836.699951171875,2838.10009765625,316
2026-09-28 09:42:00-04:00,2839.300048828125,2839.300048828125,2839.800048828125,2836.89990234375,2837.0,346
2026-09-28 09:43:00-04:00,2839.800048828125,2839.800048828125,2840.5,2838.89990234375,2839.10009765625,445
2026-09-28 09:44:00-04:00,2840.300048828125,2840.300048828125,2840.300048828125,2837.699951171875,2839.699951171875,476
2026-09-28 09:45:00-04:00,2840.699951171875,2840.699951171875,2840.800048828125,2837.10009765625,2840.199951171875,594
2026-09-28 09:46:00-04:00,2838.0,2838.0,2841.300048828125,2837.199951171875,2840.699951171875,497
2026-09-28 09:47:00-04:00,2839.300048828125,2839.300048828125,2841.0,2836.699951171875,2837.800048828125,644
2026-09-28 09:48:00-04:00,2838.199951171875,2838.199951171875,2839.89990234375,2837.5,2839.199951171875,366
2026-09-28 09:49:00-04:00,2837.89990234375,2837.89990234375,2838.699951171875,2836.89990234375,2838.199951171875,669
2026-09-28 09:50:00-04:00,2836.10009765625,2836.10009765625,2838.0,2834.89990234375,2837.699951171875,1003
2026-09-28 09:51:00-04:00,2837.199951171875,2837.199951171875,2837.800048828125,2834.800048828125,2836.300048828125,582
2026-09-28 09:52:00-04:00,2837.60009765625,2837.60009765625,2838.5,2836.699951171875,2837.0,336
2026-09-28 09:53:00-04:00,2838.10009765625,2838.10009765625,2838.89990234375,2837.10009765625,2837.699951171875,289
2026-09-28 09:54:00-04:00,2837.89990234375,2837.89990234375,2839.800048828125,2836.10009765625,2838.0,466
2026-09-28 09:55:00-04:00,2837.5,2837.5,2840.0,2835.5,2837.89990234375,902
2026-09-28 09:56:00-04:00,2836.89990234375,2836.89990234375,2838.10009765625,2836.5,2837.5,394
2026-09-28 09:57:00-04:00,2836.89990234375,2836.89990234375,2837.300048828125,2836.39990234375,2836.800048828125,292
2026-09-28 09:58:00-04:00,2837.300048828125,2837.300048828125,2837.800048828125,2836.10009765625,2836.800048828125,369
2026-09-28 09:59:00-04:00,2840.800048828125,2840.800048828125,2841.10009765625,2837.39990234375,2837.5,482
2026-09-28 10:00:00-04:00,2838.5,2838.5,2840.89990234375,2837.39990234375,2840.699951171875,513
2026-09-28 10:01:00-04:00,2840.199951171875,2840.199951171875,2840.800048828125,2838.5,2838.60009765625,422
2026-09-28 10:02:00-04:00,2843.39990234375,2843.39990234375,2843.5,2840.199951171875,2840.39990234375,806
2026-09-28 10:03:00-04:00,2843.89990234375,2843.89990234375,2844.39990234375,2842.300048828125,2843.39990234375,782
2026-09-28 10:04:00-04:00,2839.39990234375,2839.39990234375,2843.89990234375,2839.199951171875,2843.60009765625,479
2026-09-28 10:05:00-04:00,2839.39990234375,2839.39990234375,2839.89990234375,2837.699951171875,2839.300048828125,509
2026-09-28 10:06:00-04:00,2842.800048828125,2842.800048828125,2842.800048828125,2839.60009765625,2839.60009765625,300
2026-09-28 10:07:00-04:00,2845.39990234375,2845.39990234375,2845.39990234375,2842.300048828125,2842.800048828125,594
2026-09-28 10:08:00-04:00,2844.89990234375,2844.89990234375,2845.60009765625,2843.5,2845.39990234375,353
2026-09-28 10:09:00-04:00,2845.60009765625,2845.60009765625,2845.89990234375,2844.89990234375,2844.89990234375,276
2026-09-28 10:10:00-04:00,2846.60009765625,2846.60009765625,2847.39990234375,2844.5,2845.60009765625,606
2026-09-28 10:11:00-04:00,2844.699951171875,2844.699951171875,2846.60009765625,2844.0,2846.39990234375,440
2026-09-28 10:12:00-04:00,2844.199951171875,2844.199951171875,2845.39990234375,2843.199951171875,2844.800048828125,666
2026-09-28 10:13:00-04:00,2842.300048828125,2842.300048828125,2844.5,2842.300048828125,2844.39990234375,323
2026-09-28 10:14:00-04:00,2842.89990234375,2842.89990234375,2843.199951171875,2840.5,2842.60009765625,339
2026-09-28 10:15:00-04:00,2842.89990234375,2842.89990234375,2843.5,2841.699951171875,2843.0,240
2026-09-28 10:16:00-04:00,2843.0,2843.0,2843.300048828125,2841.199951171875,2842.800048828125,199
2026-09-28 10:17:00-04:00,2844.300048828125,2844.300048828125,2844.39990234375,2842.699951171875,2843.199951171875,188
2026-09-28 10:18:00-04:00,2842.800048828125,2842.800048828125,2844.5,2842.699951171875,2844.300048828125,251
2026-09-28 10:19:00-04:00,2842.699951171875,2842.699951171875,2843.39990234375,2842.199951171875,2842.800048828125,150
2026-09-28 10:20:00-04:00,2843.699951171875,2843.699951171875,2843.89990234375,2842.0,2842.699951171875,190
2026-09-28 10:21:00-04:00,2842.699951171875,2842.699951171875,2843.800048828125,2842.10009765625,2843.60009765625,268
2026-09-28 10:22:00-04:00,2846.0,2846.0,2846.199951171875,2842.800048828125,2842.800048828125,262
2026-09-28 10:23:00-04:00,2843.699951171875,2843.699951171875,2846.10009765625,2843.5,2846.0,187
2026-09-28 10:24:00-04:00,2845.300048828125,2845.300048828125,2845.39990234375,2843.39990234375,2843.60009765625,128
2026-09-28 10:25:00-04:00,2845.60009765625,2845.60009765625,2846.199951171875,2845.199951171875,2845.5,240
2026-09-28 10:26:00-04:00,2845.89990234375,2845.89990234375,2846.0,2844.800048828125,2845.800048828125,102
2026-09-28 10:27:00-04:00,2845.0,2845.0,2846.699951171875,2844.699951171875,2845.89990234375,122
2026-09-28 10:28:00-04:00,2846.5,2846.5,2846.5,2844.5,2845.0,113
2026-09-28 10:29:00-04:00,2846.800048828125,2846.800048828125,2847.10009765625,2846.199951171875,2846.5,175
2026-09-28 10:30:00-04:00,2845.89990234375,2845.89990234375,2846.800048828125,2844.60009765625,2846.699951171875,224
2026-09-28 10:31:00-04:00,2844.60009765625,2844.60009765625,2846.10009765625,2843.89990234375,2846.0,138
2026-09-28 10:32:00-04:00,2843.699951171875,2843.699951171875,2844.60009765625,2843.39990234375,2844.39990234375,220
2026-09-28 10:33:00-04:00,2843.300048828125,2843.300048828125,2844.800048828125,2842.800048828125,2843.800048828125,205
2026-09-28 10:34:00-04:00,2842.5,2842.5,2843.800048828125,2842.39990234375,2843.300048828125,134
2026-09-28 10:35:00-04:00,2842.0,2842.0,2842.699951171875,2841.300048828125,2842.39990234375,187
2026-09-28 10:36:00-04:00,2842.60009765625,2842.60009765625,2843.199951171875,2841.60009765625,2842.10009765625,280
2026-09-28 10:37:00-04:00,2840.199951171875,2840.199951171875,2843.10009765625,2840.199951171875,2842.60009765625,219
2026-09-28 10:38:00-04:00,2838.699951171875,2838.699951171875,2840.300048828125,2838.0,2840.300048828125,392
2026-09-28 10:39:00-04:00,2837.800048828125,2837.800048828125,2839.199951171875,2837.5,2838.699951171875,393
2026-09-28 10:40:00-04:00,2837.89990234375,2837.89990234375,2838.60009765625,2837.39990234375,2837.800048828125,323
2026-09-28 10:41:00-04:00,2839.39990234375,2839.39990234375,2839.89990234375,2837.10009765625,2837.800048828125,312
2026-09-28 10:42:00-04:00,2837.60009765625,2837.60009765625,2839.5,2837.39990234375,2839.5,277
2026-09-28 10:43:00-04:00,2836.5,2836.5,2838.10009765625,2836.10009765625,2837.60009765625,652
2026-09-28 10:44:00-04:00,2835.89990234375,2835.89990234375,2836.60009765625,2835.10009765625,2836.60009765625,420
2026-09-28 10:45:00-04:00,2834.800048828125,2834.800048828125,2836.10009765625,2834.39990234375,2835.89990234375,384
2026-09-28 10:46:00-04:00,2834.5,2834.5,2835.699951171875,2833.800048828125,2834.89990234375,411
2026-09-28 10:47:00-04:00,2833.5,2833.5,2835.0,2832.5,2834.5,916
2026-09-28 10:48:00-04:00,2832.39990234375,2832.39990234375,2834.199951171875,2832.39990234375,2833.699951171875,442
2026-09-28 10:49:00-04:00,2833.300048828125,2833.300048828125,2834.300048828125,2831.89990234375,2832.5,494
2026-09-28 10:50:00-04:00,2835.800048828125,2835.800048828125,2836.39990234375,2832.5,2833.10009765625,814
2026-09-28 10:51:00-04:00,2832.800048828125,2832.800048828125,2836.300048828125,2832.699951171875,2835.800048828125,475
2026-09-28 10:52:00-04:00,2832.89990234375,2832.89990234375,2833.60009765625,2832.199951171875,2832.800048828125,446
2026-09-28 10:53:00-04:00,2831.699951171875,2831.699951171875,2833.10009765625,2831.60009765625,2833.0,286
2026-09-28 10:54:00-04:00,2831.10009765625,2831.10009765625,2832.10009765625,2831.10009765625,2831.699951171875,258
2026-09-28 10:55:00-04:00,2830.5,2830.5,2831.10009765625,2830.0,2831.10009765625,515
2026-09-28 10:56:00-04:00,2832.5,2832.5,2832.89990234375,2830.699951171875,2830.699951171875,262
2026-09-28 10:57:00-04:00,2832.699951171875,2832.699951171875,2833.699951171875,2831.39990234375,2832.39990234375,247
2026-09-28 10:58:00-04:00,2831.39990234375,2831.39990234375,2833.199951171875,2831.199951171875,2832.699951171875,533
2026-09-28 10:59:00-04:00,2831.300048828125,2831.300048828125,2831.60009765625,2830.699951171875,2831.300048828125,222
2026-09-28 11:00:00-04:00,2831.39990234375,2831.39990234375,2832.10009765625,2830.699951171875,2831.39990234375,225
2026-09-28 11:01:00-04:00,2830.60009765625,2830.60009765625,2832.0,2830.60009765625,2831.39990234375,407
2026-09-28 11:02:00-04:00,2830.10009765625,2830.10009765625,2831.60009765625,2829.60009765625,2830.60009765625,340
2026-09-28 11:03:00-04:00,2830.199951171875,2830.199951171875,2830.89990234375,2829.800048828125,2830.300048828125,411
2026-09-28 11:04:00-04:00,2830.10009765625,2830.10009765625,2830.800048828125,2829.699951171875,2830.10009765625,355
2026-09-28 11:05:00-04:00,2829.300048828125,2829.300048828125,2831.199951171875,2828.89990234375,2830.199951171875,504
2026-09-28 11:06:00-04:00,2829.699951171875,2829.699951171875,2830.39990234375,2828.300048828125,2829.199951171875,303
2026-09-28 11:07:00-04:00,2831.10009765625,2831.10009765625,2831.199951171875,2829.199951171875,2829.699951171875,545
2026-09-28 11:08:00-04:00,2830.39990234375,2830.39990234375,2831.5,2830.300048828125,2831.300048828125,332
2026-09-28 11:09:00-04:00,2832.800048828125,2832.800048828125,2832.800048828125,2830.199951171875,2830.300048828125,282
2026-09-28 11:10:00-04:00,2831.699951171875,2831.699951171875,2833.800048828125,2831.699951171875,2832.60009765625,543
2026-09-28 11:11:00-04:00,2831.39990234375,2831.39990234375,2832.39990234375,2831.10009765625,2831.699951171875,519
2026-09-28 11:12:00-04:00,2831.5,2831.5,2832.10009765625,2830.5,2831.5,295
2026-09-28 11:13:00-04:00,2830.699951171875,2830.699951171875,2831.60009765625,2830.39990234375,2831.60009765625,217
2026-09-28 11:14:00-04:00,2829.60009765625,2829.60009765625,2830.800048828125,2828.800048828125,2830.699951171875,350
2026-09-28 11:15:00-04:00,2829.39990234375,2829.39990234375,2829.699951171875,2829.0,2829.699951171875,287
2026-09-28 11:16:00-04:00,2828.60009765625,2828.60009765625,2829.699951171875,2828.300048828125,2829.5,228
2026-09-28 11:17:00-04:00,2828.5,2828.5,2828.699951171875,2827.800048828125,2828.5,276
2026-09-28 11:18:00-04:00,2828.89990234375,2828.89990234375,2828.89990234375,2827.89990234375,2828.5,138
2026-09-28 11:19:00-04:00,2829.300048828125,2829.300048828125,2829.800048828125,2828.60009765625,2828.800048828125,161
2026-09-28 11:20:00-04:00,2828.5,2828.5,2829.699951171875,2828.10009765625,2829.199951171875,339
2026-09-28 11:21:00-04:00,2828.199951171875,2828.199951171875,2828.800048828125,2827.5,2828.800048828125,280
2026-09-28 11:22:00-04:00,2828.39990234375,2828.39990234375,2828.60009765625,2827.699951171875,2828.199951171875,212
2026-09-28 11:23:00-04:00,2828.800048828125,2828.800048828125,2828.89990234375,2828.39990234375,2828.39990234375,242
2026-09-28 11:24:00-04:00,2828.699951171875,2828.699951171875,2829.0,2828.10009765625,2828.800048828125,153
2026-09-28 11:25:00-04:00,2828.800048828125,2828.800048828125,2831.39990234375,2827.699951171875,2828.60009765625,1251
2026-09-28 11:26:00-04:00,2829.300048828125,2829.300048828125,2829.60009765625,2827.89990234375,2828.800048828125,292
2026-09-28 11:27:00-04:00,2829.10009765625,2829.10009765625,2829.300048828125,2828.300048828125,2829.300048828125,226
2026-09-28 11:28:00-04:00,2829.300048828125,2829.300048828125,2829.5,2828.60009765625,2829.199951171875,221
2026-09-28 11:29:00-04:00,2829.5,2829.5,2829.89990234375,2828.699951171875,2829.5,251
2026-09-28 11:30:00-04:00,2829.5,2829.5,2830.199951171875,2828.699951171875,2829.60009765625,293
2026-09-28 11:31:00-04:00,2829.199951171875,2829.199951171875,2829.89990234375,2828.699951171875,2829.39990234375,237
2026-09-28 11:32:00-04:00,2829.89990234375,2829.89990234375,2830.39990234375,2829.199951171875,2829.300048828125,200
2026-09-28 11:33:00-04:00,2828.199951171875,2828.199951171875,2830.10009765625,2828.0,2829.89990234375,202
2026-09-28 11:34:00-04:00,2828.800048828125,2828.800048828125,2828.89990234375,2827.60009765625,2828.199951171875,173
2026-09-28 11:35:00-04:00,2829.5,2829.5,2829.5,2828.60009765625,2828.89990234375,411
2026-09-28 11:36:00-04:00,2831.10009765625,2831.10009765625,2831.10009765625,2829.300048828125,2829.300048828125,267
2026-09-28 11:37:00-04:00,2830.5,2830.5,2831.199951171875,2830.10009765625,2831.0,254
2026-09-28 11:38:00-04:00,2831.10009765625,2831.10009765625,2831.5,2830.10009765625,2830.60009765625,158
2026-09-28 11:39:00-04:00,2830.89990234375,2830.89990234375,2831.800048828125,2830.60009765625,2831.0,173
2026-09-28 11:40:00-04:00,2829.0,2829.0,2831.199951171875,2828.5,2831.10009765625,353
2026-09-28 11:41:00-04:00,2828.60009765625,2828.60009765625,2829.0,2827.800048828125,2828.89990234375,172
2026-09-28 11:42:00-04:00,2829.300048828125,2829.300048828125,2829.699951171875,2828.5,2828.60009765625,200
2026-09-28 11:43:00-04:00,2828.300048828125,2828.300048828125,2829.60009765625,2828.199951171875,2829.300048828125,172
2026-09-28 11:44:00-04:00,2828.60009765625,2828.60009765625,2828.60009765625,2827.89990234375,2828.199951171875,122
2026-09-28 11:45:00-04:00,2828.199951171875,2828.199951171875,2828.60009765625,2827.699951171875,2828.60009765625,215
2026-09-28 11:46:00-04:00,2827.39990234375,2827.39990234375,2828.300048828125,2827.0,2828.199951171875,298
2026-09-28 11:47:00-04:00,2826.89990234375,2826.89990234375,2827.60009765625,2826.800048828125,2827.300048828125,226
2026-09-28 11:48:00-04:00,2827.0,2827.0,2827.699951171875,2826.89990234375,2826.89990234375,91
2026-09-28 11:49:00-04:00,2827.199951171875,2827.199951171875,2827.5,2826.89990234375,2827.0,120
2026-09-28 11:50:00-04:00,2827.300048828125,2827.300048828125,2827.89990234375,2826.89990234375,2827.10009765625,142
2026-09-28 11:51:00-04:00,2827.39990234375,2827.39990234375,2827.60009765625,2826.89990234375,2827.300048828125,119
2026-09-28 11:52:00-04:00,2827.10009765625,2827.10009765625,2827.800048828125,2827.0,2827.5,93
2026-09-28 11:53:00-04:00,2827.800048828125,2827.800048828125,2827.800048828125,2827.0,2827.199951171875,85
2026-09-28 11:54:00-04:00,2829.60009765625,2829.60009765625,2829.699951171875,2827.800048828125,2827.89990234375,495
2026-09-28 11:55:00-04:00,2830.699951171875,2830.699951171875,2830.800048828125,2829.5,2829.699951171875,278
2026-09-28 11:56:00-04:00,2830.699951171875,2830.699951171875,2831.10009765625,2829.89990234375,2830.60009765625,189
2026-09-28 11:57:00-04:00,2829.89990234375,2829.89990234375,2830.89990234375,2829.800048828125,2830.800048828125,193
2026-09-28 11:58:00-04:00,2830.300048828125,2830.300048828125,2830.5,2829.89990234375,2829.89990234375,106
2026-09-28 11:59:00-04:00,2830.800048828125,2830.800048828125,2830.89990234375,2830.0,2830.199951171875,109
2026-09-28 12:00:00-04:00,2830.699951171875,2830.699951171875,2832.0,2829.800048828125,2830.699951171875,695
2026-09-28 12:01:00-04:00,2831.10009765625,2831.10009765625,2831.39990234375,2830.39990234375,2830.800048828125,243
2026-09-28 12:02:00-04:00,2830.5,2830.5,2831.300048828125,2830.5,2831.10009765625,122
2026-09-28 12:03:00-04:00,2829.800048828125,2829.800048828125,2830.800048828125,2829.39990234375,2830.39990234375,216
2026-09-28 12:04:00-04:00,2830.300048828125,2830.300048828125,2830.300048828125,2829.699951171875,2829.699951171875,76
2026-09-28 12:05:00-04:00,2831.0,2831.0,2831.0,2829.89990234375,2830.10009765625,135
2026-09-28 12:06:00-04:00,2831.5,2831.5,2831.699951171875,2830.699951171875,2830.89990234375,242
2026-09-28 12:07:00-04:00,2832.199951171875,2832.199951171875,2832.39990234375,2831.0,2831.5,239
2026-09-28 12:08:00-04:00,2832.699951171875,2832.699951171875,2833.10009765625,2832.0,2832.10009765625,240
2026-09-28 12:09:00-04:00,2832.800048828125,2832.800048828125,2832.89990234375,2831.5,2832.60009765625,205
2026-09-28 12:10:00-04:00,2833.60009765625,2833.60009765625,2834.0,2832.5,2832.800048828125,331
2026-09-28 12:11:00-04:00,2833.0,2833.0,2833.89990234375,2832.800048828125,2833.60009765625,331
2026-09-28 12:12:00-04:00,2831.60009765625,2831.60009765625,2833.199951171875,2831.300048828125,2832.89990234375,105
2026-09-28 12:13:00-04:00,2831.60009765625,2831.60009765625,2831.800048828125,2831.199951171875,2831.5,117
2026-09-28 12:14:00-04:00,2831.699951171875,2831.699951171875,2832.0,2831.39990234375,2831.699951171875,294
2026-09-28 12:15:00-04:00,2831.60009765625,2831.60009765625,2832.0,2830.89990234375,2831.699951171875,252
2026-09-28 12:16:00-04:00,2838.0,2838.0,2838.800048828125,2831.0,2831.699951171875,2691
2026-09-28 12:17:00-04:00,2837.5,2837.5,2839.60009765625,2836.5,2837.89990234375,909
2026-09-28 12:18:00-04:00,2836.39990234375,2836.39990234375,2839.5,2836.300048828125,2837.60009765625,538
2026-09-28 12:19:00-04:00,2837.300048828125,2837.300048828125,2837.39990234375,2835.39990234375,2836.5,342
2026-09-28 12:20:00-04:00,2842.60009765625,2842.60009765625,2843.0,2836.699951171875,2837.199951171875,957
2026-09-28 12:21:00-04:00,2841.89990234375,2841.89990234375,2842.89990234375,2841.10009765625,2842.60009765625,653
2026-09-28 12:22:00-04:00,2842.800048828125,2842.800048828125,2843.39990234375,2841.699951171875,2842.10009765625,726
2026-09-28 12:23:00-04:00,2842.699951171875,2842.699951171875,2843.699951171875,2840.89990234375,2842.800048828125,458
2026-09-28 12:24:00-04:00,2845.10009765625,2845.10009765625,2846.60009765625,2841.39990234375,2842.60009765625,1365
2026-09-28 12:25:00-04:00,2846.60009765625,2846.60009765625,2847.10009765625,2844.300048828125,2845.10009765625,582
2026-09-28 12:26:00-04:00,2851.39990234375,2851.39990234375,2852.699951171875,2846.199951171875,2846.5,1888
2026-09-28 12:27:00-04:00,2852.300048828125,2852.300048828125,2853.300048828125,2850.5,2851.39990234375,1561
2026-09-28 12:28:00-04:00,2851.300048828125,2851.300048828125,2853.0,2850.699951171875,2852.199951171875,775
2026-09-28 12:29:00-04:00,2850.199951171875,2850.199951171875,2852.699951171875,2849.39990234375,2851.300048828125,587
2026-09-28 12:30:00-04:00,2848.199951171875,2848.199951171875,2850.699951171875,2848.0,2850.300048828125,545
2026-09-28 12:31:00-04:00,2848.0,2848.0,2848.699951171875,2846.800048828125,2848.10009765625,625
2026-09-28 12:32:00-04:00,2844.10009765625,2844.10009765625,2848.0,2844.0,2847.89990234375,1254
2026-09-28 12:33:00-04:00,2845.300048828125,2845.300048828125,2846.199951171875,2844.10009765625,2844.10009765625,1047
2026-09-28 12:34:00-04:00,2844.5,2844.5,2846.0,2844.199951171875,2845.199951171875,322
2026-09-28 12:35:00-04:00,2845.10009765625,2845.10009765625,2845.300048828125,2844.300048828125,2844.60009765625,336
2026-09-28 12:36:00-04:00,2846.0,2846.0,2846.10009765625,2844.699951171875,2845.10009765625,305
2026-09-28 12:37:00-04:00,2844.39990234375,2844.39990234375,2846.39990234375,2844.0,2846.10009765625,354
2026-09-28 12:38:00-04:00,2842.39990234375,2842.39990234375,2844.39990234375,2842.10009765625,2844.300048828125,347
2026-09-28 12:39:00-04:00,2842.10009765625,2842.10009765625,2842.800048828125,2841.39990234375,2842.300048828125,274
2026-09-28 12:40:00-04:00,2841.10009765625,2841.10009765625,2843.0,2840.89990234375,2842.10009765625,231
2026-09-28 12:41:00-04:00,2840.60009765625,2840.60009765625,2841.800048828125,2840.5,2841.10009765625,256
2026-09-28 12:42:00-04:00,2839.699951171875,2839.699951171875,2841.10009765625,2839.699951171875,2840.5,241
2026-09-28 12:43:00-04:00,2839.60009765625,2839.60009765625,2839.800048828125,2839.0,2839.699951171875,277
2026-09-28 12:44:00-04:00,2840.300048828125,2840.300048828125,2840.60009765625,2839.39990234375,2839.60009765625,216
2026-09-28 12:45:00-04:00,2841.5,2841.5,2843.300048828125,2840.5,2840.5,882
2026-09-28 12:46:00-04:00,2840.89990234375,2840.89990234375,2842.10009765625,2840.60009765625,2841.39990234375,167
2026-09-28 12:47:00-04:00,2840.0,2840.0,2841.10009765625,2839.89990234375,2840.800048828125,313
2026-09-28 12:48:00-04:00,2837.5,2837.5,2840.0,2837.39990234375,2840.0,307
2026-09-28 12:49:00-04:00,2837.699951171875,2837.699951171875,2838.300048828125,2837.5,2837.60009765625,147
2026-09-28 12:50:00-04:00,2837.699951171875,2837.699951171875,2838.39990234375,2837.5,2837.699951171875,205
2026-09-28 12:51:00-04:00,2837.199951171875,2837.199951171875,2837.89990234375,2836.699951171875,2837.699951171875,196
2026-09-28 12:52:00-04:00,2838.39990234375,2838.39990234375,2838.699951171875,2836.5,2837.199951171875,208
2026-09-28 12:53:00-04:00,2839.0,2839.0,2839.0,2837.39990234375,2838.39990234375,144
2026-09-28 12:54:00-04:00,2839.699951171875,2839.699951171875,2840.0,2838.800048828125,2838.800048828125,179
2026-09-28 12:55:00-04:00,2839.89990234375,2839.89990234375,2840.199951171875,2839.60009765625,2839.60009765625,127
2026-09-28 12:56:00-04:00,2840.10009765625,2840.10009765625,2840.5,2839.39990234375,2840.0,85
2026-09-28 12:57:00-04:00,2839.5,2839.5,2840.300048828125,2839.0,2840.10009765625,128
2026-09-28 12:58:00-04:00,2839.89990234375,2839.89990234375,2840.10009765625,2839.39990234375,2839.5,67
2026-09-28 12:59:00-04:00,2840.199951171875,2840.199951171875,2840.5,2839.60009765625,2839.800048828125,178
2026-09-28 13:00:00-04:00,2840.0,2840.0,2840.39990234375,2838.89990234375,2840.199951171875,176
2026-09-28 13:01:00-04:00,2840.699951171875,2840.699951171875,2841.199951171875,2839.89990234375,2839.89990234375,191
2026-09-28 13:02:00-04:00,2839.10009765625,2839.10009765625,2840.699951171875,2839.10009765625,2840.699951171875,193
2026-09-28 13:03:00-04:00,2839.10009765625,2839.10009765625,2839.5,2838.89990234375,2839.10009765625,73
2026-09-28 13:04:00-04:00,2839.60009765625,2839.60009765625,2840.10009765625,2839.0,2839.199951171875,81
2026-09-28 13:05:00-04:00,2839.199951171875,2839.199951171875,2840.199951171875,2839.199951171875,2839.699951171875,69
2026-09-28 13:06:00-04:00,2840.5,2840.5,2840.699951171875,2838.699951171875,2839.199951171875,234
2026-09-28 13:07:00-04:00,2839.199951171875,2839.199951171875,2840.60009765625,2839.199951171875,2840.39990234375,174
2026-09-28 13:08:00-04:00,2839.699951171875,2839.699951171875,2839.800048828125,2838.89990234375,2839.300048828125,100
2026-09-28 13:09:00-04:00,2840.699951171875,2840.699951171875,2840.89990234375,2839.60009765625,2839.60009765625,77
2026-09-28 13:10:00-04:00,2841.0,2841.0,2841.0,2840.39990234375,2840.699951171875,86
2026-09-28 13:11:00-04:00,2856.0,2856.0,2856.89990234375,2840.800048828125,2841.10009765625,3875
2026-09-28 13:12:00-04:00,2852.800048828125,2852.800048828125,2858.5,2851.60009765625,2855.89990234375,2317
2026-09-28 13:13:00-04:00,2853.10009765625,2853.10009765625,2854.800048828125,2851.39990234375,2852.89990234375,1084
2026-09-28 13:14:00-04:00,2852.800048828125,2852.800048828125,2853.10009765625,2850.60009765625,2853.0,842
2026-09-28 13:15:00-04:00,2850.800048828125,2850.800048828125,2852.800048828125,2847.800048828125,2852.699951171875,602
2026-09-28 13:16:00-04:00,2850.800048828125,2850.800048828125,2851.5,2850.0,2850.699951171875,385
2026-09-28 13:17:00-04:00,2849.0,2849.0,2852.10009765625,2847.60009765625,2851.10009765625,1331
2026-09-28 13:18:00-04:00,2847.699951171875,2847.699951171875,2849.39990234375,2847.60009765625,2849.0,454
2026-09-28 13:19:00-04:00,2846.199951171875,2846.199951171875,2848.300048828125,2846.199951171875,2847.699951171875,495
2026-09-28 13:20:00-04:00,2845.800048828125,2845.800048828125,2846.300048828125,2844.300048828125,2846.199951171875,393
2026-09-28 13:21:00-04:00,2846.199951171875,2846.199951171875,2846.800048828125,2844.800048828125,2845.39990234375,523
2026-09-28 13:22:00-04:00,2846.199951171875,2846.199951171875,2847.699951171875,2845.800048828125,2846.39990234375,212
2026-09-28 13:23:00-04:00,2845.199951171875,2845.199951171875,2846.699951171875,2844.800048828125,2846.300048828125,107
2026-09-28 13:24:00-04:00,2845.60009765625,2845.60009765625,2846.199951171875,2845.0,2845.10009765625,143
2026-09-28 13:25:00-04:00,2846.10009765625,2846.10009765625,2846.39990234375,2845.300048828125,2845.5,205
2026-09-28 13:26:00-04:00,2844.0,2844.0,2846.199951171875,2843.89990234375,2846.199951171875,277
2026-09-28 13:27:00-04:00,2843.89990234375,2843.89990234375,2844.60009765625,2843.800048828125,2844.0,175
2026-09-28 13:28:00-04:00,2844.699951171875,2844.699951171875,2844.699951171875,2843.800048828125,2843.89990234375,135
2026-09-28 13:29:00-04:00,2844.5,2844.5,2845.0,2843.800048828125,2844.5,115
2026-09-28 13:30:00-04:00,2845.199951171875,2845.199951171875,2845.89990234375,2844.39990234375,2844.39990234375,274
2026-09-28 13:31:00-04:00,2845.800048828125,2845.800048828125,2846.10009765625,2844.699951171875,2845.300048828125,459
2026-09-28 13:32:00-04:00,2844.699951171875,2844.699951171875,2846.10009765625,2844.5,2845.800048828125,233
2026-09-28 13:33:00-04:00,2843.5,2843.5,2844.800048828125,2843.39990234375,2844.5,161
2026-09-28 13:34:00-04:00,2844.5,2844.5,2844.699951171875,2843.199951171875,2843.60009765625,231
2026-09-28 13:35:00-04:00,2845.39990234375,2845.39990234375,2846.10009765625,2844.199951171875,2844.39990234375,271
2026-09-28 13:36:00-04:00,2844.39990234375,2844.39990234375,2846.0,2843.800048828125,2845.5,135
2026-09-28 13:37:00-04:00,2842.800048828125,2842.800048828125,2844.89990234375,2842.60009765625,2844.60009765625,192
2026-09-28 13:38:00-04:00,2844.300048828125,2844.300048828125,2844.39990234375,2842.89990234375,2842.89990234375,129
2026-09-28 13:39:00-04:00,2844.199951171875,2844.199951171875,2844.5,2843.699951171875,2844.39990234375,100
2026-09-28 13:40:00-04:00,2843.39990234375,2843.39990234375,2844.5,2843.199951171875,2844.199951171875,115
2026-09-28 13:41:00-04:00,2844.5,2844.5,2844.5,2843.10009765625,2843.5,114
2026-09-28 13:42:00-04:00,2844.300048828125,2844.300048828125,2844.60009765625,2843.60009765625,2844.39990234375,157
2026-09-28 13:43:00-04:00,2844.5,2844.5,2844.60009765625,2844.0,2844.300048828125,72
2026-09-28 13:44:00-04:00,2845.199951171875,2845.199951171875,2845.300048828125,2844.199951171875,2844.39990234375,115
2026-09-28 13:45:00-04:00,2844.300048828125,2844.300048828125,2845.5,2844.10009765625,2845.199951171875,94
2026-09-28 13:46:00-04:00,2844.60009765625,2844.60009765625,2844.699951171875,2843.800048828125,2844.199951171875,110
2026-09-28 13:47:00-04:00,2844.10009765625,2844.10009765625,2844.89990234375,2844.10009765625,2844.60009765625,166
2026-09-28 13:48:00-04:00,2845.60009765625,2845.60009765625,2845.800048828125,2844.0,2844.199951171875,151
2026-09-28 13:49:00-04:00,2845.800048828125,2845.800048828125,2845.89990234375,2845.300048828125,2845.5,187
2026-09-28 13:50:00-04:00,2844.89990234375,2844.89990234375,2845.800048828125,2844.89990234375,2845.800048828125,115
2026-09-28 13:51:00-04:00,2845.199951171875,2845.199951171875,2845.300048828125,2844.39990234375,2844.89990234375,68
2026-09-28 13:52:00-04:00,2845.39990234375,2845.39990234375,2845.800048828125,2845.0,2845.300048828125,85
2026-09-28 13:53:00-04:00,2844.60009765625,2844.60009765625,2845.300048828125,2844.60009765625,2845.300048828125,65
2026-09-28 13:54:00-04:00,2845.10009765625,2845.10009765625,2845.300048828125,2844.699951171875,2844.800048828125,54
2026-09-28 13:55:00-04:00,2844.5,2844.5,2845.39990234375,2843.300048828125,2845.199951171875,607
2026-09-28 13:56:00-04:00,2844.39990234375,2844.39990234375,2845.0,2844.300048828125,2844.5,132
2026-09-28 13:57:00-04:00,2844.60009765625,2844.60009765625,2845.10009765625,2844.5,2844.60009765625,107
2026-09-28 13:58:00-04:00,2844.60009765625,2844.60009765625,2844.800048828125,2844.0,2844.5,107
2026-09-28 13:59:00-04:00,2845.10009765625,2845.10009765625,2845.199951171875,2844.5,2844.699951171875,38
2026-09-28 14:00:00-04:00,2844.800048828125,2844.800048828125,2845.39990234375,2844.199951171875,2845.10009765625,123
2026-09-28 14:01:00-04:00,2844.39990234375,2844.39990234375,2845.0,2843.60009765625,2845.0,174
2026-09-28 14:02:00-04:00,2845.300048828125,2845.300048828125,2845.300048828125,2844.5,2844.5,151
2026-09-28 14:03:00-04:00,2845.39990234375,2845.39990234375,2845.800048828125,2844.89990234375,2845.199951171875,179
2026-09-28 14:04:00-04:00,2845.699951171875,2845.699951171875,2845.800048828125,2845.199951171875,2845.300048828125,160
2026-09-28 14:05:00-04:00,2845.5,2845.5,2845.89990234375,2844.800048828125,2845.800048828125,170
2026-09-28 14:06:00-04:00,2845.60009765625,2845.60009765625,2845.800048828125,2844.89990234375,2845.5,106
2026-09-28 14:07:00-04:00,2845.89990234375,2845.89990234375,2845.89990234375,2845.10009765625,2845.800048828125,91
2026-09-28 14:08:00-04:00,2846.300048828125,2846.300048828125,2846.300048828125,2845.5,2845.800048828125,94
2026-09-28 14:09:00-04:00,2847.0,2847.0,2847.199951171875,2846.199951171875,2846.199951171875,136
2026-09-28 14:10:00-04:00,2847.10009765625,2847.10009765625,2848.10009765625,2846.89990234375,2846.89990234375,152
2026-09-28 14:11:00-04:00,2846.5,2846.5,2847.800048828125,2846.39990234375,2847.300048828125,200
2026-09-28 14:12:00-04:00,2846.39990234375,2846.39990234375,2846.800048828125,2846.39990234375,2846.5,85
2026-09-28 14:13:00-04:00,2846.89990234375,2846.89990234375,2847.0,2846.39990234375,2846.5,84
2026-09-28 14:14:00-04:00,2847.89990234375,2847.89990234375,2848.10009765625,2846.699951171875,2846.800048828125,192
2026-09-28 14:15:00-04:00,2847.699951171875,2847.699951171875,2848.300048828125,2847.60009765625,2848.0,147
2026-09-28 14:16:00-04:00,2847.5,2847.5,2847.699951171875,2847.199951171875,2847.699951171875,185
2026-09-28 14:17:00-04:00,2846.10009765625,2846.10009765625,2847.60009765625,2846.10009765625,2847.5,222
2026-09-28 14:18:00-04:00,2846.199951171875,2846.199951171875,2846.5,2845.60009765625,2846.0,155
2026-09-28 14:19:00-04:00,2846.0,2846.0,2846.199951171875,2845.699951171875,2846.10009765625,52
2026-09-28 14:20:00-04:00,2846.39990234375,2846.39990234375,2846.699951171875,2845.800048828125,2845.89990234375,95
2026-09-28 14:21:00-04:00,2847.199951171875,2847.199951171875,2847.199951171875,2846.199951171875,2846.39990234375,91
2026-09-28 14:22:00-04:00,2847.5,2847.5,2847.60009765625,2847.10009765625,2847.199951171875,39
2026-09-28 14:23:00-04:00,2845.5,2845.5,2847.39990234375,2845.300048828125,2847.39990234375,114
2026-09-28 14:24:00-04:00,2845.699951171875,2845.699951171875,2845.800048828125,2844.89990234375,2845.39990234375,141
2026-09-28 14:25:00-04:00,2846.0,2846.0,2846.0,2845.39990234375,2845.699951171875,107
2026-09-28 14:26:00-04:00,2846.10009765625,2846.10009765625,2846.199951171875,2845.5,2845.800048828125,62
2026-09-28 14:27:00-04:00,2846.39990234375,2846.39990234375,2847.0,2846.199951171875,2846.199951171875,81
2026-09-28 14:28:00-04:00,2846.10009765625,2846.10009765625,2846.5,2845.800048828125,2846.39990234375,50
2026-09-28 14:29:00-04:00,2846.0,2846.0,2846.199951171875,2845.5,2846.0,124
2026-09-28 14:30:00-04:00,2845.800048828125,2845.800048828125,2847.0,2844.60009765625,2846.0,726
2026-09-28 14:31:00-04:00,2845.89990234375,2845.89990234375,2846.10009765625,2845.199951171875,2845.699951171875,147
2026-09-28 14:32:00-04:00,2845.39990234375,2845.39990234375,2846.0,2845.10009765625,2846.0,190
2026-09-28 14:33:00-04:00,2845.39990234375,2845.39990234375,2845.699951171875,2845.199951171875,2845.39990234375,195
2026-09-28 14:34:00-04:00,2845.699951171875,2845.699951171875,2846.10009765625,2845.300048828125,2845.5,75
2026-09-28 14:35:00-04:00,2846.199951171875,2846.199951171875,2846.199951171875,2845.39990234375,2845.60009765625,67
2026-09-28 14:36:00-04:00,2846.699951171875,2846.699951171875,2846.89990234375,2845.89990234375,2846.10009765625,100
2026-09-28 14:37:00-04:00,2846.699951171875,2846.699951171875,2847.0,2846.39990234375,2846.699951171875,74
2026-09-28 14:38:00-04:00,2846.800048828125,2846.800048828125,2847.199951171875,2846.0,2846.89990234375,219
2026-09-28 14:39:00-04:00,2845.5,2845.5,2846.699951171875,2845.300048828125,2846.699951171875,126
2026-09-28 14:40:00-04:00,2845.89990234375,2845.89990234375,2846.0,2845.10009765625,2845.5,118
2026-09-28 14:41:00-04:00,2846.5,2846.5,2846.60009765625,2845.300048828125,2845.89990234375,94
2026-09-28 14:42:00-04:00,2846.5,2846.5,2847.10009765625,2846.0,2846.39990234375,118
2026-09-28 14:43:00-04:00,2846.5,2846.5,2846.800048828125,2846.300048828125,2846.60009765625,93
2026-09-28 14:44:00-04:00,2846.5,2846.5,2846.89990234375,2846.39990234375,2846.5,114
2026-09-28 14:45:00-04:00,2845.5,2845.5,2846.60009765625,2845.300048828125,2846.300048828125,167
2026-09-28 14:46:00-04:00,2845.5,2845.5,2845.800048828125,2845.199951171875,2845.5,98
2026-09-28 14:47:00-04:00,2846.39990234375,2846.39990234375,2846.5,2845.60009765625,2845.60009765625,98
2026-09-28 14:48:00-04:00,2847.60009765625,2847.60009765625,2848.800048828125,2846.199951171875,2846.300048828125,806
2026-09-28 14:49:00-04:00,2847.300048828125,2847.300048828125,2847.800048828125,2846.89990234375,2847.5,170
2026-09-28 14:50:00-04:00,2846.199951171875,2846.199951171875,2847.5,2846.10009765625,2847.39990234375,180
2026-09-28 14:51:00-04:00,2846.300048828125,2846.300048828125,2846.300048828125,2845.699951171875,2846.300048828125,56
2026-09-28 14:52:00-04:00,2846.0,2846.0,2846.199951171875,2845.699951171875,2846.199951171875,81
2026-09-28 14:53:00-04:00,2846.10009765625,2846.10009765625,2847.800048828125,2845.699951171875,2846.10009765625,785
2026-09-28 14:54:00-04:00,2846.0,2846.0,2846.10009765625,2845.0,2846.0,138
2026-09-28 14:55:00-04:00,2845.60009765625,2845.60009765625,2846.10009765625,2845.199951171875,2845.89990234375,221
2026-09-28 14:56:00-04:00,2845.5,2845.5,2845.800048828125,2845.199951171875,2845.60009765625,87
2026-09-28 14:57:00-04:00,2845.300048828125,2845.300048828125,2845.89990234375,2845.199951171875,2845.39990234375,175
2026-09-28 14:58:00-04:00,2846.39990234375,2846.39990234375,2846.60009765625,2845.39990234375,2845.39990234375,118
2026-09-28 14:59:00-04:00,2846.5,2846.5,2847.10009765625,2846.300048828125,2846.39990234375,103
2026-09-28 15:00:00-04:00,2844.39990234375,2844.39990234375,2846.699951171875,2844.0,2846.5,261
2026-09-28 15:01:00-04:00,2843.89990234375,2843.89990234375,2844.5,2843.699951171875,2844.39990234375,130
2026-09-28 15:02:00-04:00,2843.699951171875,2843.699951171875,2844.199951171875,2842.89990234375,2843.89990234375,533
2026-09-28 15:03:00-04:00,2844.5,2844.5,2845.0,2843.39990234375,2843.699951171875,202
2026-09-28 15:04:00-04:00,2844.5,2844.5,2844.5,2843.800048828125,2844.5,94
2026-09-28 15:05:00-04:00,2844.10009765625,2844.10009765625,2844.699951171875,2843.800048828125,2844.5,114
2026-09-28 15:06:00-04:00,2843.300048828125,2843.300048828125,2844.300048828125,2843.300048828125,2844.10009765625,192
2026-09-28 15:07:00-04:00,2842.800048828125,2842.800048828125,2843.39990234375,2842.39990234375,2843.300048828125,143
2026-09-28 15:08:00-04:00,2842.5,2842.5,2843.0,2842.199951171875,2842.89990234375,187
2026-09-28 15:09:00-04:00,2842.199951171875,2842.199951171875,2842.5,2842.0,2842.39990234375,96
2026-09-28 15:10:00-04:00,2841.39990234375,2841.39990234375,2842.300048828125,2841.300048828125,2842.300048828125,225
2026-09-28 15:11:00-04:00,2840.60009765625,2840.60009765625,2841.699951171875,2840.60009765625,2841.60009765625,254
2026-09-28 15:12:00-04:00,2840.699951171875,2840.699951171875,2841.0,2840.5,2840.699951171875,210
2026-09-28 15:13:00-04:00,2839.60009765625,2839.60009765625,2840.800048828125,2839.5,2840.699951171875,222
2026-09-28 15:14:00-04:00,2839.699951171875,2839.699951171875,2839.800048828125,2839.199951171875,2839.5,126
2026-09-28 15:15:00-04:00,2839.800048828125,2839.800048828125,2839.800048828125,2838.89990234375,2839.60009765625,172
2026-09-28 15:16:00-04:00,2839.800048828125,2839.800048828125,2840.60009765625,2839.10009765625,2840.0,260
2026-09-28 15:17:00-04:00,2841.199951171875,2841.199951171875,2841.199951171875,2839.800048828125,2839.800048828125,189
2026-09-28 15:18:00-04:00,2841.5,2841.5,2841.5,2840.800048828125,2841.10009765625,182
2026-09-28 15:19:00-04:00,2840.800048828125,2840.800048828125,2841.800048828125,2840.60009765625,2841.5,119
2026-09-28 15:20:00-04:00,2841.800048828125,2841.800048828125,2841.89990234375,2840.800048828125,2840.89990234375,199
2026-09-28 15:21:00-04:00,2842.5,2842.5,2842.699951171875,2841.5,2841.800048828125,230
2026-09-28 15:22:00-04:00,2842.199951171875,2842.199951171875,2842.60009765625,2841.800048828125,2842.39990234375,243
2026-09-28 15:23:00-04:00,2842.39990234375,2842.39990234375,2842.5,2841.800048828125,2842.199951171875,191
2026-09-28 15:24:00-04:00,2842.699951171875,2842.699951171875,2842.699951171875,2842.300048828125,2842.39990234375,88
2026-09-28 15:25:00-04:00,2843.199951171875,2843.199951171875,2843.39990234375,2842.199951171875,2842.699951171875,608
2026-09-28 15:26:00-04:00,2842.60009765625,2842.60009765625,2843.10009765625,2842.300048828125,2843.10009765625,107
2026-09-28 15:27:00-04:00,2842.300048828125,2842.300048828125,2842.89990234375,2842.10009765625,2842.699951171875,194
2026-09-28 15:28:00-04:00,2843.0,2843.0,2843.199951171875,2842.199951171875,2842.39990234375,329
2026-09-28 15:29:00-04:00,2842.300048828125,2842.300048828125,2843.10009765625,2841.60009765625,2843.0,184
2026-09-28 15:30:00-04:00,2842.199951171875,2842.199951171875,2842.699951171875,2842.10009765625,2842.39990234375,152
2026-09-28 15:31:00-04:00,2843.199951171875,2843.199951171875,2843.699951171875,2841.89990234375,2842.10009765625,305
2026-09-28 15:32:00-04:00,2843.10009765625,2843.10009765625,2844.699951171875,2842.10009765625,2843.300048828125,789
2026-09-28 15:33:00-04:00,2843.10009765625,2843.10009765625,2843.699951171875,2841.800048828125,2843.199951171875,302
2026-09-28 15:34:00-04:00,2843.10009765625,2843.10009765625,2843.5,2842.39990234375,2843.10009765625,188
2026-09-28 15:35:00-04:00,2843.10009765625,2843.10009765625,2843.800048828125,2842.89990234375,2843.199951171875,166
2026-09-28 15:36:00-04:00,2843.699951171875,2843.699951171875,2843.699951171875,2842.89990234375,2843.10009765625,166
2026-09-28 15:37:00-04:00,2843.5,2843.5,2843.800048828125,2843.300048828125,2843.699951171875,143
2026-09-28 15:38:00-04:00,2843.300048828125,2843.300048828125,2843.699951171875,2842.699951171875,2843.5,288
2026-09-28 15:39:00-04:00,2842.0,2842.0,2843.10009765625,2841.89990234375,2843.10009765625,139
2026-09-28 15:40:00-04:00,2840.800048828125,2840.800048828125,2842.10009765625,2840.800048828125,2842.10009765625,196
2026-09-28 15:41:00-04:00,2842.300048828125,2842.300048828125,2842.300048828125,2840.800048828125,2840.89990234375,454
2026-09-28 15:42:00-04:00,2842.10009765625,2842.10009765625,2842.5,2841.60009765625,2842.39990234375,332
2026-09-28 15:43:00-04:00,2841.60009765625,2841.60009765625,2842.699951171875,2841.60009765625,2842.10009765625,221
2026-09-28 15:44:00-04:00,2841.10009765625,2841.10009765625,2841.800048828125,2841.10009765625,2841.60009765625,202
2026-09-28 15:45:00-04:00,2840.60009765625,2840.60009765625,2841.199951171875,2839.800048828125,2841.199951171875,1015
2026-09-28 15:46:00-04:00,2841.10009765625,2841.10009765625,2841.60009765625,2840.199951171875,2840.699951171875,332
2026-09-28 15:47:00-04:00,2840.800048828125,2840.800048828125,2841.300048828125,2840.60009765625,2841.199951171875,365
2026-09-28 15:48:00-04:00,2840.39990234375,2840.39990234375,2840.89990234375,2839.5,2840.89990234375,330
2026-09-28 15:49:00-04:00,2839.699951171875,2839.699951171875,2840.300048828125,2839.10009765625,2840.300048828125,470
2026-09-28 15:50:00-04:00,2839.5,2839.5,2840.39990234375,2838.699951171875,2839.699951171875,1130
2026-09-28 15:51:00-04:00,2840.5,2840.5,2840.60009765625,2839.10009765625,2839.5,461
2026-09-28 15:52:00-04:00,2840.699951171875,2840.699951171875,2840.699951171875,2839.10009765625,2840.5,521
2026-09-28 15:53:00-04:00,2840.0,2840.0,2840.89990234375,2839.800048828125,2840.699951171875,582
2026-09-28 15:54:00-04:00,2838.5,2838.5,2840.10009765625,2838.5,2840.10009765625,824
2026-09-28 15:55:00-04:00,2838.10009765625,2838.10009765625,2838.89990234375,2837.300048828125,2838.39990234375,1349
2026-09-28 15:56:00-04:00,2838.800048828125,2838.800048828125,2839.10009765625,2837.699951171875,2838.199951171875,1026
2026-09-28 15:57:00-04:00,2839.199951171875,2839.199951171875,2839.60009765625,2838.39990234375,2838.699951171875,875
2026-09-28 15:58:00-04:00,2839.699951171875,2839.699951171875,2839.800048828125,2838.60009765625,2839.10009765625,1658
2026-09-28 15:59:00-04:00,2840.300048828125,2840.300048828125,2840.5,2838.800048828125,2839.699951171875,9034
2026-09-28 16:00:00-04:00,2840.699951171875,2840.699951171875,2841.300048828125,2839.89990234375,2840.39990234375,2396
2026-09-28 16:01:00-04:00,2840.89990234375,2840.89990234375,2841.5,2840.60009765625,2840.800048828125,315
2026-09-28 16:02:00-04:00,2841.10009765625,2841.10009765625,2841.199951171875,2840.60009765625,2840.89990234375,421
2026-09-28 16:03:00-04:00,2841.0,2841.0,2841.60009765625,2841.0,2841.300048828125,183
2026-09-28 16:04:00-04:00,2841.699951171875,2841.699951171875,2841.89990234375,2841.10009765625,2841.10009765625,226
2026-09-28 16:05:00-04:00,2841.199951171875,2841.199951171875,2841.60009765625,2841.0,2841.60009765625,330
2026-09-28 16:06:00-04:00,2841.800048828125,2841.800048828125,2841.800048828125,2841.0,2841.199951171875,200
2026-09-28 16:07:00-04:00,2841.5,2841.5,2841.699951171875,2841.300048828125,2841.699951171875,172
2026-09-28 16:08:00-04:00,2840.199951171875,2840.199951171875,2841.5,2840.199951171875,2841.39990234375,336
2026-09-28 16:09:00-04:00,2840.39990234375,2840.39990234375,2840.60009765625,2840.0,2840.39990234375,145
2026-09-28 16:10:00-04:00,2840.60009765625,2840.60009765625,2840.800048828125,2840.300048828125,2840.39990234375,110
2026-09-28 16:11:00-04:00,2840.300048828125,2840.300048828125,2840.60009765625,2840.300048828125,2840.60009765625,91
2026-09-28 16:12:00-04:00,2840.10009765625,2840.10009765625,2840.300048828125,2839.89990234375,2840.300048828125,117
2026-09-28 16:13:00-04:00,2840.60009765625,2840.60009765625,2840.60009765625,2840.10009765625,2840.199951171875,79
2026-09-28 16:14:00-04:00,2840.10009765625,2840.10009765625,2840.699951171875,2840.0,2840.60009765625,204
2026-09-28 16:15:00-04:00,2839.800048828125,2839.800048828125,2840.10009765625,2839.699951171875,2840.10009765625,89
2026-09-28 16:16:00-04:00,2839.800048828125,2839.800048828125,2839.800048828125,2839.60009765625,2839.699951171875,32
2026-09-28 16:17:00-04:00,2840.300048828125,2840.300048828125,2840.300048828125,2839.800048828125,2839.800048828125,46
2026-09-28 16:18:00-04:00,2840.10009765625,2840.10009765625,2840.39990234375,2839.89990234375,2840.39990234375,58
2026-09-28 16:19:00-04:00,2840.39990234375,2840.39990234375,2840.39990234375,2840.10009765625,2840.199951171875,32
2026-09-28 16:20:00-04:00,2840.39990234375,2840.39990234375,2840.5,2840.199951171875,2840.39990234375,33
2026-09-28 16:21:00-04:00,2840.199951171875,2840.199951171875,2840.60009765625,2840.10009765625,2840.39990234375,71
2026-09-28 16:22:00-04:00,2840.39990234375,2840.39990234375,2840.39990234375,2840.199951171875,2840.300048828125,24
2026-09-28 16:23:00-04:00,2840.5,2840.5,2840.5,2840.39990234375,2840.5,12
2026-09-28 16:24:00-04:00,2840.5,2840.5,2840.60009765625,2840.199951171875,2840.39990234375,98
2026-09-28 16:25:00-04:00,2840.5,2840.5,2840.60009765625,2840.199951171875,2840.60009765625,72
2026-09-28 16:26:00-04:00,2840.60009765625,2840.60009765625,2840.699951171875,2840.39990234375,2840.60009765625,52
2026-09-28 16:27:00-04:00,2841.0,2841.0,2841.199951171875,2840.699951171875,2840.699951171875,110
2026-09-28 16:28:00-04:00,2840.89990234375,2840.89990234375,2840.89990234375,2840.800048828125,2840.89990234375,28
2026-09-28 16:29:00-04:00,2840.800048828125,2840.800048828125,2841.199951171875,2840.800048828125,2841.0,54
2026-09-28 16:30:00-04:00,2840.5,2840.5,2840.699951171875,2840.5,2840.699951171875,19
2026-09-28 16:31:00-04:00,2840.199951171875,2840.199951171875,2840.39990234375,2840.199951171875,2840.39990234375,21
2026-09-28 16:32:00-04:00,2840.300048828125,2840.300048828125,2840.300048828125,2840.10009765625,2840.10009765625,28
2026-09-28 16:33:00-04:00,2840.39990234375,2840.39990234375,2840.39990234375,2840.199951171875,2840.300048828125,65
2026-09-28 16:34:00-04:00,2840.199951171875,2840.199951171875,2840.699951171875,2840.199951171875,2840.60009765625,33
2026-09-28 16:35:00-04:00,2839.89990234375,2839.89990234375,2840.300048828125,2839.89990234375,2840.300048828125,33
2026-09-28 16:36:00-04:00,2839.89990234375,2839.89990234375,2840.0,2839.800048828125,2840.0,15
2026-09-28 16:37:00-04:00,2839.89990234375,2839.89990234375,2840.10009765625,2839.89990234375,2839.89990234375,32
2026-09-28 16:38:00-04:00,2840.0,2840.0,2840.0,2839.89990234375,2839.89990234375,7
2026-09-28 16:39:00-04:00,2840.0,2840.0,2840.10009765625,2840.0,2840.10009765625,15
2026-09-28 16:40:00-04:00,2840.10009765625,2840.10009765625,2840.10009765625,2839.89990234375,2840.0,24
2026-09-28 16:41:00-04:00,2840.10009765625,2840.10009765625,2840.300048828125,2840.10009765625,2840.199951171875,19
2026-09-28 16:42:00-04:00,2840.10009765625,2840.10009765625,2840.5,2840.10009765625,2840.199951171875,62
2026-09-28 16:43:00-04:00,2840.10009765625,2840.10009765625,2840.199951171875,2840.10009765625,2840.199951171875,13
2026-09-28 16:44:00-04:00,2839.699951171875,2839.699951171875,2840.199951171875,2839.699951171875,2840.199951171875,71
2026-09-28 16:45:00-04:00,2839.60009765625,2839.60009765625,2839.800048828125,2839.60009765625,2839.800048828125,14
2026-09-28 16:46:00-04:00,2839.60009765625,2839.60009765625,2839.699951171875,2839.39990234375,2839.699951171875,14
2026-09-28 16:47:00-04:00,2839.60009765625,2839.60009765625,2839.699951171875,2839.60009765625,2839.699951171875,13
2026-09-28 16:48:00-04:00,2839.39990234375,2839.39990234375,2839.60009765625,2839.39990234375,2839.60009765625,17
2026-09-28 16:49:00-04:00,2839.39990234375,2839.39990234375,2839.39990234375,2839.300048828125,2839.39990234375,14
2026-09-28 16:50:00-04:00,2839.300048828125,2839.300048828125,2839.39990234375,2839.199951171875,2839.300048828125,18
2026-09-28 16:51:00-04:00,2838.800048828125,2838.800048828125,2839.199951171875,2838.800048828125,2839.199951171875,26
2026-09-28 16:52:00-04:00,2838.89990234375,2838.89990234375,2838.89990234375,2838.699951171875,2838.800048828125,26
2026-09-28 16:53:00-04:00,2839.199951171875,2839.199951171875,2839.199951171875,2839.10009765625,2839.10009765625,7
2026-09-28 16:54:00-04:00,2839.5,2839.5,2839.5,2839.10009765625,2839.10009765625,22
2026-09-28 16:55:00-04:00,2839.89990234375,2839.89990234375,2840.0,2839.5,2839.5,112
2026-09-28 16:56:00-04:00,2840.199951171875,2840.199951171875,2840.199951171875,2839.89990234375,2839.89990234375,38
2026-09-28 16:57:00-04:00,2839.89990234375,2839.89990234375,2840.39990234375,2839.89990234375,2840.300048828125,48
2026-09-28 16:58:00-04:00,2839.300048828125,2839.300048828125,2840.39990234375,2839.10009765625,2840.0,361
2026-09-28 16:59:00-04:00,2839.60009765625,2839.60009765625,2840.10009765625,2839.300048828125,2839.39990234375,358
2026-09-28 18:00:00-04:00,2838.300048828125,2838.300048828125,2841.199951171875,2838.300048828125,2839.60009765625,0
2026-09-28 18:01:00-04:00,2838.5,2838.5,2838.800048828125,2838.199951171875,2838.699951171875,14
2026-09-28 18:02:00-04:00,2838.60009765625,2838.60009765625,2838.60009765625,2838.39990234375,2838.5,10
2026-09-28 18:03:00-04:00,2837.89990234375,2837.89990234375,2838.699951171875,2837.89990234375,2838.60009765625,69
2026-09-28 18:04:00-04:00,2838.300048828125,2838.300048828125,2838.39990234375,2837.699951171875,2837.800048828125,13
2026-09-28 18:05:00-04:00,2838.0,2838.0,2838.199951171875,2837.5,2838.199951171875,23
2026-09-28 18:06:00-04:00,2839.0,2839.0,2839.0,2837.89990234375,2838.10009765625,41
2026-09-28 18:07:00-04:00,2839.39990234375,2839.39990234375,2839.699951171875,2839.0,2839.199951171875,25
2026-09-28 18:08:00-04:00,2839.5,2839.5,2839.800048828125,2839.39990234375,2839.60009765625,41
2026-09-28 18:09:00-04:00,2839.60009765625,2839.60009765625,2839.60009765625,2839.10009765625,2839.5,38
2026-09-28 18:10:00-04:00,2839.699951171875,2839.699951171875,2840.10009765625,2839.39990234375,2839.89990234375,19
2026-09-28 18:11:00-04:00,2840.0,2840.0,2840.0,2839.39990234375,2839.5,7
2026-09-28 18:12:00-04:00,2840.10009765625,2840.10009765625,2840.300048828125,2839.89990234375,2839.89990234375,10
2026-09-28 18:13:00-04:00,2840.5,2840.5,2840.5,2840.39990234375,2840.39990234375,8
2026-09-28 18:14:00-04:00,2840.5,2840.5,2841.199951171875,2840.5,2840.699951171875,23
2026-09-28 18:15:00-04:00,2840.199951171875,2840.199951171875,2840.60009765625,2840.199951171875,2840.60009765625,16
2026-09-28 18:16:00-04:00,2840.39990234375,2840.39990234375,2840.39990234375,2840.300048828125,2840.300048828125,4
2026-09-28 18:17:00-04:00,2840.800048828125,2840.800048828125,2840.800048828125,2839.699951171875,2840.60009765625,115
2026-09-28 18:18:00-04:00,2840.39990234375,2840.39990234375,2841.10009765625,2840.39990234375,2840.800048828125,46
2026-09-28 18:19:00-04:00,2840.60009765625,2840.60009765625,2840.699951171875,2840.60009765625,2840.699951171875,3
2026-09-28 18:21:00-04:00,2840.60009765625,2840.60009765625,2840.60009765625,2840.5,2840.5,2
2026-09-28 18:22:00-04:00,2840.39990234375,2840.39990234375,2840.5,2840.10009765625,2840.39990234375,12
2026-09-28 18:23:00-04:00,2840.39990234375,2840.39990234375,2840.39990234375,2840.300048828125,2840.39990234375,3
2026-09-28 18:25:00-04:00,2840.199951171875,2840.199951171875,2840.300048828125,2840.199951171875,2840.300048828125,8
2026-09-28 18:26:00-04:00,2840.699951171875,2840.699951171875,2840.699951171875,2840.10009765625,2840.10009765625,12
2026-09-28 18:27:00-04:00,2840.60009765625,2840.60009765625,2840.89990234375,2840.60009765625,2840.60009765625,27
2026-09-28 18:28:00-04:00,2840.699951171875,2840.699951171875,2840.699951171875,2840.699951171875,2840.699951171875,3
2026-09-28 18:29:00-04:00,2841.0,2841.0,2841.0,2840.699951171875,2840.699951171875,23
2026-09-28 18:30:00-04:00,2841.0,2841.0,2841.199951171875,2840.800048828125,2840.89990234375,12
2026-09-28 18:31:00-04:00,2840.300048828125,2840.300048828125,2840.800048828125,2840.300048828125,2840.800048828125,9
2026-09-28 18:32:00-04:00,2840.699951171875,2840.699951171875,2840.699951171875,2840.300048828125,2840.300048828125,3
2026-09-28 18:33:00-04:00,2840.39990234375,2840.39990234375,2840.39990234375,2840.39990234375,2840.39990234375,1
2026-09-28 18:34:00-04:00,2840.39990234375,2840.39990234375,2840.39990234375,2840.39990234375,2840.39990234375,1
2026-09-28 18:37:00-04:00,2840.39990234375,2840.39990234375,2840.39990234375,2840.39990234375,2840.39990234375,1
2026-09-28 18:41:00-04:00,2840.199951171875,2840.199951171875,2840.60009765625,2840.199951171875,2840.300048828125,13
2026-09-28 18:42:00-04:00,2840.10009765625,2840.10009765625,2840.10009765625,2840.10009765625,2840.10009765625,2
2026-09-28 18:43:00-04:00,2840.199951171875,2840.199951171875,2840.199951171875,2840.199951171875,2840.199951171875,4
2026-09-28 18:44:00-04:00,2840.0,2840.0,2840.0,2840.0,2840.0,2
2026-09-28 18:45:00-04:00,2840.199951171875,2840.199951171875,2840.199951171875,2840.0,2840.0,4
2026-09-28 18:46:00-04:00,2840.39990234375,2840.39990234375,2840.39990234375,2840.10009765625,2840.10009765625,6
2026-09-28 18:47:00-04:00,2840.10009765625,2840.10009765625,2840.10009765625,2840.10009765625,2840.10009765625,1
2026-09-28 18:48:00-04:00,2840.10009765625,2840.10009765625,2840.10009765625,2840.0,2840.0,6
2026-09-28 18:49:00-04:00,2840.5,2840.5,2840.5,2840.0,2840.0,10
2026-09-28 18:50:00-04:00,2840.5,2840.5,2840.5,2840.5,2840.5,2
2026-09-28 18:51:00-04:00,2840.39990234375,2840.39990234375,2840.800048828125,2840.39990234375,2840.60009765625,24
2026-09-28 18:54:00-04:00,2840.0,2840.0,2840.0,2840.0,2840.0,1
2026-09-28 18:58:00-04:00,2839.800048828125,2839.800048828125,2840.10009765625,2839.800048828125,2840.10009765625,5
2026-09-28 18:59:00-04:00,2840.39990234375,2840.39990234375,2840.39990234375,2840.10009765625,2840.10009765625,2
2026-09-28 19:00:00-04:00,2840.300048828125,2840.300048828125,2840.39990234375,2840.10009765625,2840.199951171875,7
2026-09-28 19:02:00-04:00,2840.10009765625,2840.10009765625,2840.10009765625,2840.10009765625,2840.10009765625,2
2026-09-28 19:03:00-04:00,2840.199951171875,2840.199951171875,2840.300048828125,2840.199951171875,2840.300048828125,2
2026-09-28 19:05:00-04:00,2840.39990234375,2840.39990234375,2840.39990234375,2840.199951171875,2840.199951171875,3
2026-09-28 19:06:00-04:00,2840.800048828125,2840.800048828125,2840.800048828125,2840.5,2840.5,3
2026-09-28 19:07:00-04:00,2840.800048828125,2840.800048828125,2840.800048828125,2840.60009765625,2840.60009765625,3
2026-09-28 19:08:00-04:00,2840.800048828125,2840.800048828125,2840.800048828125,2840.699951171875,2840.699951171875,6
2026-09-28 19:09:00-04:00,2840.699951171875,2840.699951171875,2840.89990234375,2840.699951171875,2840.89990234375,8
2026-09-28 19:10:00-04:00,2840.800048828125,2840.800048828125,2840.800048828125,2840.800048828125,2840.800048828125,1
2026-09-28 19:12:00-04:00,2840.5,2840.5,2840.5,2840.5,2840.5,3
2026-09-28 19:13:00-04:00,2840.199951171875,2840.199951171875,2840.39990234375,2840.0,2840.39990234375,36
2026-09-28 19:14:00-04:00,2840.10009765625,2840.10009765625,2840.10009765625,2840.0,2840.0,2
2026-09-28 19:15:00-04:00,2840.39990234375,2840.39990234375,2840.39990234375,2840.39990234375,2840.39990234375,1
2026-09-28 19:17:00-04:00,2840.39990234375,2840.39990234375,2840.39990234375,2840.39990234375,2840.39990234375,2
2026-09-28 19:18:00-04:00,2840.60009765625,2840.60009765625,2840.60009765625,2840.10009765625,2840.300048828125,6
2026-09-28 19:19:00-04:00,2840.39990234375,2840.39990234375,2840.60009765625,2840.39990234375,2840.60009765625,4
2026-09-28 19:20:00-04:00,2840.5,2840.5,2840.5,2840.5,2840.5,3
2026-09-28 19:21:00-04:00,2840.60009765625,2840.60009765625,2840.60009765625,2840.5,2840.60009765625,4
2026-09-28 19:22:00-04:00,2840.60009765625,2840.60009765625,2840.60009765625,2840.39990234375,2840.39990234375,4
2026-09-28 19:23:00-04:00,2840.800048828125,2840.800048828125,2840.800048828125,2840.800048828125,2840.800048828125,3
2026-09-28 19:24:00-04:00,2840.800048828125,2840.800048828125,2840.800048828125,2840.800048828125,2840.800048828125,1
2026-09-28 19:25:00-04:00,2840.89990234375,2840.89990234375,2840.89990234375,2840.800048828125,2840.800048828125,3
2026-09-28 19:26:00-04:00,2840.89990234375,2840.89990234375,2841.0,2840.800048828125,2840.800048828125,7
2026-09-28 19:27:00-04:00,2841.10009765625,2841.10009765625,2841.10009765625,2841.0,2841.0,2
2026-09-28 19:28:00-04:00,2841.0,2841.0,2841.199951171875,2841.0,2841.199951171875,3
2026-09-28 19:29:00-04:00,2841.10009765625,2841.10009765625,2841.10009765625,2841.10009765625,2841.10009765625,1
2026-09-28 19:30:00-04:00,2840.89990234375,2840.89990234375,2841.0,2840.89990234375,2841.0,5
2026-09-28 19:31:00-04:00,2840.699951171875,2840.699951171875,2840.89990234375,2840.699951171875,2840.89990234375,8
2026-09-28 19:32:00-04:00,2840.60009765625,2840.60009765625,2840.60009765625,2840.60009765625,2840.60009765625,3
2026-09-28 19:33:00-04:00,2840.60009765625,2840.60009765625,2840.60009765625,2840.60009765625,2840.60009765625,1
2026-09-28 19:34:00-04:00,2840.699951171875,2840.699951171875,2840.699951171875,2840.300048828125,2840.39990234375,22
2026-09-28 19:35:00-04:00,2840.60009765625,2840.60009765625,2840.800048828125,2840.60009765625,2840.800048828125,2
2026-09-28 19:36:00-04:00,2840.300048828125,2840.300048828125,2840.699951171875,2840.300048828125,2840.699951171875,7
2026-09-28 19:39:00-04:00,2840.800048828125,2840.800048828125,2840.89990234375,2840.699951171875,2840.699951171875,6
2026-09-28 19:40:00-04:00,2841.0,2841.0,2841.0,2841.0,2841.0,1
2026-09-28 19:41:00-04:00,2841.0,2841.0,2841.0,2840.800048828125,2840.800048828125,4
2026-09-28 19:42:00-04:00,2840.60009765625,2840.60009765625,2841.0,2840.60009765625,2841.0,3
2026-09-28 19:43:00-04:00,2840.5,2840.5,2840.5,2840.5,2840.5,1
2026-09-28 19:44:00-04:00,2840.39990234375,2840.39990234375,2840.5,2840.39990234375,2840.39990234375,5
2026-09-28 19:45:00-04:00,2839.10009765625,2839.10009765625,2840.5,2839.10009765625,2840.39990234375,38
2026-09-28 19:46:00-04:00,2839.300048828125,2839.300048828125,2839.39990234375,2838.699951171875,2838.89990234375,25
2026-09-28 19:47:00-04:00,2839.300048828125,2839.300048828125,2839.300048828125,2839.199951171875,2839.199951171875,7
2026-09-28 19:48:00-04:00,2838.699951171875,2838.699951171875,2839.199951171875,2838.60009765625,2839.199951171875,8
2026-09-28 19:49:00-04:00,2838.60009765625,2838.60009765625,2838.699951171875,2838.300048828125,2838.300048828125,7
2026-09-28 19:50:00-04:00,2838.699951171875,2838.699951171875,2838.699951171875,2838.39990234375,2838.60009765625,6
2026-09-28 19:51:00-04:00,2839.10009765625,2839.10009765625,2839.10009765625,2838.89990234375,2839.0,8
2026-09-28 19:52:00-04:00,2839.5,2839.5,2839.5,2839.10009765625,2839.10009765625,5
2026-09-28 19:53:00-04:00,2839.60009765625,2839.60009765625,2839.60009765625,2839.60009765625,2839.60009765625,3
2026-09-28 19:54:00-04:00,2840.39990234375,2840.39990234375,2840.39990234375,2839.699951171875,2839.699951171875,7
2026-09-28 19:55:00-04:00,2840.39990234375,2840.39990234375,2840.699951171875,2840.39990234375,2840.699951171875,8
2026-09-28 19:56:00-04:00,2840.199951171875,2840.199951171875,2840.199951171875,2840.199951171875,2840.199951171875,4
2026-09-28 19:57:00-04:00,2840.300048828125,2840.300048828125,2840.5,2840.300048828125,2840.39990234375,5
2026-09-28 19:58:00-04:00,2840.60009765625,2840.60009765625,2840.60009765625,2840.39990234375,2840.39990234375,2
2026-09-28 19:59:00-04:00,2839.5,2839.5,2840.199951171875,2839.39990234375,2840.199951171875,14
2026-09-28 20:00:00-04:00,2839.0,2839.0,2839.89990234375,2839.0,2839.60009765625,40
2026-09-28 20:01:00-04:00,2839.10009765625,2839.10009765625,2839.39990234375,2839.0,2839.10009765625,12
2026-09-28 20:02:00-04:00,2840.60009765625,2840.60009765625,2840.60009765625,2839.5,2839.5,17
2026-09-28 20:03:00-04:00,2839.39990234375,2839.39990234375,2840.199951171875,2839.39990234375,2840.199951171875,10
2026-09-28 20:04:00-04:00,2840.10009765625,2840.10009765625,2840.199951171875,2839.39990234375,2839.39990234375,14
2026-09-28 20:05:00-04:00,2839.89990234375,2839.89990234375,2840.699951171875,2839.89990234375,2840.300048828125,12
2026-09-28 20:06:00-04:00,2839.800048828125,2839.800048828125,2840.300048828125,2839.300048828125,2839.699951171875,23
2026-09-28 20:07:00-04:00,2839.60009765625,2839.60009765625,2839.89990234375,2839.5,2839.89990234375,17
2026-09-28 20:08:00-04:00,2840.10009765625,2840.10009765625,2840.10009765625,2839.39990234375,2839.39990234375,8
2026-09-28 20:09:00-04:00,2840.300048828125,2840.300048828125,2840.300048828125,2839.89990234375,2840.0,9
2026-09-28 20:10:00-04:00,2838.89990234375,2838.89990234375,2839.60009765625,2838.5,2839.60009765625,27
2026-09-28 20:11:00-04:00,2838.89990234375,2838.89990234375,2839.0,2838.5,2838.699951171875,15
2026-09-28 20:12:00-04:00,2839.0,2839.0,2839.10009765625,2838.60009765625,2839.10009765625,23
2026-09-28 20:13:00-04:00,2838.800048828125,2838.800048828125,2839.699951171875,2838.800048828125,2839.10009765625,49
2026-09-28 20:14:00-04:00,2839.39990234375,2839.39990234375,2839.39990234375,2838.60009765625,2838.800048828125,41
2026-09-28 20:15:00-04:00,2837.89990234375,2837.89990234375,2839.60009765625,2837.89990234375,2839.300048828125,24
2026-09-28 20:16:00-04:00,2837.699951171875,2837.699951171875,2838.199951171875,2837.5,2837.89990234375,29
2026-09-28 20:17:00-04:00,2836.60009765625,2836.60009765625,2837.699951171875,2836.300048828125,2837.699951171875,54
2026-09-28 20:18:00-04:00,2836.39990234375,2836.39990234375,2836.5,2835.89990234375,2836.39990234375,44
2026-09-28 20:19:00-04:00,2837.10009765625,2837.10009765625,2837.300048828125,2836.39990234375,2836.39990234375,53
2026-09-28 20:20:00-04:00,2836.89990234375,2836.89990234375,2836.89990234375,2836.39990234375,2836.60009765625,67
2026-09-28 20:21:00-04:00,2836.699951171875,2836.699951171875,2837.10009765625,2836.699951171875,2837.0,16
2026-09-28 20:22:00-04:00,2837.0,2837.0,2837.0,2836.699951171875,2836.699951171875,16
2026-09-28 20:23:00-04:00,2836.699951171875,2836.699951171875,2837.10009765625,2836.39990234375,2837.10009765625,42
2026-09-28 20:24:00-04:00,2837.0,2837.0,2837.199951171875,2836.699951171875,2836.800048828125,10
2026-09-28 20:25:00-04:00,2837.10009765625,2837.10009765625,2837.300048828125,2836.89990234375,2836.89990234375,10
2026-09-28 20:26:00-04:00,2837.60009765625,2837.60009765625,2837.60009765625,2836.89990234375,2837.0,9
2026-09-28 20:27:00-04:00,2837.89990234375,2837.89990234375,2837.89990234375,2837.300048828125,2837.699951171875,20
2026-09-28 20:28:00-04:00,2838.39990234375,2838.39990234375,2838.39990234375,2837.699951171875,2837.89990234375,17
2026-09-28 20:29:00-04:00,2837.699951171875,2837.699951171875,2838.39990234375,2837.60009765625,2838.39990234375,8
2026-09-28 20:30:00-04:00,2837.5,2837.5,2837.89990234375,2837.5,2837.699951171875,13
2026-09-28 20:31:00-04:00,2836.800048828125,2836.800048828125,2837.60009765625,2836.60009765625,2837.39990234375,67
2026-09-28 20:32:00-04:00,2837.300048828125,2837.300048828125,2837.300048828125,2836.5,2836.60009765625,13
2026-09-28 20:33:00-04:00,2837.199951171875,2837.199951171875,2837.199951171875,2836.800048828125,2837.10009765625,13
2026-09-28 20:34:00-04:00,2837.10009765625,2837.10009765625,2837.39990234375,2836.699951171875,2837.199951171875,18
2026-09-28 20:35:00-04:00,2837.10009765625,2837.10009765625,2837.39990234375,2836.89990234375,2836.89990234375,47
2026-09-28 20:36:00-04:00,2837.39990234375,2837.39990234375,2837.39990234375,2836.89990234375,2836.89990234375,11
2026-09-28 20:37:00-04:00,2837.10009765625,2837.10009765625,2837.300048828125,2836.89990234375,2837.300048828125,21
2026-09-28 20:38:00-04:00,2836.699951171875,2836.699951171875,2837.0,2836.699951171875,2837.0,13
2026-09-28 20:39:00-04:00,2836.60009765625,2836.60009765625,2836.800048828125,2836.39990234375,2836.800048828125,13
2026-09-28 20:40:00-04:00,2836.39990234375,2836.39990234375,2836.60009765625,2836.10009765625,2836.5,31
2026-09-28 20:41:00-04:00,2836.800048828125,2836.800048828125,2837.0,2836.39990234375,2836.5,23
2026-09-28 20:42:00-04:00,2837.0,2837.0,2837.199951171875,2836.89990234375,2837.0,17
2026-09-28 20:43:00-04:00,2837.10009765625,2837.10009765625,2837.199951171875,2836.89990234375,2837.10009765625,22
2026-09-28 20:44:00-04:00,2836.800048828125,2836.800048828125,2837.199951171875,2836.800048828125,2837.0,16
2026-09-28 20:45:00-04:00,2836.0,2836.0,2836.699951171875,2835.800048828125,2836.699951171875,32
2026-09-28 20:46:00-04:00,2835.699951171875,2835.699951171875,2835.89990234375,2835.5,2835.89990234375,37
2026-09-28 20:47:00-04:00,2835.89990234375,2835.89990234375,2835.89990234375,2835.699951171875,2835.800048828125,13
2026-09-28 20:48:00-04:00,2836.0,2836.0,2836.199951171875,2835.800048828125,2835.800048828125,17
2026-09-28 20:49:00-04:00,2835.300048828125,2835.300048828125,2836.0,2835.10009765625,2835.89990234375,70
2026-09-28 20:50:00-04:00,2835.199951171875,2835.199951171875,2835.5,2835.199951171875,2835.199951171875,32
2026-09-28 20:51:00-04:00,2835.10009765625,2835.10009765625,2835.60009765625,2834.89990234375,2835.60009765625,29
2026-09-28 20:52:00-04:00,2835.0,2835.0,2835.199951171875,2834.60009765625,2835.199951171875,71
2026-09-28 20:53:00-04:00,2834.89990234375,2834.89990234375,2835.0,2834.800048828125,2835.0,49
2026-09-28 20:54:00-04:00,2835.39990234375,2835.39990234375,2835.39990234375,2835.10009765625,2835.10009765625,13
2026-09-28 20:55:00-04:00,2835.699951171875,2835.699951171875,2835.699951171875,2835.39990234375,2835.39990234375,20
2026-09-28 20:56:00-04:00,2835.89990234375,2835.89990234375,2835.89990234375,2835.699951171875,2835.89990234375,13
2026-09-28 20:57:00-04:00,2835.199951171875,2835.199951171875,2835.800048828125,2835.199951171875,2835.800048828125,7
2026-09-28 20:58:00-04:00,2835.60009765625,2835.60009765625,2835.699951171875,2835.10009765625,2835.300048828125,10
2026-09-28 20:59:00-04:00,2835.0,2835.0,2835.800048828125,2835.0,2835.5,13
2026-09-28 21:00:00-04:00,2835.60009765625,2835.60009765625,2835.699951171875,2834.800048828125,2835.10009765625,13
2026-09-28 21:01:00-04:00,2836.10009765625,2836.10009765625,2836.39990234375,2835.39990234375,2835.89990234375,59
2026-09-28 21:02:00-04:00,2836.800048828125,2836.800048828125,2836.800048828125,2836.199951171875,2836.199951171875,19
2026-09-28 21:03:00-04:00,2836.699951171875,2836.699951171875,2837.0,2836.60009765625,2836.60009765625,17
2026-09-28 21:04:00-04:00,2836.5,2836.5,2837.10009765625,2836.5,2836.60009765625,9
2026-09-28 21:05:00-04:00,2836.5,2836.5,2836.5,2836.0,2836.39990234375,44
2026-09-28 21:06:00-04:00,2836.39990234375,2836.39990234375,2836.60009765625,2836.300048828125,2836.39990234375,14
2026-09-28 21:07:00-04:00,2835.60009765625,2835.60009765625,2836.300048828125,2835.5,2836.300048828125,21
2026-09-28 21:08:00-04:00,2835.60009765625,2835.60009765625,2836.0,2835.60009765625,2835.699951171875,8
2026-09-28 21:09:00-04:00,2836.60009765625,2836.60009765625,2836.699951171875,2835.699951171875,2835.699951171875,14
2026-09-28 21:10:00-04:00,2836.300048828125,2836.300048828125,2836.5,2836.10009765625,2836.5,9
2026-09-28 21:11:00-04:00,2835.699951171875,2835.699951171875,2836.300048828125,2835.699951171875,2836.10009765625,20
2026-09-28 21:12:00-04:00,2836.800048828125,2836.800048828125,2836.800048828125,2835.800048828125,2835.800048828125,34
2026-09-28 21:13:00-04:00,2836.39990234375,2836.39990234375,2836.800048828125,2836.300048828125,2836.800048828125,12
2026-09-28 21:14:00-04:00,2836.0,2836.0,2836.60009765625,2836.0,2836.199951171875,41
2026-09-28 21:15:00-04:00,2836.199951171875,2836.199951171875,2836.39990234375,2835.800048828125,2835.89990234375,36
2026-09-28 21:16:00-04:00,2835.699951171875,2835.699951171875,2836.300048828125,2835.699951171875,2836.199951171875,17
2026-09-28 21:17:00-04:00,2834.800048828125,2834.800048828125,2835.60009765625,2834.800048828125,2835.5,23
2026-09-28 21:18:00-04:00,2834.89990234375,2834.89990234375,2835.0,2834.5,2835.0,31
2026-09-28 21:19:00-04:00,2834.0,2834.0,2834.699951171875,2834.0,2834.699951171875,65
2026-09-28 21:20:00-04:00,2835.199951171875,2835.199951171875,2835.300048828125,2834.10009765625,2834.10009765625,84
2026-09-28 21:21:00-04:00,2835.60009765625,2835.60009765625,2835.60009765625,2835.10009765625,2835.39990234375,22
2026-09-28 21:22:00-04:00,2835.300048828125,2835.300048828125,2835.800048828125,2835.300048828125,2835.60009765625,20
2026-09-28 21:23:00-04:00,2835.39990234375,2835.39990234375,2835.800048828125,2835.39990234375,2835.60009765625,10
2026-09-28 21:24:00-04:00,2835.5,2835.5,2835.800048828125,2835.5,2835.5,24
2026-09-28 21:25:00-04:00,2835.60009765625,2835.60009765625,2835.60009765625,2835.10009765625,2835.39990234375,7
2026-09-28 21:26:00-04:00,2834.699951171875,2834.699951171875,2835.89990234375,2834.699951171875,2835.699951171875,10
2026-09-28 21:27:00-04:00,2834.699951171875,2834.699951171875,2834.89990234375,2834.60009765625,2834.800048828125,16
2026-09-28 21:28:00-04:00,2834.89990234375,2834.89990234375,2834.89990234375,2834.60009765625,2834.800048828125,12
2026-09-28 21:29:00-04:00,2835.199951171875,2835.199951171875,2835.199951171875,2834.699951171875,2834.800048828125,8
2026-09-28 21:30:00-04:00,2836.10009765625,2836.10009765625,2836.300048828125,2834.89990234375,2835.10009765625,21
2026-09-28 21:31:00-04:00,2835.89990234375,2835.89990234375,2836.5,2835.800048828125,2836.199951171875,46
2026-09-28 21:32:00-04:00,2835.60009765625,2835.60009765625,2835.60009765625,2835.0,2835.300048828125,11
2026-09-28 21:33:00-04:00,2835.300048828125,2835.300048828125,2835.60009765625,2835.199951171875,2835.60009765625,7
2026-09-28 21:34:00-04:00,2834.60009765625,2834.60009765625,2835.10009765625,2834.5,2834.89990234375,28
2026-09-28 21:35:00-04:00,2834.5,2834.5,2834.699951171875,2834.199951171875,2834.699951171875,21
2026-09-28 21:36:00-04:00,2834.199951171875,2834.199951171875,2834.5,2833.89990234375,2834.5,16
2026-09-28 21:37:00-04:00,2834.39990234375,2834.39990234375,2834.39990234375,2833.800048828125,2834.10009765625,17
2026-09-28 21:38:00-04:00,2833.89990234375,2833.89990234375,2834.0,2833.89990234375,2833.89990234375,5
2026-09-28 21:39:00-04:00,2833.89990234375,2833.89990234375,2834.10009765625,2833.89990234375,2834.0,7
2026-09-28 21:40:00-04:00,2833.800048828125,2833.800048828125,2833.800048828125,2833.300048828125,2833.800048828125,42
2026-09-28 21:41:00-04:00,2833.60009765625,2833.60009765625,2833.800048828125,2833.5,2833.800048828125,17
2026-09-28 21:42:00-04:00,2833.60009765625,2833.60009765625,2834.0,2833.60009765625,2833.699951171875,15
2026-09-28 21:43:00-04:00,2833.199951171875,2833.199951171875,2833.699951171875,2833.199951171875,2833.60009765625,5
2026-09-28 21:44:00-04:00,2833.60009765625,2833.60009765625,2833.60009765625,2833.199951171875,2833.5,7
2026-09-28 21:45:00-04:00,2834.199951171875,2834.199951171875,2834.199951171875,2833.5,2833.60009765625,19
2026-09-28 21:46:00-04:00,2833.89990234375,2833.89990234375,2834.300048828125,2833.89990234375,2834.300048828125,9
2026-09-28 21:47:00-04:00,2833.89990234375,2833.89990234375,2833.89990234375,2833.800048828125,2833.89990234375,15
2026-09-28 21:48:00-04:00,2833.699951171875,2833.699951171875,2833.89990234375,2833.699951171875,2833.699951171875,5
2026-09-28 21:49:00-04:00,2833.39990234375,2833.39990234375,2833.800048828125,2833.300048828125,2833.39990234375,13
2026-09-28 21:50:00-04:00,2833.39990234375,2833.39990234375,2833.60009765625,2833.39990234375,2833.5,6
2026-09-28 21:51:00-04:00,2833.60009765625,2833.60009765625,2833.89990234375,2833.39990234375,2833.39990234375,10
2026-09-28 21:52:00-04:00,2834.0,2834.0,2834.199951171875,2833.39990234375,2833.5,27
2026-09-28 21:53:00-04:00,2833.89990234375,2833.89990234375,2834.60009765625,2833.89990234375,2834.5,15
2026-09-28 21:54:00-04:00,2834.0,2834.0,2834.10009765625,2834.0,2834.10009765625,2
2026-09-28 21:55:00-04:00,2833.89990234375,2833.89990234375,2834.0,2833.800048828125,2834.0,6
2026-09-28 21:56:00-04:00,2834.800048828125,2834.800048828125,2834.800048828125,2834.0,2834.0,14
2026-09-28 21:57:00-04:00,2834.60009765625,2834.60009765625,2834.60009765625,2834.60009765625,2834.60009765625,4
2026-09-28 21:58:00-04:00,2834.60009765625,2834.60009765625,2834.800048828125,2834.5,2834.60009765625,5
2026-09-28 21:59:00-04:00,2834.60009765625,2834.60009765625,2834.800048828125,2834.60009765625,2834.699951171875,3
2026-09-28 22:00:00-04:00,2835.10009765625,2835.10009765625,2835.10009765625,2834.89990234375,2835.0,15
2026-09-28 22:01:00-04:00,2834.699951171875,2834.699951171875,2835.0,2834.5,2835.0,16
2026-09-28 22:02:00-04:00,2834.699951171875,2834.699951171875,2834.800048828125,2834.699951171875,2834.699951171875,7
2026-09-28 22:03:00-04:00,2834.800048828125,2834.800048828125,2834.89990234375,2834.800048828125,2834.800048828125,5
2026-09-28 22:04:00-04:00,2835.10009765625,2835.10009765625,2835.199951171875,2834.800048828125,2834.800048828125,20
2026-09-28 22:05:00-04:00,2835.10009765625,2835.10009765625,2835.199951171875,2834.89990234375,2834.89990234375,7
2026-09-28 22:06:00-04:00,2834.5,2834.5,2834.89990234375,2834.5,2834.89990234375,2
2026-09-28 22:07:00-04:00,2834.5,2834.5,2834.60009765625,2834.39990234375,2834.39990234375,3
2026-09-28 22:08:00-04:00,2834.699951171875,2834.699951171875,2834.699951171875,2834.300048828125,2834.300048828125,5
2026-09-28 22:09:00-04:00,2834.5,2834.5,2834.60009765625,2834.39990234375,2834.39990234375,3
2026-09-28 22:10:00-04:00,2834.199951171875,2834.199951171875,2834.60009765625,2834.199951171875,2834.5,33
2026-09-28 22:11:00-04:00,2834.300048828125,2834.300048828125,2834.5,2834.300048828125,2834.300048828125,8
2026-09-28 22:12:00-04:00,2834.89990234375,2834.89990234375,2835.10009765625,2834.199951171875,2834.199951171875,19
2026-09-28 22:13:00-04:00,2835.699951171875,2835.699951171875,2835.699951171875,2834.800048828125,2835.0,7
2026-09-28 22:14:00-04:00,2835.300048828125,2835.300048828125,2836.0,2835.300048828125,2835.800048828125,17
2026-09-28 22:15:00-04:00,2835.0,2835.0,2835.300048828125,2834.89990234375,2835.300048828125,18
2026-09-28 22:16:00-04:00,2835.10009765625,2835.10009765625,2835.10009765625,2834.800048828125,2835.0,4
2026-09-28 22:17:00-04:00,2834.89990234375,2834.89990234375,2835.10009765625,2834.800048828125,2835.10009765625,5
2026-09-28 22:18:00-04:00,2836.5,2836.5,2836.60009765625,2835.60009765625,2835.60009765625,79
2026-09-28 22:19:00-04:00,2836.39990234375,2836.39990234375,2836.5,2836.300048828125,2836.300048828125,14
2026-09-28 22:20:00-04:00,2835.800048828125,2835.800048828125,2836.39990234375,2835.800048828125,2836.39990234375,17
2026-09-28 22:21:00-04:00,2835.0,2835.0,2835.5,2835.0,2835.5,8
2026-09-28 22:22:00-04:00,2834.800048828125,2834.800048828125,2834.800048828125,2834.39990234375,2834.800048828125,12
2026-09-28 22:23:00-04:00,2835.39990234375,2835.39990234375,2835.5,2835.0,2835.0,13
2026-09-28 22:24:00-04:00,2835.39990234375,2835.39990234375,2835.39990234375,2835.300048828125,2835.300048828125,2
2026-09-28 22:25:00-04:00,2834.800048828125,2834.800048828125,2835.0,2834.699951171875,2835.0,6
2026-09-28 22:26:00-04:00,2834.800048828125,2834.800048828125,2835.10009765625,2834.800048828125,2835.10009765625,12
2026-09-28 22:27:00-04:00,2834.699951171875,2834.699951171875,2834.699951171875,2834.699951171875,2834.699951171875,1
2026-09-28 22:28:00-04:00,2834.60009765625,2834.60009765625,2834.699951171875,2834.39990234375,2834.39990234375,8
2026-09-28 22:29:00-04:00,2835.0,2835.0,2835.199951171875,2834.60009765625,2834.60009765625,13
2026-09-28 22:30:00-04:00,2835.10009765625,2835.10009765625,2835.39990234375,2835.10009765625,2835.39990234375,5
2026-09-28 22:31:00-04:00,2834.699951171875,2834.699951171875,2834.89990234375,2834.60009765625,2834.89990234375,10
2026-09-28 22:32:00-04:00,2834.0,2834.0,2834.199951171875,2833.89990234375,2834.199951171875,17
2026-09-28 22:33:00-04:00,2834.0,2834.0,2834.0,2833.699951171875,2833.699951171875,8
2026-09-28 22:34:00-04:00,2834.5,2834.5,2834.60009765625,2834.300048828125,2834.300048828125,11
2026-09-28 22:35:00-04:00,2834.199951171875,2834.199951171875,2834.39990234375,2834.10009765625,2834.39990234375,6
2026-09-28 22:36:00-04:00,2834.199951171875,2834.199951171875,2834.39990234375,2834.10009765625,2834.300048828125,8
2026-09-28 22:37:00-04:00,2834.199951171875,2834.199951171875,2834.300048828125,2834.199951171875,2834.199951171875,26
2026-09-28 22:38:00-04:00,2834.89990234375,2834.89990234375,2834.89990234375,2834.39990234375,2834.39990234375,9
2026-09-28 22:39:00-04:00,2835.199951171875,2835.199951171875,2835.300048828125,2835.10009765625,2835.10009765625,6
2026-09-28 22:40:00-04:00,2834.800048828125,2834.800048828125,2835.0,2834.800048828125,2835.0,4
2026-09-28 22:41:00-04:00,2834.699951171875,2834.699951171875,2834.699951171875,2834.5,2834.60009765625,8
2026-09-28 22:42:00-04:00,2833.89990234375,2833.89990234375,2834.89990234375,2833.89990234375,2834.89990234375,32
2026-09-28 22:43:00-04:00,2833.800048828125,2833.800048828125,2833.800048828125,2833.800048828125,2833.800048828125,1
2026-09-28 22:44:00-04:00,2834.199951171875,2834.199951171875,2834.199951171875,2834.199951171875,2834.199951171875,2
2026-09-28 22:45:00-04:00,2834.0,2834.0,2834.0,2834.0,2834.0,1
2026-09-28 22:46:00-04:00,2834.60009765625,2834.60009765625,2834.60009765625,2834.60009765625,2834.60009765625,1
2026-09-28 22:48:00-04:00,2834.10009765625,2834.10009765625,2834.10009765625,2834.10009765625,2834.10009765625,2
2026-09-28 22:49:00-04:00,2833.5,2833.5,2833.89990234375,2833.5,2833.89990234375,24
2026-09-28 22:50:00-04:00,2833.60009765625,2833.60009765625,2833.60009765625,2833.39990234375,2833.5,105
2026-09-28 22:51:00-04:00,2832.10009765625,2832.10009765625,2833.300048828125,2832.10009765625,2833.300048828125,38
2026-09-28 22:52:00-04:00,2831.89990234375,2831.89990234375,2832.199951171875,2831.699951171875,2832.0,28
2026-09-28 22:53:00-04:00,2831.60009765625,2831.60009765625,2831.89990234375,2831.60009765625,2831.89990234375,27
2026-09-28 22:54:00-04:00,2831.60009765625,2831.60009765625,2831.60009765625,2831.39990234375,2831.60009765625,9
2026-09-28 22:55:00-04:00,2831.39990234375,2831.39990234375,2832.0,2831.39990234375,2831.800048828125,12
2026-09-28 22:56:00-04:00,2831.800048828125,2831.800048828125,2831.800048828125,2831.60009765625,2831.60009765625,5
2026-09-28 22:57:00-04:00,2832.39990234375,2832.39990234375,2832.5,2832.199951171875,2832.199951171875,7
2026-09-28 22:58:00-04:00,2832.60009765625,2832.60009765625,2832.60009765625,2832.5,2832.5,4
2026-09-28 22:59:00-04:00,2832.5,2832.5,2832.5,2832.5,2832.5,1
2026-09-28 23:00:00-04:00,2833.300048828125,2833.300048828125,2833.300048828125,2832.800048828125,2832.800048828125,3
2026-09-28 23:01:00-04:00,2833.800048828125,2833.800048828125,2833.800048828125,2833.39990234375,2833.39990234375,5
2026-09-28 23:02:00-04:00,2833.39990234375,2833.39990234375,2833.39990234375,2833.39990234375,2833.39990234375,2
2026-09-28 23:03:00-04:00,2832.89990234375,2832.89990234375,2833.39990234375,2832.89990234375,2833.39990234375,4
2026-09-28 23:04:00-04:00,2831.89990234375,2831.89990234375,2832.699951171875,2831.699951171875,2832.699951171875,23
2026-09-28 23:05:00-04:00,2831.5,2831.5,2831.89990234375,2831.5,2831.89990234375,13
2026-09-28 23:06:00-04:00,2832.0,2832.0,2832.0,2831.60009765625,2831.60009765625,14
2026-09-28 23:07:00-04:00,2831.89990234375,2831.89990234375,2832.10009765625,2831.800048828125,2831.89990234375,12
2026-09-28 23:08:00-04:00,2831.699951171875,2831.699951171875,2832.300048828125,2831.699951171875,2831.800048828125,3
2026-09-28 23:09:00-04:00,2831.800048828125,2831.800048828125,2831.800048828125,2831.39990234375,2831.39990234375,8
2026-09-28 23:10:00-04:00,2831.699951171875,2831.699951171875,2831.800048828125,2831.699951171875,2831.699951171875,6
2026-09-28 23:11:00-04:00,2831.89990234375,2831.89990234375,2831.89990234375,2831.89990234375,2831.89990234375,5
2026-09-28 23:12:00-04:00,2831.699951171875,2831.699951171875,2832.10009765625,2831.699951171875,2831.699951171875,18
2026-09-28 23:13:00-04:00,2831.300048828125,2831.300048828125,2831.60009765625,2831.199951171875,2831.60009765625,44
2026-09-28 23:14:00-04:00,2831.5,2831.5,2831.699951171875,2831.10009765625,2831.300048828125,57
2026-09-28 23:15:00-04:00,2831.60009765625,2831.60009765625,2831.60009765625,2831.300048828125,2831.5,38
2026-09-28 23:16:00-04:00,2831.800048828125,2831.800048828125,2831.800048828125,2831.5,2831.5,16
2026-09-28 23:17:00-04:00,2832.199951171875,2832.199951171875,2832.199951171875,2831.699951171875,2831.699951171875,6
2026-09-28 23:18:00-04:00,2832.800048828125,2832.800048828125,2832.800048828125,2832.10009765625,2832.199951171875,10
2026-09-28 23:19:00-04:00,2833.300048828125,2833.300048828125,2833.5,2832.5,2832.5,34
2026-09-28 23:20:00-04:00,2833.89990234375,2833.89990234375,2834.10009765625,2833.39990234375,2833.39990234375,36
2026-09-28 23:21:00-04:00,2833.89990234375,2833.89990234375,2834.5,2833.89990234375,2834.0,26
2026-09-28 23:22:00-04:00,2833.800048828125,2833.800048828125,2833.800048828125,2833.800048828125,2833.800048828125,2
2026-09-28 23:23:00-04:00,2834.10009765625,2834.10009765625,2834.39990234375,2833.89990234375,2833.89990234375,9
2026-09-28 23:24:00-04:00,2834.199951171875,2834.199951171875,2834.5,2834.199951171875,2834.300048828125,11
2026-09-28 23:25:00-04:00,2834.199951171875,2834.199951171875,2834.199951171875,2834.0,2834.10009765625,12
2026-09-28 23:26:00-04:00,2834.300048828125,2834.300048828125,2834.39990234375,2834.300048828125,2834.300048828125,9
2026-09-28 23:27:00-04:00,2834.10009765625,2834.10009765625,2834.10009765625,2833.800048828125,2834.0,9
2026-09-28 23:28:00-04:00,2834.300048828125,2834.300048828125,2834.300048828125,2833.89990234375,2834.0,6
2026-09-28 23:29:00-04:00,2834.199951171875,2834.199951171875,2834.199951171875,2834.10009765625,2834.10009765625,3
2026-09-28 23:30:00-04:00,2832.800048828125,2832.800048828125,2833.5,2832.800048828125,2833.300048828125,12
2026-09-28 23:31:00-04:00,2833.800048828125,2833.800048828125,2833.89990234375,2833.39990234375,2833.39990234375,31
2026-09-28 23:32:00-04:00,2833.60009765625,2833.60009765625,2833.60009765625,2833.5,2833.60009765625,5
2026-09-28 23:33:00-04:00,2833.5,2833.5,2833.5,2833.199951171875,2833.5,4
2026-09-28 23:34:00-04:00,2833.5,2833.5,2833.60009765625,2833.199951171875,2833.39990234375,12
2026-09-28 23:35:00-04:00,2833.300048828125,2833.300048828125,2833.699951171875,2833.300048828125,2833.60009765625,9
2026-09-28 23:36:00-04:00,2833.699951171875,2833.699951171875,2833.699951171875,2832.800048828125,2832.89990234375,12
2026-09-28 23:37:00-04:00,2833.39990234375,2833.39990234375,2833.800048828125,2833.300048828125,2833.800048828125,7
2026-09-28 23:38:00-04:00,2833.5,2833.5,2833.60009765625,2833.39990234375,2833.39990234375,6
2026-09-28 23:39:00-04:00,2833.39990234375,2833.39990234375,2833.39990234375,2833.300048828125,2833.300048828125,2
2026-09-28 23:40:00-04:00,2833.5,2833.5,2833.60009765625,2833.39990234375,2833.39990234375,7
2026-09-28 23:41:00-04:00,2834.300048828125,2834.300048828125,2834.300048828125,2833.699951171875,2833.800048828125,16
2026-09-28 23:42:00-04:00,2834.60009765625,2834.60009765625,2834.60009765625,2834.39990234375,2834.39990234375,5
2026-09-28 23:44:00-04:00,2833.39990234375,2833.39990234375,2834.199951171875,2833.39990234375,2834.199951171875,3
2026-09-28 23:45:00-04:00,2833.39990234375,2833.39990234375,2833.60009765625,2833.39990234375,2833.60009765625,5
2026-09-28 23:46:00-04:00,2833.10009765625,2833.10009765625,2833.10009765625,2833.10009765625,2833.10009765625,1
2026-09-28 23:47:00-04:00,2833.10009765625,2833.10009765625,2833.10009765625,2833.10009765625,2833.10009765625,1
2026-09-28 23:50:00-04:00,2832.300048828125,2832.300048828125,2832.699951171875,2832.300048828125,2832.699951171875,18
2026-09-28 23:51:00-04:00,2831.89990234375,2831.89990234375,2832.300048828125,2831.89990234375,2832.0,22
2026-09-28 23:52:00-04:00,2832.0,2832.0,2832.0,2832.0,2832.0,1
2026-09-28 23:53:00-04:00,2831.800048828125,2831.800048828125,2832.199951171875,2831.800048828125,2831.89990234375,11
2026-09-28 23:54:00-04:00,2831.39990234375,2831.39990234375,2831.60009765625,2831.39990234375,2831.5,12
2026-09-28 23:55:00-04:00,2831.10009765625,2831.10009765625,2831.199951171875,2830.800048828125,2831.199951171875,16
2026-09-28 23:56:00-04:00,2830.5,2830.5,2830.89990234375,2830.300048828125,2830.89990234375,11
2026-09-28 23:57:00-04:00,2830.199951171875,2830.199951171875,2830.5,2830.10009765625,2830.39990234375,22
2026-09-28 23:58:00-04:00,2829.60009765625,2829.60009765625,2830.0,2829.300048828125,2830.0,36
2026-09-29 00:09:00-04:00,2830.39990234375,2830.39990234375,2830.39990234375,2830.300048828125,2830.300048828125,3
2026-09-29 00:10:00-04:00,2830.5,2830.5,2830.5,2830.39990234375,2830.39990234375,4
2026-09-29 00:11:00-04:00,2830.300048828125,2830.300048828125,2830.300048828125,2830.300048828125,2830.300048828125,1
2026-09-29 00:12:00-04:00,2830.0,2830.0,2830.0,2830.0,2830.0,1
2026-09-29 00:13:00-04:00,2830.0,2830.0,2830.10009765625,2830.0,2830.0,5
2026-09-29 00:14:00-04:00,2830.0,2830.0,2830.0,2830.0,2830.0,3
2026-09-29 00:15:00-04:00,2830.0,2830.0,2830.0,2829.699951171875,2829.699951171875,3
2026-09-29 00:18:00-04:00,2830.300048828125,2830.300048828125,2830.300048828125,2829.89990234375,2829.89990234375,15
2026-09-29 00:19:00-04:00,2830.39990234375,2830.39990234375,2830.39990234375,2830.199951171875,2830.199951171875,12
2026-09-29 00:20:00-04:00,2830.5,2830.5,2830.5,2830.199951171875,2830.300048828125,4
2026-09-29 00:21:00-04:00,2830.60009765625,2830.60009765625,2830.60009765625,2830.39990234375,2830.39990234375,2
2026-09-29 00:22:00-04:00,2830.39990234375,2830.39990234375,2830.60009765625,2830.39990234375,2830.39990234375,10
2026-09-29 00:23:00-04:00,2830.300048828125,2830.300048828125,2830.39990234375,2830.300048828125,2830.39990234375,2
2026-09-29 00:24:00-04:00,2830.300048828125,2830.300048828125,2830.300048828125,2830.300048828125,2830.300048828125,1
2026-09-29 00:25:00-04:00,2830.800048828125,2830.800048828125,2830.800048828125,2830.699951171875,2830.699951171875,3
2026-09-29 00:26:00-04:00,2830.39990234375,2830.39990234375,2830.39990234375,2830.39990234375,2830.39990234375,1
2026-09-29 00:29:00-04:00,2830.0,2830.0,2830.300048828125,2830.0,2830.300048828125,2
2026-09-29 00:30:00-04:00,2829.89990234375,2829.89990234375,2830.10009765625,2829.5,2829.89990234375,30
2026-09-29 00:31:00-04:00,2829.5,2829.5,2829.699951171875,2829.199951171875,2829.699951171875,29
2026-09-29 00:32:00-04:00,2829.5,2829.5,2829.5,2829.5,2829.5,1
2026-09-29 00:33:00-04:00,2829.699951171875,2829.699951171875,2829.699951171875,2829.5,2829.60009765625,4
2026-09-29 00:34:00-04:00,2830.199951171875,2830.199951171875,2830.199951171875,2830.199951171875,2830.199951171875,1
2026-09-29 00:35:00-04:00,2829.60009765625,2829.60009765625,2830.10009765625,2829.60009765625,2830.10009765625,3
2026-09-29 00:36:00-04:00,2829.60009765625,2829.60009765625,2829.699951171875,2829.60009765625,2829.699951171875,2
2026-09-29 00:37:00-04:00,2829.800048828125,2829.800048828125,2829.800048828125,2829.800048828125,2829.800048828125,2
2026-09-29 00:38:00-04:00,2829.800048828125,2829.800048828125,2829.89990234375,2829.800048828125,2829.89990234375,2
2026-09-29 00:39:00-04:00,2829.5,2829.5,2829.5,2829.5,2829.5,1
2026-09-29 00:40:00-04:00,2829.300048828125,2829.300048828125,2829.39990234375,2829.10009765625,2829.39990234375,6
2026-09-29 00:41:00-04:00,2829.60009765625,2829.60009765625,2829.60009765625,2829.39990234375,2829.39990234375,7
2026-09-29 00:42:00-04:00,2829.39990234375,2829.39990234375,2829.39990234375,2829.10009765625,2829.300048828125,12
2026-09-29 00:43:00-04:00,2829.5,2829.5,2829.5,2829.5,2829.5,3
2026-09-29 00:44:00-04:00,2829.39990234375,2829.39990234375,2829.39990234375,2829.39990234375,2829.39990234375,1
2026-09-29 00:45:00-04:00,2829.5,2829.5,2829.5,2829.300048828125,2829.300048828125,10
2026-09-29 00:46:00-04:00,2829.300048828125,2829.300048828125,2829.300048828125,2829.300048828125,2829.300048828125,2
2026-09-29 00:47:00-04:00,2829.199951171875,2829.199951171875,2829.199951171875,2829.0,2829.0,3
2026-09-29 00:48:00-04:00,2828.89990234375,2828.89990234375,2829.0,2828.699951171875,2829.0,9
2026-09-29 00:49:00-04:00,2829.300048828125,2829.300048828125,2829.5,2829.199951171875,2829.39990234375,4
2026-09-29 00:50:00-04:00,2829.10009765625,2829.10009765625,2829.300048828125,2829.10009765625,2829.300048828125,7
2026-09-29 00:51:00-04:00,2829.5,2829.5,2829.5,2829.199951171875,2829.199951171875,7
2026-09-29 00:52:00-04:00,2829.300048828125,2829.300048828125,2829.800048828125,2829.300048828125,2829.5,7
2026-09-29 00:53:00-04:00,2829.199951171875,2829.199951171875,2829.5,2829.10009765625,2829.5,5
2026-09-29 00:54:00-04:00,2829.0,2829.0,2829.10009765625,2828.89990234375,2828.89990234375,11
2026-09-29 00:55:00-04:00,2829.10009765625,2829.10009765625,2829.10009765625,2828.699951171875,2828.699951171875,3
2026-09-29 00:56:00-04:00,2828.60009765625,2828.60009765625,2829.0,2828.60009765625,2828.89990234375,7
2026-09-29 00:57:00-04:00,2828.800048828125,2828.800048828125,2828.800048828125,2828.39990234375,2828.60009765625,16
2026-09-29 00:58:00-04:00,2828.60009765625,2828.60009765625,2828.699951171875,2828.5,2828.699951171875,3
2026-09-29 00:59:00-04:00,2828.39990234375,2828.39990234375,2828.60009765625,2828.39990234375,2828.60009765625,2
2026-09-29 01:00:00-04:00,2829.39990234375,2829.39990234375,2829.5,2828.5,2828.5,11
2026-09-29 01:01:00-04:00,2829.39990234375,2829.39990234375,2829.5,2829.39990234375,2829.39990234375,5
2026-09-29 01:02:00-04:00,2829.5,2829.5,2829.60009765625,2829.5,2829.5,4
2026-09-29 01:03:00-04:00,2829.0,2829.0,2829.5,2828.89990234375,2829.5,13
2026-09-29 01:04:00-04:00,2829.199951171875,2829.199951171875,2829.199951171875,2829.199951171875,2829.199951171875,1
2026-09-29 01:05:00-04:00,2828.800048828125,2828.800048828125,2828.800048828125,2828.800048828125,2828.800048828125,1
2026-09-29 01:06:00-04:00,2828.199951171875,2828.199951171875,2828.89990234375,2827.800048828125,2828.800048828125,44
2026-09-29 01:07:00-04:00,2828.60009765625,2828.60009765625,2828.60009765625,2828.10009765625,2828.199951171875,9
2026-09-29 01:08:00-04:00,2828.800048828125,2828.800048828125,2828.800048828125,2828.60009765625,2828.699951171875,22
2026-09-29 01:09:00-04:00,2828.89990234375,2828.89990234375,2829.10009765625,2828.89990234375,2829.10009765625,9
2026-09-29 01:10:00-04:00,2827.800048828125,2827.800048828125,2828.60009765625,2827.60009765625,2828.5,29
2026-09-29 01:11:00-04:00,2828.60009765625,2828.60009765625,2828.60009765625,2828.10009765625,2828.10009765625,26
2026-09-29 01:12:00-04:00,2828.699951171875,2828.699951171875,2829.0,2828.699951171875,2828.800048828125,28
2026-09-29 01:13:00-04:00,2828.60009765625,2828.60009765625,2828.699951171875,2828.60009765625,2828.699951171875,3
2026-09-29 01:14:00-04:00,2828.800048828125,2828.800048828125,2828.800048828125,2828.5,2828.5,4
2026-09-29 01:15:00-04:00,2828.60009765625,2828.60009765625,2829.10009765625,2828.5,2828.89990234375,15
2026-09-29 01:16:00-04:00,2828.89990234375,2828.89990234375,2828.89990234375,2828.5,2828.60009765625,9
2026-09-29 01:17:00-04:00,2829.39990234375,2829.39990234375,2829.39990234375,2829.39990234375,2829.39990234375,1
2026-09-29 01:18:00-04:00,2829.60009765625,2829.60009765625,2829.699951171875,2829.39990234375,2829.699951171875,8
2026-09-29 01:19:00-04:00,2829.39990234375,2829.39990234375,2830.0,2829.39990234375,2829.800048828125,7
2026-09-29 01:20:00-04:00,2829.10009765625,2829.10009765625,2829.39990234375,2829.0,2829.300048828125,13
2026-09-29 01:21:00-04:00,2829.199951171875,2829.199951171875,2829.39990234375,2829.199951171875,2829.300048828125,4
2026-09-29 01:22:00-04:00,2828.89990234375,2828.89990234375,2829.199951171875,2828.89990234375,2828.89990234375,8
2026-09-29 01:23:00-04:00,2828.89990234375,2828.89990234375,2829.0,2828.800048828125,2828.89990234375,12
2026-09-29 01:24:00-04:00,2828.699951171875,2828.699951171875,2828.89990234375,2828.699951171875,2828.800048828125,7
2026-09-29 01:25:00-04:00,2828.10009765625,2828.10009765625,2828.60009765625,2828.10009765625,2828.60009765625,4
2026-09-29 01:26:00-04:00,2827.800048828125,2827.800048828125,2828.0,2827.699951171875,2828.0,8
2026-09-29 01:27:00-04:00,2827.39990234375,2827.39990234375,2827.800048828125,2827.300048828125,2827.800048828125,27
2026-09-29 01:28:00-04:00,2827.699951171875,2827.699951171875,2827.800048828125,2827.300048828125,2827.300048828125,11
2026-09-29 01:29:00-04:00,2827.699951171875,2827.699951171875,2827.89990234375,2827.699951171875,2827.89990234375,5
2026-09-29 01:30:00-04:00,2826.800048828125,2826.800048828125,2827.39990234375,2826.5,2827.39990234375,56
2026-09-29 01:31:00-04:00,2825.800048828125,2825.800048828125,2826.5,2825.800048828125,2826.39990234375,45
2026-09-29 01:32:00-04:00,2825.60009765625,2825.60009765625,2826.10009765625,2825.60009765625,2825.60009765625,20
2026-09-29 01:33:00-04:00,2825.0,2825.0,2825.5,2824.60009765625,2825.5,61
2026-09-29 01:34:00-04:00,2824.699951171875,2824.699951171875,2825.199951171875,2824.60009765625,2825.10009765625,24
2026-09-29 01:35:00-04:00,2823.89990234375,2823.89990234375,2825.0,2823.89990234375,2825.0,61
2026-09-29 01:36:00-04:00,2824.5,2824.5,2824.800048828125,2824.199951171875,2824.39990234375,23
2026-09-29 01:37:00-04:00,2824.199951171875,2824.199951171875,2824.5,2823.89990234375,2824.300048828125,31
2026-09-29 01:38:00-04:00,2825.199951171875,2825.199951171875,2825.199951171875,2824.300048828125,2824.300048828125,11
2026-09-29 01:39:00-04:00,2827.39990234375,2827.39990234375,2827.39990234375,2825.39990234375,2825.39990234375,18
2026-09-29 01:40:00-04:00,2827.199951171875,2827.199951171875,2827.89990234375,2827.199951171875,2827.699951171875,13
2026-09-29 01:41:00-04:00,2827.5,2827.5,2827.5,2826.800048828125,2827.0,22
2026-09-29 01:42:00-04:00,2827.300048828125,2827.300048828125,2827.300048828125,2826.89990234375,2827.10009765625,31
2026-09-29 01:43:00-04:00,2828.60009765625,2828.60009765625,2828.60009765625,2827.0,2827.5,40
2026-09-29 01:44:00-04:00,2827.89990234375,2827.89990234375,2829.5,2827.89990234375,2829.0,27
2026-09-29 01:45:00-04:00,2827.89990234375,2827.89990234375,2828.39990234375,2827.800048828125,2827.800048828125,22
2026-09-29 01:46:00-04:00,2827.800048828125,2827.800048828125,2828.0,2827.699951171875,2827.89990234375,8
2026-09-29 01:47:00-04:00,2828.0,2828.0,2828.199951171875,2827.39990234375,2827.800048828125,11
2026-09-29 01:48:00-04:00,2828.800048828125,2828.800048828125,2829.0,2828.10009765625,2828.10009765625,17
2026-09-29 01:49:00-04:00,2829.800048828125,2829.800048828125,2829.800048828125,2829.10009765625,2829.10009765625,32
2026-09-29 01:50:00-04:00,2829.699951171875,2829.699951171875,2830.10009765625,2829.5,2829.5,36
2026-09-29 01:51:00-04:00,2829.39990234375,2829.39990234375,2830.10009765625,2828.89990234375,2830.0,18
2026-09-29 01:52:00-04:00,2829.800048828125,2829.800048828125,2830.199951171875,2829.60009765625,2829.60009765625,27
2026-09-29 01:53:00-04:00,2830.0,2830.0,2830.0,2829.60009765625,2829.699951171875,5
2026-09-29 01:54:00-04:00,2830.0,2830.0,2830.0,2830.0,2830.0,1
2026-09-29 01:55:00-04:00,2830.300048828125,2830.300048828125,2830.300048828125,2830.0,2830.10009765625,4
2026-09-29 01:56:00-04:00,2830.199951171875,2830.199951171875,2830.5,2829.89990234375,2830.300048828125,6
2026-09-29 01:57:00-04:00,2830.199951171875,2830.199951171875,2830.39990234375,2829.89990234375,2830.0,16
2026-09-29 01:58:00-04:00,2830.10009765625,2830.10009765625,2830.39990234375,2830.0,2830.0,9
2026-09-29 01:59:00-04:00,2831.300048828125,2831.300048828125,2831.300048828125,2830.60009765625,2830.60009765625,23
2026-09-29 02:00:00-04:00,2831.10009765625,2831.10009765625,2831.60009765625,2830.89990234375,2831.300048828125,65
2026-09-29 02:01:00-04:00,2831.300048828125,2831.300048828125,2831.800048828125,2831.300048828125,2831.300048828125,15
2026-09-29 02:02:00-04:00,2831.60009765625,2831.60009765625,2832.0,2831.199951171875,2831.5,36
2026-09-29 02:03:00-04:00,2832.0,2832.0,2832.699951171875,2831.699951171875,2831.699951171875,18
2026-09-29 02:04:00-04:00,2832.699951171875,2832.699951171875,2833.0,2832.5,2832.699951171875,23
2026-09-29 02:05:00-04:00,2833.10009765625,2833.10009765625,2833.199951171875,2832.699951171875,2832.699951171875,12
2026-09-29 02:06:00-04:00,2833.699951171875,2833.699951171875,2833.800048828125,2832.89990234375,2833.0,12
2026-09-29 02:07:00-04:00,2833.39990234375,2833.39990234375,2833.60009765625,2833.199951171875,2833.5,16
2026-09-29 02:08:00-04:00,2833.800048828125,2833.800048828125,2833.89990234375,2833.10009765625,2833.5,26
2026-09-29 02:09:00-04:00,2834.5,2834.5,2834.5,2834.0,2834.0,21
2026-09-29 02:10:00-04:00,2835.89990234375,2835.89990234375,2836.10009765625,2834.39990234375,2834.39990234375,110
2026-09-29 02:11:00-04:00,2835.89990234375,2835.89990234375,2835.89990234375,2835.60009765625,2835.699951171875,19
2026-09-29 02:12:00-04:00,2835.39990234375,2835.39990234375,2836.10009765625,2835.39990234375,2835.89990234375,8
2026-09-29 02:13:00-04:00,2836.60009765625,2836.60009765625,2836.60009765625,2835.800048828125,2835.800048828125,35
2026-09-29 02:14:00-04:00,2836.0,2836.0,2836.60009765625,2836.0,2836.39990234375,14
2026-09-29 02:15:00-04:00,2835.699951171875,2835.699951171875,2836.300048828125,2835.699951171875,2836.0,27
2026-09-29 02:16:00-04:00,2835.199951171875,2835.199951171875,2835.39990234375,2835.199951171875,2835.39990234375,9
2026-09-29 02:17:00-04:00,2834.300048828125,2834.300048828125,2835.0,2834.10009765625,2835.0,9
2026-09-29 02:18:00-04:00,2834.10009765625,2834.10009765625,2834.39990234375,2834.0,2834.0,11
2026-09-29 02:19:00-04:00,2834.60009765625,2834.60009765625,2834.800048828125,2834.300048828125,2834.300048828125,16
2026-09-29 02:20:00-04:00,2834.699951171875,2834.699951171875,2834.699951171875,2834.10009765625,2834.39990234375,8
2026-09-29 02:21:00-04:00,2835.10009765625,2835.10009765625,2835.10009765625,2834.699951171875,2834.800048828125,11
2026-09-29 02:22:00-04:00,2835.300048828125,2835.300048828125,2835.60009765625,2835.0,2835.10009765625,29
2026-09-29 02:23:00-04:00,2835.10009765625,2835.10009765625,2835.39990234375,2835.10009765625,2835.39990234375,8
2026-09-29 02:24:00-04:00,2835.0,2835.0,2835.300048828125,2834.5,2835.0,17
2026-09-29 02:25:00-04:00,2834.800048828125,2834.800048828125,2835.39990234375,2834.800048828125,2835.0,10
2026-09-29 02:26:00-04:00,2834.800048828125,2834.800048828125,2835.0,2834.60009765625,2834.60009765625,12
2026-09-29 02:27:00-04:00,2834.800048828125,2834.800048828125,2835.10009765625,2834.800048828125,2835.10009765625,8
2026-09-29 02:28:00-04:00,2835.800048828125,2835.800048828125,2836.0,2835.10009765625,2835.10009765625,15
2026-09-29 02:29:00-04:00,2836.39990234375,2836.39990234375,2836.89990234375,2835.89990234375,2835.89990234375,18
2026-09-29 02:30:00-04:00,2837.0,2837.0,2837.199951171875,2836.5,2836.5,60
2026-09-29 02:31:00-04:00,2836.89990234375,2836.89990234375,2837.60009765625,2836.800048828125,2836.89990234375,126
2026-09-29 02:32:00-04:00,2837.0,2837.0,2837.10009765625,2836.60009765625,2836.800048828125,64
2026-09-29 02:33:00-04:00,2837.10009765625,2837.10009765625,2837.10009765625,2836.89990234375,2837.0,18
2026-09-29 02:34:00-04:00,2837.199951171875,2837.199951171875,2837.199951171875,2837.0,2837.10009765625,14
2026-09-29 02:35:00-04:00,2836.39990234375,2836.39990234375,2836.60009765625,2836.39990234375,2836.60009765625,4
2026-09-29 02:37:00-04:00,2836.39990234375,2836.39990234375,2836.699951171875,2836.199951171875,2836.699951171875,8
2026-09-29 02:38:00-04:00,2836.5,2836.5,2836.60009765625,2836.5,2836.5,6
2026-09-29 02:39:00-04:00,2836.300048828125,2836.300048828125,2836.800048828125,2836.199951171875,2836.800048828125,6
2026-09-29 02:40:00-04:00,2837.10009765625,2837.10009765625,2837.10009765625,2836.39990234375,2836.39990234375,12
2026-09-29 02:41:00-04:00,2836.89990234375,2836.89990234375,2837.10009765625,2836.89990234375,2837.10009765625,6
2026-09-29 02:42:00-04:00,2836.89990234375,2836.89990234375,2837.300048828125,2836.699951171875,2837.0,24
2026-09-29 02:43:00-04:00,2836.800048828125,2836.800048828125,2837.10009765625,2836.800048828125,2837.10009765625,4
2026-09-29 02:44:00-04:00,2836.60009765625,2836.60009765625,2836.800048828125,2836.39990234375,2836.60009765625,14
2026-09-29 02:45:00-04:00,2836.699951171875,2836.699951171875,2836.699951171875,2836.0,2836.5,34
2026-09-29 02:46:00-04:00,2836.699951171875,2836.699951171875,2836.699951171875,2836.699951171875,2836.699951171875,3
2026-09-29 02:47:00-04:00,2836.300048828125,2836.300048828125,2836.300048828125,2836.300048828125,2836.300048828125,1
2026-09-29 02:48:00-04:00,2836.5,2836.5,2836.699951171875,2836.5,2836.60009765625,11
2026-09-29 02:49:00-04:00,2836.699951171875,2836.699951171875,2836.699951171875,2836.60009765625,2836.60009765625,2
2026-09-29 02:50:00-04:00,2836.300048828125,2836.300048828125,2836.800048828125,2836.300048828125,2836.800048828125,7
2026-09-29 02:51:00-04:00,2836.39990234375,2836.39990234375,2836.39990234375,2836.39990234375,2836.39990234375,2
2026-09-29 02:52:00-04:00,2836.300048828125,2836.300048828125,2836.300048828125,2836.10009765625,2836.10009765625,2
2026-09-29 02:53:00-04:00,2836.199951171875,2836.199951171875,2836.39990234375,2836.0,2836.199951171875,14
2026-09-29 02:54:00-04:00,2836.300048828125,2836.300048828125,2836.300048828125,2836.10009765625,2836.199951171875,11
2026-09-29 02:55:00-04:00,2835.800048828125,2835.800048828125,2836.0,2835.60009765625,2835.89990234375,8
2026-09-29 02:56:00-04:00,2835.60009765625,2835.60009765625,2835.800048828125,2835.60009765625,2835.800048828125,3
2026-09-29 02:57:00-04:00,2835.60009765625,2835.60009765625,2835.60009765625,2835.60009765625,2835.60009765625,1
2026-09-29 02:58:00-04:00,2835.10009765625,2835.10009765625,2835.5,2834.89990234375,2835.39990234375,19
2026-09-29 02:59:00-04:00,2834.800048828125,2834.800048828125,2834.89990234375,2834.60009765625,2834.89990234375,17
2026-09-29 03:00:00-04:00,2833.60009765625,2833.60009765625,2835.0,2833.60009765625,2834.800048828125,54
2026-09-29 03:01:00-04:00,2831.800048828125,2831.800048828125,2833.60009765625,2831.800048828125,2833.60009765625,59
2026-09-29 03:02:00-04:00,2832.39990234375,2832.39990234375,2832.39990234375,2831.800048828125,2831.89990234375,24
2026-09-29 03:03:00-04:00,2833.5,2833.5,2833.60009765625,2832.39990234375,2832.5,20
2026-09-29 03:04:00-04:00,2833.800048828125,2833.800048828125,2833.800048828125,2833.5,2833.60009765625,21
2026-09-29 03:05:00-04:00,2832.89990234375,2832.89990234375,2834.10009765625,2832.89990234375,2834.10009765625,80
2026-09-29 03:06:00-04:00,2833.699951171875,2833.699951171875,2833.800048828125,2832.60009765625,2832.89990234375,35
2026-09-29 03:07:00-04:00,2833.300048828125,2833.300048828125,2833.699951171875,2833.10009765625,2833.5,43
2026-09-29 03:08:00-04:00,2833.800048828125,2833.800048828125,2833.89990234375,2832.89990234375,2833.0,21
2026-09-29 03:09:00-04:00,2834.300048828125,2834.300048828125,2834.300048828125,2833.60009765625,2833.89990234375,23
2026-09-29 03:10:00-04:00,2834.39990234375,2834.39990234375,2834.39990234375,2833.60009765625,2834.39990234375,24
2026-09-29 03:11:00-04:00,2834.0,2834.0,2834.199951171875,2833.800048828125,2834.199951171875,13
2026-09-29 03:12:00-04:00,2833.89990234375,2833.89990234375,2834.0,2833.60009765625,2833.60009765625,48
2026-09-29 03:13:00-04:00,2833.699951171875,2833.699951171875,2833.89990234375,2833.5,2833.89990234375,9
2026-09-29 03:14:00-04:00,2833.199951171875,2833.199951171875,2833.5,2833.0,2833.5,9
2026-09-29 03:15:00-04:00,2833.699951171875,2833.699951171875,2833.89990234375,2833.10009765625,2833.5,43
2026-09-29 03:16:00-04:00,2833.699951171875,2833.699951171875,2833.89990234375,2833.5,2833.89990234375,13
2026-09-29 03:17:00-04:00,2834.0,2834.0,2834.300048828125,2833.800048828125,2833.800048828125,10
2026-09-29 03:18:00-04:00,2834.300048828125,2834.300048828125,2834.300048828125,2834.10009765625,2834.10009765625,9
2026-09-29 03:19:00-04:00,2834.60009765625,2834.60009765625,2834.60009765625,2834.300048828125,2834.300048828125,4
2026-09-29 03:20:00-04:00,2835.0,2835.0,2835.60009765625,2834.39990234375,2834.39990234375,16
2026-09-29 03:21:00-04:00,2835.60009765625,2835.60009765625,2835.699951171875,2835.300048828125,2835.300048828125,12
2026-09-29 03:22:00-04:00,2835.699951171875,2835.699951171875,2836.39990234375,2835.699951171875,2835.89990234375,32
2026-09-29 03:23:00-04:00,2836.300048828125,2836.300048828125,2836.300048828125,2835.5,2835.699951171875,16
2026-09-29 03:24:00-04:00,2836.699951171875,2836.699951171875,2836.699951171875,2836.10009765625,2836.10009765625,62
2026-09-29 03:25:00-04:00,2836.800048828125,2836.800048828125,2837.199951171875,2836.60009765625,2836.800048828125,66
2026-09-29 03:26:00-04:00,2837.10009765625,2837.10009765625,2837.39990234375,2836.89990234375,2836.89990234375,36
2026-09-29 03:27:00-04:00,2837.300048828125,2837.300048828125,2837.800048828125,2836.89990234375,2837.0,46
2026-09-29 03:28:00-04:00,2836.89990234375,2836.89990234375,2837.39990234375,2836.60009765625,2837.39990234375,34
2026-09-29 03:29:00-04:00,2837.199951171875,2837.199951171875,2837.60009765625,2836.60009765625,2836.60009765625,63
2026-09-29 03:30:00-04:00,2837.5,2837.5,2837.5,2836.89990234375,2837.10009765625,26
2026-09-29 03:31:00-04:00,2837.699951171875,2837.699951171875,2837.699951171875,2837.10009765625,2837.5,27
2026-09-29 03:32:00-04:00,2838.89990234375,2838.89990234375,2838.89990234375,2837.5,2837.699951171875,77
2026-09-29 03:33:00-04:00,2839.0,2839.0,2839.10009765625,2838.699951171875,2838.89990234375,36
2026-09-29 03:34:00-04:00,2839.0,2839.0,2839.300048828125,2839.0,2839.300048828125,18
2026-09-29 03:35:00-04:00,2838.5,2838.5,2838.800048828125,2838.39990234375,2838.800048828125,13
2026-09-29 03:36:00-04:00,2839.10009765625,2839.10009765625,2839.10009765625,2838.5,2838.5,7
2026-09-29 03:37:00-04:00,2839.0,2839.0,2839.199951171875,2838.89990234375,2838.89990234375,13
2026-09-29 03:38:00-04:00,2839.800048828125,2839.800048828125,2839.89990234375,2839.10009765625,2839.199951171875,34
2026-09-29 03:39:00-04:00,2839.5,2839.5,2841.5,2839.300048828125,2839.699951171875,428
2026-09-29 03:40:00-04:00,2838.5,2838.5,2839.60009765625,2837.699951171875,2839.60009765625,196
2026-09-29 03:41:00-04:00,2838.60009765625,2838.60009765625,2838.60009765625,2838.5,2838.5,6
2026-09-29 03:42:00-04:00,2838.39990234375,2838.39990234375,2839.0,2838.39990234375,2838.699951171875,25
2026-09-29 03:43:00-04:00,2838.0,2838.0,2838.60009765625,2838.0,2838.5,13
2026-09-29 03:44:00-04:00,2837.300048828125,2837.300048828125,2837.60009765625,2837.199951171875,2837.60009765625,21
2026-09-29 03:45:00-04:00,2837.199951171875,2837.199951171875,2837.699951171875,2837.199951171875,2837.5,10
2026-09-29 03:46:00-04:00,2837.39990234375,2837.39990234375,2837.5,2837.199951171875,2837.5,13
2026-09-29 03:47:00-04:00,2837.60009765625,2837.60009765625,2838.0,2837.39990234375,2837.5,53
2026-09-29 03:48:00-04:00,2837.5,2837.5,2837.699951171875,2837.5,2837.699951171875,6
2026-09-29 03:49:00-04:00,2837.0,2837.0,2837.699951171875,2837.0,2837.60009765625,11
2026-09-29 03:50:00-04:00,2836.5,2836.5,2837.0,2836.300048828125,2837.0,13
2026-09-29 03:51:00-04:00,2836.699951171875,2836.699951171875,2837.0,2836.60009765625,2837.0,9
2026-09-29 03:52:00-04:00,2836.5,2836.5,2837.199951171875,2836.5,2836.5,49
2026-09-29 03:53:00-04:00,2836.89990234375,2836.89990234375,2836.89990234375,2836.60009765625,2836.60009765625,18
2026-09-29 03:54:00-04:00,2836.699951171875,2836.699951171875,2836.800048828125,2836.60009765625,2836.800048828125,9
2026-09-29 03:55:00-04:00,2835.800048828125,2835.800048828125,2836.39990234375,2835.800048828125,2836.10009765625,29
2026-09-29 03:56:00-04:00,2836.39990234375,2836.39990234375,2836.39990234375,2836.10009765625,2836.10009765625,9
2026-09-29 03:57:00-04:00,2835.800048828125,2835.800048828125,2836.300048828125,2835.800048828125,2836.300048828125,3
2026-09-29 03:58:00-04:00,2836.300048828125,2836.300048828125,2836.60009765625,2836.199951171875,2836.199951171875,14
2026-09-29 03:59:00-04:00,2835.699951171875,2835.699951171875,2836.10009765625,2835.699951171875,2836.10009765625,4
2026-09-29 04:00:00-04:00,2835.800048828125,2835.800048828125,2835.800048828125,2835.199951171875,2835.699951171875,79
2026-09-29 04:01:00-04:00,2837.199951171875,2837.199951171875,2837.300048828125,2835.800048828125,2835.800048828125,101
2026-09-29 04:02:00-04:00,2837.60009765625,2837.60009765625,2837.60009765625,2837.0,2837.300048828125,133
2026-09-29 04:03:00-04:00,2836.89990234375,2836.89990234375,2837.89990234375,2836.89990234375,2837.5,54
2026-09-29 04:04:00-04:00,2836.699951171875,2836.699951171875,2836.800048828125,2836.5,2836.60009765625,10
2026-09-29 04:05:00-04:00,2836.699951171875,2836.699951171875,2837.5,2836.5,2836.89990234375,40
2026-09-29 04:06:00-04:00,2836.5,2836.5,2837.0,2835.699951171875,2836.699951171875,57
2026-09-29 04:07:00-04:00,2834.5,2834.5,2836.0,2834.5,2835.89990234375,43
2026-09-29 04:08:00-04:00,2834.89990234375,2834.89990234375,2835.0,2834.60009765625,2834.60009765625,17
2026-09-29 04:09:00-04:00,2834.699951171875,2834.699951171875,2834.89990234375,2834.699951171875,2834.699951171875,11
2026-09-29 04:10:00-04:00,2834.699951171875,2834.699951171875,2834.89990234375,2834.5,2834.699951171875,21
2026-09-29 04:11:00-04:00,2834.39990234375,2834.39990234375,2834.800048828125,2834.199951171875,2834.60009765625,143
2026-09-29 04:12:00-04:00,2834.39990234375,2834.39990234375,2834.60009765625,2834.199951171875,2834.5,14
2026-09-29 04:13:00-04:00,2834.800048828125,2834.800048828125,2834.800048828125,2834.0,2834.199951171875,15
2026-09-29 04:14:00-04:00,2834.800048828125,2834.800048828125,2835.0,2834.5,2834.800048828125,15
2026-09-29 04:15:00-04:00,2835.39990234375,2835.39990234375,2835.5,2834.800048828125,2834.800048828125,16
2026-09-29 04:16:00-04:00,2835.60009765625,2835.60009765625,2835.60009765625,2835.39990234375,2835.39990234375,2
2026-09-29 04:17:00-04:00,2835.60009765625,2835.60009765625,2836.39990234375,2835.60009765625,2835.699951171875,15
2026-09-29 04:18:00-04:00,2836.10009765625,2836.10009765625,2836.699951171875,2835.60009765625,2835.699951171875,68
2026-09-29 04:19:00-04:00,2836.39990234375,2836.39990234375,2836.39990234375,2835.89990234375,2836.0,28
2026-09-29 04:20:00-04:00,2837.300048828125,2837.300048828125,2837.300048828125,2836.300048828125,2836.5,42
2026-09-29 04:21:00-04:00,2838.5,2838.5,2838.5,2837.39990234375,2837.5,70
2026-09-29 04:22:00-04:00,2837.699951171875,2837.699951171875,2838.5,2837.60009765625,2838.300048828125,33
2026-09-29 04:23:00-04:00,2837.10009765625,2837.10009765625,2837.699951171875,2837.10009765625,2837.699951171875,30
2026-09-29 04:24:00-04:00,2836.699951171875,2836.699951171875,2836.89990234375,2836.5,2836.89990234375,17
2026-09-29 04:25:00-04:00,2837.10009765625,2837.10009765625,2837.300048828125,2836.5,2836.60009765625,16
2026-09-29 04:26:00-04:00,2836.800048828125,2836.800048828125,2836.89990234375,2836.699951171875,2836.800048828125,24
2026-09-29 04:27:00-04:00,2836.5,2836.5,2836.699951171875,2836.10009765625,2836.699951171875,17
2026-09-29 04:28:00-04:00,2836.199951171875,2836.199951171875,2836.60009765625,2836.10009765625,2836.5,9
2026-09-29 04:29:00-04:00,2836.89990234375,2836.89990234375,2837.300048828125,2835.89990234375,2835.89990234375,25
2026-09-29 04:30:00-04:00,2837.10009765625,2837.10009765625,2837.60009765625,2836.800048828125,2837.0,27
2026-09-29 04:31:00-04:00,2837.0,2837.0,2837.89990234375,2837.0,2837.10009765625,23
2026-09-29 04:32:00-04:00,2837.60009765625,2837.60009765625,2837.60009765625,2836.800048828125,2837.0,77
2026-09-29 04:33:00-04:00,2837.39990234375,2837.39990234375,2837.60009765625,2837.0,2837.60009765625,7
2026-09-29 04:34:00-04:00,2836.39990234375,2836.39990234375,2837.0,2836.39990234375,2837.0,9
2026-09-29 04:35:00-04:00,2836.5,2836.5,2836.800048828125,2836.300048828125,2836.300048828125,21
2026-09-29 04:36:00-04:00,2836.5,2836.5,2836.60009765625,2836.199951171875,2836.60009765625,33
2026-09-29 04:37:00-04:00,2836.60009765625,2836.60009765625,2836.60009765625,2836.10009765625,2836.39990234375,23
2026-09-29 04:38:00-04:00,2837.39990234375,2837.39990234375,2837.39990234375,2836.60009765625,2836.699951171875,16
2026-09-29 04:39:00-04:00,2838.5,2838.5,2838.699951171875,2837.5,2837.5,22
2026-09-29 04:40:00-04:00,2838.0,2838.0,2838.5,2837.800048828125,2838.39990234375,75
2026-09-29 04:41:00-04:00,2837.89990234375,2837.89990234375,2838.39990234375,2837.699951171875,2838.199951171875,22
2026-09-29 04:42:00-04:00,2837.699951171875,2837.699951171875,2837.800048828125,2837.60009765625,2837.800048828125,8
2026-09-29 04:43:00-04:00,2838.60009765625,2838.60009765625,2838.699951171875,2838.0,2838.10009765625,19
2026-09-29 04:44:00-04:00,2839.0,2839.0,2839.0,2838.39990234375,2838.699951171875,19
2026-09-29 04:45:00-04:00,2838.5,2838.5,2838.89990234375,2838.5,2838.89990234375,26
2026-09-29 04:46:00-04:00,2838.800048828125,2838.800048828125,2839.10009765625,2838.39990234375,2838.800048828125,65
2026-09-29 04:47:00-04:00,2838.800048828125,2838.800048828125,2839.0,2838.800048828125,2838.89990234375,33
2026-09-29 04:48:00-04:00,2839.0,2839.0,2839.0,2838.800048828125,2838.89990234375,15
2026-09-29 04:49:00-04:00,2839.0,2839.0,2839.199951171875,2838.800048828125,2839.0,18
2026-09-29 04:50:00-04:00,2838.5,2838.5,2839.10009765625,2838.39990234375,2839.10009765625,12
2026-09-29 04:51:00-04:00,2838.0,2838.0,2838.60009765625,2837.89990234375,2838.60009765625,13
2026-09-29 04:52:00-04:00,2837.300048828125,2837.300048828125,2837.800048828125,2837.10009765625,2837.800048828125,31
2026-09-29 04:53:00-04:00,2837.10009765625,2837.10009765625,2837.39990234375,2837.10009765625,2837.300048828125,10
2026-09-29 04:54:00-04:00,2837.0,2837.0,2837.60009765625,2837.0,2837.0,14
2026-09-29 04:55:00-04:00,2837.699951171875,2837.699951171875,2837.800048828125,2837.10009765625,2837.10009765625,23
2026-09-29 04:56:00-04:00,2838.10009765625,2838.10009765625,2838.10009765625,2837.60009765625,2837.699951171875,23
2026-09-29 04:57:00-04:00,2837.800048828125,2837.800048828125,2838.0,2837.300048828125,2838.0,32
2026-09-29 04:58:00-04:00,2838.10009765625,2838.10009765625,2838.10009765625,2837.60009765625,2837.699951171875,8
2026-09-29 04:59:00-04:00,2839.10009765625,2839.10009765625,2839.199951171875,2838.10009765625,2838.10009765625,25
2026-09-29 05:00:00-04:00,2838.699951171875,2838.699951171875,2839.199951171875,2837.89990234375,2838.800048828125,51
2026-09-29 05:01:00-04:00,2839.199951171875,2839.199951171875,2839.199951171875,2838.699951171875,2838.800048828125,36
2026-09-29 05:02:00-04:00,2838.39990234375,2838.39990234375,2839.199951171875,2838.300048828125,2839.10009765625,33
2026-09-29 05:03:00-04:00,2836.5,2836.5,2837.89990234375,2836.39990234375,2837.800048828125,64
2026-09-29 05:04:00-04:00,2837.60009765625,2837.60009765625,2837.60009765625,2836.300048828125,2836.60009765625,40
2026-09-29 05:05:00-04:00,2837.10009765625,2837.10009765625,2837.800048828125,2837.10009765625,2837.5,24
2026-09-29 05:06:00-04:00,2837.199951171875,2837.199951171875,2837.5,2836.699951171875,2837.0,30
2026-09-29 05:07:00-04:00,2836.699951171875,2836.699951171875,2837.0,2836.300048828125,2836.89990234375,37
2026-09-29 05:08:00-04:00,2836.800048828125,2836.800048828125,2836.89990234375,2836.60009765625,2836.60009765625,19
2026-09-29 05:09:00-04:00,2837.5,2837.5,2837.5,2836.699951171875,2836.699951171875,25
2026-09-29 05:10:00-04:00,2836.699951171875,2836.699951171875,2837.39990234375,2836.699951171875,2837.300048828125,11
2026-09-29 05:11:00-04:00,2837.0,2837.0,2837.10009765625,2836.800048828125,2836.800048828125,43
2026-09-29 05:12:00-04:00,2837.199951171875,2837.199951171875,2837.199951171875,2836.699951171875,2836.699951171875,10
2026-09-29 05:13:00-04:00,2837.300048828125,2837.300048828125,2837.5,2836.89990234375,2837.300048828125,18
2026-09-29 05:14:00-04:00,2836.60009765625,2836.60009765625,2837.10009765625,2836.5,2837.10009765625,8
2026-09-29 05:15:00-04:00,2835.800048828125,2835.800048828125,2836.5,2835.800048828125,2836.5,9
2026-09-29 05:16:00-04:00,2836.300048828125,2836.300048828125,2836.5,2835.89990234375,2835.89990234375,12
2026-09-29 05:18:00-04:00,2837.0,2837.0,2837.0,2836.300048828125,2836.300048828125,7
2026-09-29 05:19:00-04:00,2837.39990234375,2837.39990234375,2837.39990234375,2837.0,2837.0,4
2026-09-29 05:20:00-04:00,2836.800048828125,2836.800048828125,2837.0,2836.39990234375,2836.39990234375,8
2026-09-29 05:21:00-04:00,2836.60009765625,2836.60009765625,2836.89990234375,2836.300048828125,2836.89990234375,11
2026-09-29 05:22:00-04:00,2836.199951171875,2836.199951171875,2836.39990234375,2836.199951171875,2836.300048828125,7
2026-09-29 05:23:00-04:00,2835.0,2835.0,2835.5,2835.0,2835.5,11
2026-09-29 05:24:00-04:00,2835.5,2835.5,2835.5,2834.800048828125,2834.800048828125,5
2026-09-29 05:25:00-04:00,2835.0,2835.0,2835.199951171875,2834.89990234375,2835.199951171875,11
2026-09-29 05:26:00-04:00,2835.0,2835.0,2835.10009765625,2834.800048828125,2835.10009765625,6
2026-09-29 05:27:00-04:00,2834.89990234375,2834.89990234375,2834.89990234375,2834.800048828125,2834.89990234375,3
2026-09-29 05:28:00-04:00,2835.0,2835.0,2835.10009765625,2835.0,2835.10009765625,2
2026-09-29 05:29:00-04:00,2835.10009765625,2835.10009765625,2835.199951171875,2834.89990234375,2835.199951171875,6
2026-09-29 05:30:00-04:00,2835.199951171875,2835.199951171875,2835.199951171875,2834.5,2834.800048828125,13
2026-09-29 05:31:00-04:00,2834.39990234375,2834.39990234375,2834.699951171875,2834.39990234375,2834.699951171875,5
2026-09-29 05:32:00-04:00,2834.699951171875,2834.699951171875,2834.699951171875,2834.5,2834.5,3
2026-09-29 05:33:00-04:00,2834.60009765625,2834.60009765625,2835.199951171875,2834.60009765625,2834.89990234375,18
2026-09-29 05:34:00-04:00,2835.10009765625,2835.10009765625,2835.199951171875,2834.89990234375,2834.89990234375,44
2026-09-29 05:35:00-04:00,2835.199951171875,2835.199951171875,2835.199951171875,2834.89990234375,2835.199951171875,10
2026-09-29 05:36:00-04:00,2834.800048828125,2834.800048828125,2835.199951171875,2834.800048828125,2835.10009765625,8
2026-09-29 05:37:00-04:00,2834.699951171875,2834.699951171875,2834.699951171875,2834.300048828125,2834.60009765625,16
2026-09-29 05:38:00-04:00,2834.699951171875,2834.699951171875,2834.699951171875,2834.5,2834.699951171875,21
2026-09-29 05:39:00-04:00,2834.89990234375,2834.89990234375,2834.89990234375,2834.39990234375,2834.699951171875,11
2026-09-29 05:40:00-04:00,2834.800048828125,2834.800048828125,2834.800048828125,2834.699951171875,2834.800048828125,7
2026-09-29 05:41:00-04:00,2834.699951171875,2834.699951171875,2834.800048828125,2834.699951171875,2834.800048828125,5
2026-09-29 05:42:00-04:00,2834.699951171875,2834.699951171875,2834.699951171875,2834.300048828125,2834.5,8
2026-09-29 05:43:00-04:00,2835.699951171875,2835.699951171875,2835.800048828125,2834.5,2834.5,25
2026-09-29 05:44:00-04:00,2836.39990234375,2836.39990234375,2836.60009765625,2835.800048828125,2835.89990234375,33
2026-09-29 05:45:00-04:00,2836.199951171875,2836.199951171875,2836.89990234375,2836.10009765625,2836.60009765625,34
2026-09-29 05:46:00-04:00,2836.10009765625,2836.10009765625,2836.5,2836.0,2836.10009765625,21
2026-09-29 05:47:00-04:00,2837.699951171875,2837.699951171875,2838.5,2836.10009765625,2836.10009765625,178
2026-09-29 05:48:00-04:00,2837.699951171875,2837.699951171875,2838.0,2837.39990234375,2837.60009765625,28
2026-09-29 05:49:00-04:00,2837.10009765625,2837.10009765625,2837.699951171875,2836.89990234375,2837.5,37
2026-09-29 05:50:00-04:00,2836.699951171875,2836.699951171875,2837.10009765625,2836.699951171875,2837.10009765625,2
2026-09-29 05:51:00-04:00,2836.300048828125,2836.300048828125,2836.699951171875,2836.300048828125,2836.699951171875,11
2026-09-29 05:52:00-04:00,2835.199951171875,2835.199951171875,2835.60009765625,2834.89990234375,2835.60009765625,9
2026-09-29 05:53:00-04:00,2835.89990234375,2835.89990234375,2835.89990234375,2834.800048828125,2835.0,39
2026-09-29 05:54:00-04:00,2836.699951171875,2836.699951171875,2838.199951171875,2836.199951171875,2836.199951171875,36
2026-09-29 05:55:00-04:00,2836.10009765625,2836.10009765625,2837.39990234375,2835.699951171875,2836.699951171875,139
2026-09-29 05:56:00-04:00,2835.199951171875,2835.199951171875,2836.800048828125,2835.199951171875,2836.39990234375,17
2026-09-29 05:57:00-04:00,2834.60009765625,2834.60009765625,2835.300048828125,2834.60009765625,2835.300048828125,10
2026-09-29 05:58:00-04:00,2834.800048828125,2834.800048828125,2834.800048828125,2834.199951171875,2834.300048828125,10
2026-09-29 05:59:00-04:00,2834.699951171875,2834.699951171875,2835.300048828125,2834.699951171875,2835.300048828125,11
2026-09-29 06:00:00-04:00,2835.10009765625,2835.10009765625,2835.10009765625,2834.5,2834.5,10
2026-09-29 06:01:00-04:00,2835.699951171875,2835.699951171875,2835.800048828125,2835.0,2835.199951171875,42
2026-09-29 06:02:00-04:00,2835.10009765625,2835.10009765625,2835.89990234375,2834.800048828125,2835.60009765625,32
2026-09-29 06:03:00-04:00,2836.199951171875,2836.199951171875,2836.300048828125,2835.10009765625,2835.10009765625,18
2026-09-29 06:04:00-04:00,2835.89990234375,2835.89990234375,2836.199951171875,2835.699951171875,2836.199951171875,18
2026-09-29 06:05:00-04:00,2836.5,2836.5,2837.0,2836.39990234375,2836.39990234375,28
2026-09-29 06:06:00-04:00,2837.199951171875,2837.199951171875,2837.199951171875,2836.800048828125,2836.800048828125,19
2026-09-29 06:07:00-04:00,2837.199951171875,2837.199951171875,2837.300048828125,2836.699951171875,2837.300048828125,8
2026-09-29 06:08:00-04:00,2837.39990234375,2837.39990234375,2837.699951171875,2837.300048828125,2837.300048828125,25
2026-09-29 06:09:00-04:00,2838.300048828125,2838.300048828125,2838.300048828125,2837.300048828125,2837.300048828125,18
2026-09-29 06:10:00-04:00,2838.800048828125,2838.800048828125,2838.800048828125,2838.300048828125,2838.5,17
2026-09-29 06:11:00-04:00,2838.300048828125,2838.300048828125,2838.800048828125,2838.300048828125,2838.699951171875,10
2026-09-29 06:12:00-04:00,2838.800048828125,2838.800048828125,2838.800048828125,2838.199951171875,2838.39990234375,12
2026-09-29 06:13:00-04:00,2838.39990234375,2838.39990234375,2838.699951171875,2838.199951171875,2838.60009765625,13
2026-09-29 06:14:00-04:00,2837.699951171875,2837.699951171875,2838.199951171875,2837.699951171875,2838.199951171875,3
2026-09-29 06:15:00-04:00,2836.5,2836.5,2837.699951171875,2836.39990234375,2837.60009765625,35
2026-09-29 06:16:00-04:00,2836.39990234375,2836.39990234375,2836.89990234375,2836.39990234375,2836.60009765625,28
2026-09-29 06:17:00-04:00,2837.10009765625,2837.10009765625,2837.10009765625,2836.300048828125,2836.5,18
2026-09-29 06:18:00-04:00,2837.10009765625,2837.10009765625,2837.10009765625,2836.699951171875,2836.89990234375,16
2026-09-29 06:19:00-04:00,2837.10009765625,2837.10009765625,2837.199951171875,2836.89990234375,2836.89990234375,5
2026-09-29 06:20:00-04:00,2836.699951171875,2836.699951171875,2836.699951171875,2836.5,2836.5,2
2026-09-29 06:21:00-04:00,2836.89990234375,2836.89990234375,2836.89990234375,2836.60009765625,2836.699951171875,4
2026-09-29 06:22:00-04:00,2836.89990234375,2836.89990234375,2837.300048828125,2836.800048828125,2836.800048828125,40
2026-09-29 06:23:00-04:00,2837.10009765625,2837.10009765625,2837.199951171875,2837.0,2837.0,17
2026-09-29 06:24:00-04:00,2837.5,2837.5,2837.5,2837.0,2837.0,9
2026-09-29 06:25:00-04:00,2838.10009765625,2838.10009765625,2838.199951171875,2837.39990234375,2837.39990234375,19
2026-09-29 06:26:00-04:00,2838.199951171875,2838.199951171875,2838.300048828125,2837.5,2838.0,138
2026-09-29 06:27:00-04:00,2838.5,2838.5,2838.5,2838.300048828125,2838.300048828125,5
2026-09-29 06:28:00-04:00,2838.39990234375,2838.39990234375,2838.39990234375,2838.300048828125,2838.39990234375,3
2026-09-29 06:29:00-04:00,2839.89990234375,2839.89990234375,2840.0,2838.89990234375,2838.89990234375,56
2026-09-29 06:30:00-04:00,2840.300048828125,2840.300048828125,2840.699951171875,2840.0,2840.0,41
2026-09-29 06:31:00-04:00,2840.0,2840.0,2840.39990234375,2839.800048828125,2840.300048828125,19
2026-09-29 06:32:00-04:00,2839.0,2839.0,2840.5,2838.60009765625,2840.10009765625,186
2026-09-29 06:33:00-04:00,2838.699951171875,2838.699951171875,2839.300048828125,2838.60009765625,2839.300048828125,35
2026-09-29 06:34:00-04:00,2838.699951171875,2838.699951171875,2839.0,2838.5,2839.0,20
2026-09-29 06:35:00-04:00,2839.300048828125,2839.300048828125,2839.39990234375,2838.699951171875,2838.800048828125,72
2026-09-29 06:36:00-04:00,2839.199951171875,2839.199951171875,2839.199951171875,2838.800048828125,2839.0,34
2026-09-29 06:37:00-04:00,2839.39990234375,2839.39990234375,2839.39990234375,2839.10009765625,2839.199951171875,13
2026-09-29 06:38:00-04:00,2839.300048828125,2839.300048828125,2839.60009765625,2839.199951171875,2839.39990234375,33
2026-09-29 06:39:00-04:00,2840.0,2840.0,2840.0,2839.199951171875,2839.39990234375,77
2026-09-29 06:40:00-04:00,2840.199951171875,2840.199951171875,2840.39990234375,2839.89990234375,2839.89990234375,66
2026-09-29 06:41:00-04:00,2840.10009765625,2840.10009765625,2840.5,2840.0,2840.300048828125,59
2026-09-29 06:42:00-04:00,2839.89990234375,2839.89990234375,2840.10009765625,2839.89990234375,2840.0,27
2026-09-29 06:43:00-04:00,2840.10009765625,2840.10009765625,2840.300048828125,2839.699951171875,2839.699951171875,15
2026-09-29 06:44:00-04:00,2840.699951171875,2840.699951171875,2840.699951171875,2839.89990234375,2839.89990234375,23
2026-09-29 06:45:00-04:00,2841.39990234375,2841.39990234375,2841.39990234375,2840.60009765625,2840.699951171875,46
2026-09-29 06:46:00-04:00,2841.89990234375,2841.89990234375,2842.0,2841.199951171875,2841.300048828125,80
2026-09-29 06:47:00-04:00,2842.0,2842.0,2842.10009765625,2841.5,2841.800048828125,98
2026-09-29 06:48:00-04:00,2842.10009765625,2842.10009765625,2842.10009765625,2841.699951171875,2841.89990234375,19
2026-09-29 06:49:00-04:00,2842.39990234375,2842.39990234375,2842.60009765625,2841.800048828125,2842.10009765625,40
2026-09-29 06:50:00-04:00,2841.89990234375,2841.89990234375,2842.300048828125,2841.5,2842.300048828125,94
2026-09-29 06:51:00-04:00,2841.800048828125,2841.800048828125,2842.0,2841.699951171875,2841.89990234375,8
2026-09-29 06:52:00-04:00,2842.300048828125,2842.300048828125,2842.300048828125,2841.60009765625,2842.0,32
2026-09-29 06:53:00-04:00,2842.60009765625,2842.60009765625,2842.60009765625,2842.0,2842.199951171875,19
2026-09-29 06:54:00-04:00,2842.5,2842.5,2842.89990234375,2842.39990234375,2842.699951171875,33
2026-09-29 06:55:00-04:00,2842.5,2842.5,2842.699951171875,2841.60009765625,2842.39990234375,41
2026-09-29 06:56:00-04:00,2843.199951171875,2843.199951171875,2843.699951171875,2842.300048828125,2842.300048828125,77
2026-09-29 06:57:00-04:00,2843.10009765625,2843.10009765625,2843.5,2842.89990234375,2843.10009765625,28
2026-09-29 06:58:00-04:00,2844.10009765625,2844.10009765625,2844.300048828125,2843.10009765625,2843.10009765625,75
2026-09-29 06:59:00-04:00,2845.0,2845.0,2845.0,2844.10009765625,2844.10009765625,56
2026-09-29 07:00:00-04:00,2846.199951171875,2846.199951171875,2846.300048828125,2844.89990234375,2845.0,216
2026-09-29 07:01:00-04:00,2845.800048828125,2845.800048828125,2846.300048828125,2845.699951171875,2846.10009765625,150
2026-09-29 07:02:00-04:00,2846.0,2846.0,2846.0,2845.300048828125,2845.699951171875,44
2026-09-29 07:03:00-04:00,2848.199951171875,2848.199951171875,2848.89990234375,2846.0,2846.0,323
2026-09-29 07:04:00-04:00,2847.699951171875,2847.699951171875,2848.300048828125,2846.89990234375,2848.10009765625,148
2026-09-29 07:05:00-04:00,2848.39990234375,2848.39990234375,2848.60009765625,2847.699951171875,2847.89990234375,65
2026-09-29 07:06:00-04:00,2847.39990234375,2847.39990234375,2848.5,2847.199951171875,2848.39990234375,75
2026-09-29 07:07:00-04:00,2845.89990234375,2845.89990234375,2847.300048828125,2845.89990234375,2847.300048828125,88
2026-09-29 07:08:00-04:00,2846.60009765625,2846.60009765625,2847.10009765625,2845.89990234375,2845.89990234375,62
2026-09-29 07:09:00-04:00,2845.5,2845.5,2846.5,2845.199951171875,2846.5,25
2026-09-29 07:10:00-04:00,2845.0,2845.0,2845.5,2844.89990234375,2845.39990234375,17
2026-09-29 07:11:00-04:00,2844.699951171875,2844.699951171875,2845.39990234375,2844.699951171875,2845.10009765625,23
2026-09-29 07:12:00-04:00,2844.699951171875,2844.699951171875,2844.699951171875,2844.300048828125,2844.699951171875,18
2026-09-29 07:13:00-04:00,2844.60009765625,2844.60009765625,2845.0,2844.199951171875,2844.699951171875,15
2026-09-29 07:14:00-04:00,2845.39990234375,2845.39990234375,2845.39990234375,2844.300048828125,2844.60009765625,16
2026-09-29 07:15:00-04:00,2845.5,2845.5,2846.0,2845.10009765625,2845.39990234375,39
2026-09-29 07:16:00-04:00,2845.699951171875,2845.699951171875,2845.699951171875,2845.39990234375,2845.5,19
2026-09-29 07:17:00-04:00,2845.699951171875,2845.699951171875,2845.89990234375,2845.5,2845.699951171875,15
2026-09-29 07:18:00-04:00,2846.699951171875,2846.699951171875,2846.699951171875,2845.300048828125,2845.300048828125,27
2026-09-29 07:19:00-04:00,2845.800048828125,2845.800048828125,2846.699951171875,2845.5,2846.699951171875,69
2026-09-29 07:20:00-04:00,2846.699951171875,2846.699951171875,2846.800048828125,2845.10009765625,2845.699951171875,20
2026-09-29 07:21:00-04:00,2846.89990234375,2846.89990234375,2847.10009765625,2846.699951171875,2846.800048828125,60
2026-09-29 07:22:00-04:00,2847.10009765625,2847.10009765625,2847.300048828125,2846.800048828125,2846.800048828125,26
2026-09-29 07:23:00-04:00,2847.199951171875,2847.199951171875,2847.300048828125,2846.699951171875,2847.0,18
2026-09-29 07:24:00-04:00,2847.89990234375,2847.89990234375,2847.89990234375,2847.199951171875,2847.300048828125,118
2026-09-29 07:25:00-04:00,2847.60009765625,2847.60009765625,2848.0,2847.5,2847.800048828125,45
2026-09-29 07:26:00-04:00,2849.10009765625,2849.10009765625,2849.300048828125,2847.699951171875,2847.699951171875,321
2026-09-29 07:27:00-04:00,2848.199951171875,2848.199951171875,2849.39990234375,2848.0,2849.10009765625,132
2026-09-29 07:28:00-04:00,2847.60009765625,2847.60009765625,2848.300048828125,2847.60009765625,2848.199951171875,34
2026-09-29 07:29:00-04:00,2848.0,2848.0,2848.0,2847.60009765625,2847.800048828125,21
2026-09-29 07:30:00-04:00,2847.800048828125,2847.800048828125,2848.0,2847.39990234375,2848.0,38
2026-09-29 07:31:00-04:00,2848.10009765625,2848.10009765625,2848.39990234375,2847.699951171875,2847.800048828125,40
2026-09-29 07:32:00-04:00,2848.89990234375,2848.89990234375,2849.5,2847.89990234375,2848.0,48
2026-09-29 07:33:00-04:00,2849.5,2849.5,2849.5,2849.0,2849.0,48
2026-09-29 07:34:00-04:00,2848.60009765625,2848.60009765625,2849.39990234375,2848.5,2849.39990234375,40
2026-09-29 07:35:00-04:00,2848.89990234375,2848.89990234375,2849.10009765625,2848.5,2848.699951171875,46
2026-09-29 07:36:00-04:00,2848.0,2848.0,2848.800048828125,2848.0,2848.800048828125,41
2026-09-29 07:37:00-04:00,2848.0,2848.0,2848.199951171875,2847.39990234375,2848.10009765625,26
2026-09-29 07:38:00-04:00,2848.10009765625,2848.10009765625,2848.10009765625,2847.89990234375,2848.0,16
2026-09-29 07:39:00-04:00,2848.300048828125,2848.300048828125,2848.300048828125,2847.89990234375,2847.89990234375,13
2026-09-29 07:40:00-04:00,2847.5,2847.5,2848.10009765625,2847.199951171875,2848.10009765625,29
2026-09-29 07:41:00-04:00,2846.39990234375,2846.39990234375,2847.39990234375,2846.300048828125,2847.39990234375,40
2026-09-29 07:42:00-04:00,2845.800048828125,2845.800048828125,2846.5,2845.800048828125,2846.5,38
2026-09-29 07:43:00-04:00,2846.199951171875,2846.199951171875,2846.300048828125,2845.60009765625,2845.800048828125,13
2026-09-29 07:44:00-04:00,2846.60009765625,2846.60009765625,2846.60009765625,2846.300048828125,2846.39990234375,7
2026-09-29 07:45:00-04:00,2846.10009765625,2846.10009765625,2846.699951171875,2845.60009765625,2846.699951171875,37
2026-09-29 07:46:00-04:00,2845.60009765625,2845.60009765625,2846.10009765625,2845.60009765625,2846.0,18
2026-09-29 07:47:00-04:00,2846.39990234375,2846.39990234375,2846.39990234375,2845.10009765625,2845.60009765625,167
2026-09-29 07:48:00-04:00,2846.39990234375,2846.39990234375,2846.800048828125,2846.10009765625,2846.39990234375,260
2026-09-29 07:49:00-04:00,2850.699951171875,2850.699951171875,2851.800048828125,2844.89990234375,2846.199951171875,807
2026-09-29 07:50:00-04:00,2850.199951171875,2850.199951171875,2851.60009765625,2849.199951171875,2850.199951171875,233
2026-09-29 07:51:00-04:00,2848.10009765625,2848.10009765625,2850.300048828125,2847.89990234375,2850.10009765625,143
2026-09-29 07:52:00-04:00,2848.699951171875,2848.699951171875,2849.10009765625,2848.199951171875,2848.199951171875,45
2026-09-29 07:53:00-04:00,2849.10009765625,2849.10009765625,2849.39990234375,2848.199951171875,2848.800048828125,46
2026-09-29 07:54:00-04:00,2849.10009765625,2849.10009765625,2849.10009765625,2848.60009765625,2848.89990234375,17
2026-09-29 07:55:00-04:00,2849.800048828125,2849.800048828125,2850.10009765625,2849.199951171875,2849.199951171875,70
2026-09-29 07:56:00-04:00,2849.5,2849.5,2849.699951171875,2849.300048828125,2849.60009765625,9
2026-09-29 07:57:00-04:00,2849.300048828125,2849.300048828125,2850.0,2849.199951171875,2849.199951171875,50
2026-09-29 07:58:00-04:00,2849.5,2849.5,2849.5,2849.0,2849.39990234375,61
2026-09-29 07:59:00-04:00,2849.39990234375,2849.39990234375,2849.800048828125,2849.10009765625,2849.39990234375,109
2026-09-29 08:00:00-04:00,2849.39990234375,2849.39990234375,2850.10009765625,2849.10009765625,2849.10009765625,101
2026-09-29 08:01:00-04:00,2850.60009765625,2850.60009765625,2851.0,2849.300048828125,2849.39990234375,142
2026-09-29 08:02:00-04:00,2850.199951171875,2850.199951171875,2850.5,2849.800048828125,2850.5,47
2026-09-29 08:03:00-04:00,2850.0,2850.0,2850.199951171875,2849.60009765625,2850.10009765625,175
2026-09-29 08:04:00-04:00,2851.0,2851.0,2851.39990234375,2849.800048828125,2849.800048828125,29
2026-09-29 08:05:00-04:00,2849.39990234375,2849.39990234375,2850.800048828125,2849.300048828125,2850.800048828125,98
2026-09-29 08:06:00-04:00,2848.89990234375,2848.89990234375,2849.5,2848.89990234375,2849.39990234375,95
2026-09-29 08:07:00-04:00,2849.0,2849.0,2849.199951171875,2848.0,2849.0,63
2026-09-29 08:08:00-04:00,2848.60009765625,2848.60009765625,2848.89990234375,2848.60009765625,2848.89990234375,16
2026-09-29 08:09:00-04:00,2848.39990234375,2848.39990234375,2849.300048828125,2848.300048828125,2848.5,39
2026-09-29 08:10:00-04:00,2848.60009765625,2848.60009765625,2848.60009765625,2848.199951171875,2848.199951171875,67
2026-09-29 08:11:00-04:00,2847.199951171875,2847.199951171875,2848.39990234375,2847.10009765625,2848.39990234375,89
2026-09-29 08:12:00-04:00,2847.0,2847.0,2847.60009765625,2847.0,2847.199951171875,71
2026-09-29 08:13:00-04:00,2847.0,2847.0,2848.10009765625,2846.699951171875,2847.10009765625,150
2026-09-29 08:14:00-04:00,2847.0,2847.0,2847.199951171875,2846.800048828125,2846.89990234375,41
2026-09-29 08:15:00-04:00,2848.800048828125,2848.800048828125,2849.0,2847.199951171875,2847.199951171875,120
2026-09-29 08:16:00-04:00,2848.5,2848.5,2848.800048828125,2848.39990234375,2848.800048828125,61
2026-09-29 08:17:00-04:00,2847.199951171875,2847.199951171875,2848.199951171875,2847.10009765625,2848.199951171875,19
2026-09-29 08:18:00-04:00,2847.0,2847.0,2847.0,2846.89990234375,2847.0,13
2026-09-29 08:19:00-04:00,2846.699951171875,2846.699951171875,2847.300048828125,2846.39990234375,2847.300048828125,45
2026-09-29 08:20:00-04:00,2846.199951171875,2846.199951171875,2846.89990234375,2846.199951171875,2846.60009765625,30
2026-09-29 08:21:00-04:00,2846.199951171875,2846.199951171875,2846.5,2846.0,2846.39990234375,37
2026-09-29 08:22:00-04:00,2846.39990234375,2846.39990234375,2846.699951171875,2846.10009765625,2846.10009765625,27
2026-09-29 08:23:00-04:00,2845.89990234375,2845.89990234375,2846.699951171875,2845.699951171875,2846.699951171875,70
2026-09-29 08:24:00-04:00,2845.699951171875,2845.699951171875,2846.10009765625,2845.199951171875,2845.89990234375,57
2026-09-29 08:25:00-04:00,2845.10009765625,2845.10009765625,2845.89990234375,2845.10009765625,2845.699951171875,36
2026-09-29 08:26:00-04:00,2844.800048828125,2844.800048828125,2845.39990234375,2843.89990234375,2845.0,386
2026-09-29 08:27:00-04:00,2844.199951171875,2844.199951171875,2845.60009765625,2844.199951171875,2844.89990234375,172
2026-09-29 08:28:00-04:00,2844.800048828125,2844.800048828125,2845.0,2844.300048828125,2844.699951171875,35
2026-09-29 08:29:00-04:00,2846.199951171875,2846.199951171875,2846.199951171875,2844.89990234375,2844.89990234375,24
2026-09-29 08:30:00-04:00,2845.89990234375,2845.89990234375,2846.699951171875,2845.800048828125,2845.89990234375,133
2026-09-29 08:31:00-04:00,2845.60009765625,2845.60009765625,2845.89990234375,2845.199951171875,2845.800048828125,101
2026-09-29 08:32:00-04:00,2846.5,2846.5,2847.10009765625,2845.60009765625,2845.800048828125,68
2026-09-29 08:33:00-04:00,2845.60009765625,2845.60009765625,2846.699951171875,2845.39990234375,2846.5,48
2026-09-29 08:34:00-04:00,2846.0,2846.0,2846.0,2845.300048828125,2845.5,31
2026-09-29 08:35:00-04:00,2846.199951171875,2846.199951171875,2846.300048828125,2845.800048828125,2846.0,25
2026-09-29 08:36:00-04:00,2845.800048828125,2845.800048828125,2846.199951171875,2845.699951171875,2846.199951171875,23
2026-09-29 08:37:00-04:00,2845.39990234375,2845.39990234375,2845.800048828125,2845.0,2845.800048828125,42
2026-09-29 08:38:00-04:00,2845.199951171875,2845.199951171875,2845.5,2845.10009765625,2845.199951171875,31
2026-09-29 08:39:00-04:00,2844.5,2844.5,2845.39990234375,2844.39990234375,2845.39990234375,29
2026-09-29 08:40:00-04:00,2844.89990234375,2844.89990234375,2844.89990234375,2844.300048828125,2844.5,79
2026-09-29 08:41:00-04:00,2844.60009765625,2844.60009765625,2844.800048828125,2844.39990234375,2844.699951171875,52
2026-09-29 08:42:00-04:00,2844.5,2844.5,2844.89990234375,2844.5,2844.5,45
2026-09-29 08:43:00-04:00,2845.39990234375,2845.39990234375,2845.39990234375,2844.60009765625,2844.60009765625,33
2026-09-29 08:44:00-04:00,2845.300048828125,2845.300048828125,2845.89990234375,2844.800048828125,2845.300048828125,83
2026-09-29 08:45:00-04:00,2844.699951171875,2844.699951171875,2845.39990234375,2844.699951171875,2845.39990234375,43
2026-09-29 08:46:00-04:00,2843.89990234375,2843.89990234375,2844.800048828125,2843.800048828125,2844.60009765625,96
2026-09-29 08:47:00-04:00,2844.10009765625,2844.10009765625,2844.199951171875,2843.800048828125,2843.89990234375,71
2026-09-29 08:48:00-04:00,2844.60009765625,2844.60009765625,2844.60009765625,2843.699951171875,2844.199951171875,41
2026-09-29 08:49:00-04:00,2844.60009765625,2844.60009765625,2844.699951171875,2844.0,2844.39990234375,35
2026-09-29 08:50:00-04:00,2844.199951171875,2844.199951171875,2845.0,2844.199951171875,2844.800048828125,110
2026-09-29 08:51:00-04:00,2844.10009765625,2844.10009765625,2844.39990234375,2844.0,2844.10009765625,39
2026-09-29 08:52:00-04:00,2844.199951171875,2844.199951171875,2844.39990234375,2844.0,2844.10009765625,27
2026-09-29 08:53:00-04:00,2843.199951171875,2843.199951171875,2844.0,2843.10009765625,2844.0,64
2026-09-29 08:54:00-04:00,2842.800048828125,2842.800048828125,2843.199951171875,2842.60009765625,2843.199951171875,96
2026-09-29 08:55:00-04:00,2842.699951171875,2842.699951171875,2843.0,2842.60009765625,2842.89990234375,44
2026-09-29 08:56:00-04:00,2842.699951171875,2842.699951171875,2842.699951171875,2842.5,2842.699951171875,43
2026-09-29 08:57:00-04:00,2842.699951171875,2842.699951171875,2842.89990234375,2842.39990234375,2842.800048828125,53
2026-09-29 08:58:00-04:00,2842.699951171875,2842.699951171875,2842.89990234375,2842.39990234375,2842.699951171875,68
2026-09-29 08:59:00-04:00,2842.5,2842.5,2842.800048828125,2842.39990234375,2842.699951171875,63
2026-09-29 09:00:00-04:00,2842.800048828125,2842.800048828125,2844.0,2842.5,2842.60009765625,114
2026-09-29 09:01:00-04:00,2842.699951171875,2842.699951171875,2843.0,2842.300048828125,2842.800048828125,107
2026-09-29 09:02:00-04:00,2843.0,2843.0,2843.0,2842.60009765625,2842.699951171875,54
2026-09-29 09:03:00-04:00,2843.0,2843.0,2843.300048828125,2842.89990234375,2843.0,53
2026-09-29 09:04:00-04:00,2843.0,2843.0,2843.300048828125,2842.800048828125,2843.10009765625,49
2026-09-29 09:05:00-04:00,2842.699951171875,2842.699951171875,2843.0,2842.60009765625,2843.0,97
2026-09-29 09:06:00-04:00,2843.300048828125,2843.300048828125,2843.39990234375,2842.800048828125,2842.800048828125,77
2026-09-29 09:07:00-04:00,2843.199951171875,2843.199951171875,2843.300048828125,2842.800048828125,2843.199951171875,63
2026-09-29 09:08:00-04:00,2843.10009765625,2843.10009765625,2843.5,2842.699951171875,2843.199951171875,97
2026-09-29 09:09:00-04:00,2843.5,2843.5,2843.699951171875,2843.10009765625,2843.10009765625,81
2026-09-29 09:10:00-04:00,2843.39990234375,2843.39990234375,2843.89990234375,2843.39990234375,2843.60009765625,62
2026-09-29 09:11:00-04:00,2843.89990234375,2843.89990234375,2844.0,2843.199951171875,2843.39990234375,67
2026-09-29 09:12:00-04:00,2844.300048828125,2844.300048828125,2844.300048828125,2843.89990234375,2844.0,81
2026-09-29 09:13:00-04:00,2843.800048828125,2843.800048828125,2844.199951171875,2843.39990234375,2844.199951171875,68
2026-09-29 09:14:00-04:00,2844.89990234375,2844.89990234375,2844.89990234375,2843.699951171875,2843.800048828125,35
2026-09-29 09:15:00-04:00,2844.39990234375,2844.39990234375,2845.199951171875,2844.10009765625,2845.0,41
2026-09-29 09:16:00-04:00,2844.60009765625,2844.60009765625,2844.800048828125,2844.199951171875,2844.300048828125,55
2026-09-29 09:17:00-04:00,2844.300048828125,2844.300048828125,2844.39990234375,2843.39990234375,2844.39990234375,94
2026-09-29 09:18:00-04:00,2843.60009765625,2843.60009765625,2845.300048828125,2843.300048828125,2844.300048828125,115
2026-09-29 09:19:00-04:00,2843.699951171875,2843.699951171875,2843.800048828125,2843.60009765625,2843.699951171875,50
2026-09-29 09:20:00-04:00,2843.39990234375,2843.39990234375,2843.89990234375,2843.39990234375,2843.800048828125,51
2026-09-29 09:21:00-04:00,2842.800048828125,2842.800048828125,2843.300048828125,2842.60009765625,2843.300048828125,88
2026-09-29 09:22:00-04:00,2843.39990234375,2843.39990234375,2843.39990234375,2842.39990234375,2842.800048828125,69
2026-09-29 09:23:00-04:00,2843.89990234375,2843.89990234375,2844.199951171875,2843.39990234375,2843.39990234375,118
2026-09-29 09:24:00-04:00,2843.699951171875,2843.699951171875,2843.800048828125,2843.39990234375,2843.800048828125,93
2026-09-29 09:25:00-04:00,2843.89990234375,2843.89990234375,2844.199951171875,2843.0,2843.699951171875,254
2026-09-29 09:26:00-04:00,2843.89990234375,2843.89990234375,2844.800048828125,2843.5,2843.89990234375,181
2026-09-29 09:27:00-04:00,2844.39990234375,2844.39990234375,2845.10009765625,2843.5,2843.800048828125,244
2026-09-29 09:28:00-04:00,2843.699951171875,2843.699951171875,2844.300048828125,2843.199951171875,2844.300048828125,200
2026-09-29 09:29:00-04:00,2841.199951171875,2841.199951171875,2843.800048828125,2841.10009765625,2843.60009765625,397
2026-09-29 09:30:00-04:00,2843.0,2843.0,2844.699951171875,2840.60009765625,2841.39990234375,2749
2026-09-29 09:31:00-04:00,2839.699951171875,2839.699951171875,2843.60009765625,2839.5,2843.10009765625,1132
2026-09-29 09:32:00-04:00,2838.800048828125,2838.800048828125,2841.10009765625,2837.60009765625,2839.699951171875,921
2026-09-29 09:33:00-04:00,2838.60009765625,2838.60009765625,2841.39990234375,2838.300048828125,2838.699951171875,645
2026-09-29 09:34:00-04:00,2838.39990234375,2838.39990234375,2839.699951171875,2838.0,2838.699951171875,611
2026-09-29 09:35:00-04:00,2839.39990234375,2839.39990234375,2840.39990234375,2838.300048828125,2838.300048828125,761
2026-09-29 09:36:00-04:00,2840.300048828125,2840.300048828125,2840.800048828125,2839.5,2839.60009765625,562
2026-09-29 09:37:00-04:00,2838.199951171875,2838.199951171875,2840.89990234375,2837.39990234375,2840.39990234375,644
2026-09-29 09:38:00-04:00,2839.199951171875,2839.199951171875,2839.89990234375,2838.300048828125,2838.39990234375,487
2026-09-29 09:39:00-04:00,2841.800048828125,2841.800048828125,2841.89990234375,2838.5,2839.10009765625,487
2026-09-29 09:40:00-04:00,2842.89990234375,2842.89990234375,2843.10009765625,2840.39990234375,2841.800048828125,594
2026-09-29 09:41:00-04:00,2847.699951171875,2847.699951171875,2848.10009765625,2842.10009765625,2842.800048828125,1150
2026-09-29 09:42:00-04:00,2847.5,2847.5,2849.10009765625,2846.60009765625,2847.60009765625,1033
2026-09-29 09:43:00-04:00,2844.39990234375,2844.39990234375,2848.199951171875,2844.39990234375,2847.699951171875,878
2026-09-29 09:44:00-04:00,2842.89990234375,2842.89990234375,2844.39990234375,2842.10009765625,2844.39990234375,645
2026-09-29 09:45:00-04:00,2841.699951171875,2841.699951171875,2843.5,2841.39990234375,2842.89990234375,601
2026-09-29 09:46:00-04:00,2840.5,2840.5,2843.5,2839.800048828125,2841.699951171875,514
2026-09-29 09:47:00-04:00,2839.60009765625,2839.60009765625,2842.39990234375,2839.39990234375,2840.39990234375,707
2026-09-29 09:48:00-04:00,2837.5,2837.5,2839.699951171875,2837.300048828125,2839.60009765625,402
2026-09-29 09:49:00-04:00,2839.60009765625,2839.60009765625,2839.800048828125,2836.89990234375,2837.800048828125,318
2026-09-29 09:50:00-04:00,2839.800048828125,2839.800048828125,2841.199951171875,2839.199951171875,2839.39990234375,332
2026-09-29 09:51:00-04:00,2838.800048828125,2838.800048828125,2841.0,2838.800048828125,2840.0,283
2026-09-29 09:52:00-04:00,2840.199951171875,2840.199951171875,2840.199951171875,2838.89990234375,2838.89990234375,314
2026-09-29 09:53:00-04:00,2840.10009765625,2840.10009765625,2841.5,2839.10009765625,2840.10009765625,332
2026-09-29 09:54:00-04:00,2838.10009765625,2838.10009765625,2840.199951171875,2837.39990234375,2839.89990234375,306
2026-09-29 09:55:00-04:00,2838.89990234375,2838.89990234375,2839.300048828125,2837.800048828125,2838.10009765625,331
2026-09-29 09:56:00-04:00,2839.10009765625,2839.10009765625,2839.699951171875,2838.199951171875,2838.89990234375,154
2026-09-29 09:57:00-04:00,2838.60009765625,2838.60009765625,2839.10009765625,2838.199951171875,2839.10009765625,216
2026-09-29 09:58:00-04:00,2837.5,2837.5,2838.39990234375,2837.39990234375,2838.300048828125,288
2026-09-29 09:59:00-04:00,2834.89990234375,2834.89990234375,2837.5,2834.89990234375,2837.39990234375,395
2026-09-29 10:00:00-04:00,2837.60009765625,2837.60009765625,2839.5,2834.699951171875,2834.89990234375,714
2026-09-29 10:01:00-04:00,2836.39990234375,2836.39990234375,2838.10009765625,2836.300048828125,2837.60009765625,411
2026-09-29 10:02:00-04:00,2835.5,2835.5,2838.0,2835.199951171875,2836.60009765625,449
2026-09-29 10:03:00-04:00,2834.5,2834.5,2835.800048828125,2834.0,2835.5,448
2026-09-29 10:04:00-04:00,2833.699951171875,2833.699951171875,2834.5,2832.800048828125,2834.39990234375,483
2026-09-29 10:05:00-04:00,2833.89990234375,2833.89990234375,2835.10009765625,2833.5,2833.699951171875,259
2026-09-29 10:06:00-04:00,2833.39990234375,2833.39990234375,2834.10009765625,2832.60009765625,2834.10009765625,689
2026-09-29 10:07:00-04:00,2830.800048828125,2830.800048828125,2834.0,2830.60009765625,2833.5,329
2026-09-29 10:08:00-04:00,2833.0,2833.0,2833.300048828125,2830.800048828125,2830.800048828125,292
2026-09-29 10:09:00-04:00,2834.60009765625,2834.60009765625,2834.699951171875,2832.199951171875,2833.0,240
2026-09-29 10:10:00-04:00,2833.89990234375,2833.89990234375,2835.5,2833.5,2834.699951171875,247
2026-09-29 10:11:00-04:00,2834.5,2834.5,2835.39990234375,2834.0,2834.0,192
2026-09-29 10:12:00-04:00,2834.199951171875,2834.199951171875,2834.60009765625,2833.39990234375,2834.5,181
2026-09-29 10:13:00-04:00,2835.199951171875,2835.199951171875,2836.199951171875,2834.300048828125,2834.300048828125,235
2026-09-29 10:14:00-04:00,2835.5,2835.5,2836.300048828125,2834.5,2835.10009765625,221
2026-09-29 10:15:00-04:00,2835.5,2835.5,2836.300048828125,2834.699951171875,2835.60009765625,453
2026-09-29 10:16:00-04:00,2835.60009765625,2835.60009765625,2836.5,2835.10009765625,2835.5,732
2026-09-29 10:17:00-04:00,2834.60009765625,2834.60009765625,2835.89990234375,2834.199951171875,2835.699951171875,329
2026-09-29 10:18:00-04:00,2835.300048828125,2835.300048828125,2835.89990234375,2834.199951171875,2834.699951171875,195
2026-09-29 10:19:00-04:00,2836.10009765625,2836.10009765625,2836.199951171875,2834.60009765625,2835.0,184
2026-09-29 10:20:00-04:00,2833.10009765625,2833.10009765625,2836.39990234375,2832.699951171875,2836.10009765625,1051
2026-09-29 10:21:00-04:00,2832.60009765625,2832.60009765625,2833.89990234375,2831.89990234375,2833.300048828125,326
2026-09-29 10:22:00-04:00,2832.89990234375,2832.89990234375,2833.300048828125,2832.199951171875,2832.5,250
2026-09-29 10:23:00-04:00,2833.0,2833.0,2833.699951171875,2831.199951171875,2833.10009765625,447
2026-09-29 10:24:00-04:00,2832.10009765625,2832.10009765625,2833.0,2831.39990234375,2832.89990234375,157
2026-09-29 10:25:00-04:00,2834.300048828125,2834.300048828125,2834.60009765625,2831.699951171875,2832.0,368
2026-09-29 10:26:00-04:00,2835.0,2835.0,2835.300048828125,2833.699951171875,2834.39990234375,174
2026-09-29 10:27:00-04:00,2834.39990234375,2834.39990234375,2835.60009765625,2833.800048828125,2835.0,266
2026-09-29 10:28:00-04:00,2831.89990234375,2831.89990234375,2834.5,2831.89990234375,2834.199951171875,170
2026-09-29 10:29:00-04:00,2832.199951171875,2832.199951171875,2832.39990234375,2831.5,2831.800048828125,257
2026-09-29 10:30:00-04:00,2832.89990234375,2832.89990234375,2834.199951171875,2832.300048828125,2832.300048828125,549
2026-09-29 10:31:00-04:00,2830.199951171875,2830.199951171875,2832.800048828125,2830.199951171875,2832.800048828125,261
2026-09-29 10:32:00-04:00,2829.60009765625,2829.60009765625,2830.800048828125,2828.5,2830.10009765625,343
2026-09-29 10:33:00-04:00,2829.60009765625,2829.60009765625,2829.89990234375,2829.0,2829.5,310
2026-09-29 10:34:00-04:00,2829.699951171875,2829.699951171875,2830.300048828125,2829.199951171875,2829.699951171875,318
2026-09-29 10:35:00-04:00,2829.10009765625,2829.10009765625,2829.89990234375,2828.5,2829.699951171875,216
2026-09-29 10:36:00-04:00,2828.39990234375,2828.39990234375,2829.60009765625,2828.39990234375,2829.199951171875,236
2026-09-29 10:37:00-04:00,2828.39990234375,2828.39990234375,2829.0,2827.89990234375,2828.5,418
2026-09-29 10:38:00-04:00,2829.39990234375,2829.39990234375,2829.5,2827.89990234375,2828.39990234375,404
2026-09-29 10:39:00-04:00,2828.800048828125,2828.800048828125,2829.699951171875,2828.300048828125,2829.300048828125,174
2026-09-29 10:40:00-04:00,2827.800048828125,2827.800048828125,2831.699951171875,2827.39990234375,2828.800048828125,910
2026-09-29 10:41:00-04:00,2826.60009765625,2826.60009765625,2828.199951171875,2826.5,2827.800048828125,350
2026-09-29 10:42:00-04:00,2828.60009765625,2828.60009765625,2828.60009765625,2826.0,2826.60009765625,454
2026-09-29 10:43:00-04:00,2828.0,2828.0,2829.199951171875,2827.699951171875,2828.39990234375,171
2026-09-29 10:44:00-04:00,2829.300048828125,2829.300048828125,2829.5,2827.699951171875,2828.10009765625,264
2026-09-29 10:45:00-04:00,2828.800048828125,2828.800048828125,2829.699951171875,2827.800048828125,2829.39990234375,202
2026-09-29 10:46:00-04:00,2828.10009765625,2828.10009765625,2828.60009765625,2827.699951171875,2828.5,243
2026-09-29 10:47:00-04:00,2828.5,2828.5,2828.699951171875,2827.800048828125,2828.199951171875,218
2026-09-29 10:48:00-04:00,2827.0,2827.0,2829.699951171875,2827.0,2828.199951171875,297
2026-09-29 10:49:00-04:00,2825.60009765625,2825.60009765625,2827.39990234375,2825.5,2827.199951171875,382
2026-09-29 10:50:00-04:00,2827.300048828125,2827.300048828125,2827.39990234375,2825.5,2825.60009765625,624
2026-09-29 10:51:00-04:00,2827.699951171875,2827.699951171875,2827.800048828125,2826.699951171875,2827.199951171875,211
2026-09-29 10:52:00-04:00,2827.89990234375,2827.89990234375,2828.10009765625,2827.199951171875,2827.5,206
2026-09-29 10:53:00-04:00,2827.0,2827.0,2827.89990234375,2825.800048828125,2827.89990234375,144
2026-09-29 10:54:00-04:00,2828.89990234375,2828.89990234375,2829.10009765625,2827.10009765625,2827.199951171875,174
2026-09-29 10:55:00-04:00,2829.300048828125,2829.300048828125,2829.300048828125,2828.300048828125,2828.800048828125,168
2026-09-29 10:56:00-04:00,2829.800048828125,2829.800048828125,2830.10009765625,2829.0,2829.300048828125,260
2026-09-29 10:57:00-04:00,2828.60009765625,2828.60009765625,2829.800048828125,2828.199951171875,2829.800048828125,185
2026-09-29 10:58:00-04:00,2827.10009765625,2827.10009765625,2828.699951171875,2827.0,2828.699951171875,189
2026-09-29 10:59:00-04:00,2826.800048828125,2826.800048828125,2828.0,2826.39990234375,2827.300048828125,216
2026-09-29 11:00:00-04:00,2824.39990234375,2824.39990234375,2827.199951171875,2824.39990234375,2826.60009765625,510
2026-09-29 11:01:00-04:00,2825.199951171875,2825.199951171875,2825.199951171875,2824.39990234375,2824.5,217
2026-09-29 11:02:00-04:00,2824.300048828125,2824.300048828125,2825.199951171875,2823.800048828125,2825.199951171875,341
2026-09-29 11:03:00-04:00,2823.89990234375,2823.89990234375,2824.60009765625,2823.39990234375,2824.199951171875,568
2026-09-29 11:04:00-04:00,2822.89990234375,2822.89990234375,2824.39990234375,2822.89990234375,2823.800048828125,155
2026-09-29 11:05:00-04:00,2823.10009765625,2823.10009765625,2823.699951171875,2822.60009765625,2823.10009765625,400
2026-09-29 11:06:00-04:00,2823.10009765625,2823.10009765625,2823.699951171875,2822.699951171875,2822.89990234375,254
2026-09-29 11:07:00-04:00,2822.699951171875,2822.699951171875,2823.300048828125,2822.39990234375,2823.0,259
2026-09-29 11:08:00-04:00,2821.800048828125,2821.800048828125,2822.60009765625,2821.10009765625,2822.60009765625,311
2026-09-29 11:09:00-04:00,2821.39990234375,2821.39990234375,2822.300048828125,2820.60009765625,2821.699951171875,313
2026-09-29 11:10:00-04:00,2821.199951171875,2821.199951171875,2822.0,2820.800048828125,2821.199951171875,268
2026-09-29 11:11:00-04:00,2820.89990234375,2820.89990234375,2821.5,2820.699951171875,2821.199951171875,179
2026-09-29 11:12:00-04:00,2819.39990234375,2819.39990234375,2821.10009765625,2819.199951171875,2820.89990234375,480
2026-09-29 11:13:00-04:00,2819.60009765625,2819.60009765625,2819.699951171875,2818.800048828125,2819.300048828125,325
2026-09-29 11:14:00-04:00,2820.10009765625,2820.10009765625,2820.199951171875,2819.10009765625,2819.5,155
2026-09-29 11:15:00-04:00,2820.39990234375,2820.39990234375,2821.10009765625,2820.0,2820.199951171875,263
2026-09-29 11:16:00-04:00,2820.10009765625,2820.10009765625,2821.0,2820.10009765625,2820.39990234375,280
2026-09-29 11:17:00-04:00,2819.199951171875,2819.199951171875,2820.300048828125,2819.199951171875,2820.10009765625,191
2026-09-29 11:18:00-04:00,2818.699951171875,2818.699951171875,2819.39990234375,2818.199951171875,2819.199951171875,212
2026-09-29 11:19:00-04:00,2817.89990234375,2817.89990234375,2819.199951171875,2817.89990234375,2818.5,381
2026-09-29 11:20:00-04:00,2817.5,2817.5,2818.39990234375,2817.300048828125,2817.89990234375,272
2026-09-29 11:21:00-04:00,2817.300048828125,2817.300048828125,2817.800048828125,2816.699951171875,2817.60009765625,355
2026-09-29 11:22:00-04:00,2817.0,2817.0,2817.699951171875,2816.60009765625,2817.300048828125,233
2026-09-29 11:23:00-04:00,2816.199951171875,2816.199951171875,2816.89990234375,2815.699951171875,2816.89990234375,421
2026-09-29 11:24:00-04:00,2816.39990234375,2816.39990234375,2816.60009765625,2815.60009765625,2816.199951171875,351
2026-09-29 11:25:00-04:00,2816.89990234375,2816.89990234375,2817.300048828125,2816.199951171875,2816.5,361
2026-09-29 11:26:00-04:00,2816.0,2816.0,2817.89990234375,2816.0,2816.89990234375,295
2026-09-29 11:27:00-04:00,2816.300048828125,2816.300048828125,2816.39990234375,2815.199951171875,2816.199951171875,367
2026-09-29 11:28:00-04:00,2816.199951171875,2816.199951171875,2817.0,2815.699951171875,2816.300048828125,352
2026-09-29 11:29:00-04:00,2817.0,2817.0,2817.199951171875,2815.800048828125,2816.199951171875,263
2026-09-29 11:30:00-04:00,2817.39990234375,2817.39990234375,2818.5,2816.89990234375,2817.10009765625,531
2026-09-29 11:31:00-04:00,2816.60009765625,2816.60009765625,2817.39990234375,2816.199951171875,2817.39990234375,318
2026-09-29 11:32:00-04:00,2817.0,2817.0,2817.300048828125,2816.39990234375,2816.60009765625,237
2026-09-29 11:33:00-04:00,2818.39990234375,2818.39990234375,2818.699951171875,2816.89990234375,2817.0,285
2026-09-29 11:34:00-04:00,2819.199951171875,2819.199951171875,2819.39990234375,2818.39990234375,2818.39990234375,328
2026-09-29 11:35:00-04:00,2819.39990234375,2819.39990234375,2820.0,2818.800048828125,2819.39990234375,420
2026-09-29 11:36:00-04:00,2819.199951171875,2819.199951171875,2820.0,2818.800048828125,2819.5,201
2026-09-29 11:37:00-04:00,2818.5,2818.5,2819.300048828125,2818.199951171875,2819.10009765625,253
2026-09-29 11:38:00-04:00,2819.699951171875,2819.699951171875,2819.699951171875,2817.60009765625,2818.5,257
2026-09-29 11:39:00-04:00,2819.300048828125,2819.300048828125,2820.199951171875,2818.89990234375,2819.699951171875,181
2026-09-29 11:40:00-04:00,2819.10009765625,2819.10009765625,2819.5,2818.699951171875,2819.300048828125,190
2026-09-29 11:41:00-04:00,2818.10009765625,2818.10009765625,2820.10009765625,2818.0,2819.199951171875,215
2026-09-29 11:42:00-04:00,2817.800048828125,2817.800048828125,2818.39990234375,2817.39990234375,2818.0,222
2026-09-29 11:43:00-04:00,2817.0,2817.0,2817.699951171875,2816.39990234375,2817.699951171875,175
2026-09-29 11:44:00-04:00,2818.89990234375,2818.89990234375,2819.199951171875,2816.89990234375,2816.89990234375,172
2026-09-29 11:45:00-04:00,2818.5,2818.5,2819.199951171875,2818.199951171875,2818.89990234375,153
2026-09-29 11:46:00-04:00,2817.199951171875,2817.199951171875,2818.699951171875,2816.89990234375,2818.5,137
2026-09-29 11:47:00-04:00,2821.800048828125,2821.800048828125,2823.10009765625,2816.699951171875,2817.10009765625,2294
2026-09-29 11:48:00-04:00,2819.60009765625,2819.60009765625,2821.199951171875,2818.199951171875,2821.199951171875,477
2026-09-29 11:49:00-04:00,2820.300048828125,2820.300048828125,2821.699951171875,2819.5,2819.60009765625,265
2026-09-29 11:50:00-04:00,2819.10009765625,2819.10009765625,2820.699951171875,2818.699951171875,2820.39990234375,147
2026-09-29 11:51:00-04:00,2817.89990234375,2817.89990234375,2819.300048828125,2817.800048828125,2819.199951171875,221
2026-09-29 11:52:00-04:00,2817.0,2817.0,2818.39990234375,2816.800048828125,2817.699951171875,265
2026-09-29 11:53:00-04:00,2816.300048828125,2816.300048828125,2817.5,2816.0,2817.10009765625,216
2026-09-29 11:54:00-04:00,2816.39990234375,2816.39990234375,2817.10009765625,2815.300048828125,2816.39990234375,280
2026-09-29 11:55:00-04:00,2815.699951171875,2815.699951171875,2816.39990234375,2815.5,2816.39990234375,127
2026-09-29 11:56:00-04:00,2816.199951171875,2816.199951171875,2816.5,2815.5,2815.60009765625,156
2026-09-29 11:57:00-04:00,2816.0,2816.0,2816.39990234375,2815.60009765625,2816.300048828125,245
2026-09-29 11:58:00-04:00,2815.89990234375,2815.89990234375,2816.699951171875,2815.800048828125,2816.10009765625,204
2026-09-29 11:59:00-04:00,2816.699951171875,2816.699951171875,2816.800048828125,2815.800048828125,2815.89990234375,102
2026-09-29 12:00:00-04:00,2816.300048828125,2816.300048828125,2816.89990234375,2815.699951171875,2816.800048828125,406
2026-09-29 12:01:00-04:00,2816.0,2816.0,2816.39990234375,2815.5,2816.300048828125,314
2026-09-29 12:02:00-04:00,2815.89990234375,2815.89990234375,2816.10009765625,2814.60009765625,2816.10009765625,415
2026-09-29 12:03:00-04:00,2815.89990234375,2815.89990234375,2816.300048828125,2815.39990234375,2815.89990234375,138
2026-09-29 12:04:00-04:00,2815.699951171875,2815.699951171875,2816.199951171875,2815.300048828125,2816.0,94
2026-09-29 12:05:00-04:00,2814.89990234375,2814.89990234375,2815.699951171875,2814.800048828125,2815.60009765625,295
2026-09-29 12:06:00-04:00,2815.5,2815.5,2815.5,2814.800048828125,2814.800048828125,206
2026-09-29 12:07:00-04:00,2816.39990234375,2816.39990234375,2816.60009765625,2815.199951171875,2815.39990234375,186
2026-09-29 12:08:00-04:00,2816.800048828125,2816.800048828125,2816.89990234375,2815.39990234375,2816.300048828125,151
2026-09-29 12:09:00-04:00,2817.10009765625,2817.10009765625,2817.39990234375,2816.300048828125,2816.800048828125,152
2026-09-29 12:10:00-04:00,2817.199951171875,2817.199951171875,2817.800048828125,2816.89990234375,2817.0,168
2026-09-29 12:11:00-04:00,2818.10009765625,2818.10009765625,2818.300048828125,2816.699951171875,2817.199951171875,236
2026-09-29 12:12:00-04:00,2817.39990234375,2817.39990234375,2818.10009765625,2817.199951171875,2817.89990234375,144
2026-09-29 12:13:00-04:00,2815.699951171875,2815.699951171875,2817.89990234375,2815.60009765625,2817.300048828125,177
2026-09-29 12:14:00-04:00,2815.0,2815.0,2815.699951171875,2814.89990234375,2815.699951171875,161
2026-09-29 12:15:00-04:00,2815.39990234375,2815.39990234375,2815.699951171875,2814.699951171875,2815.0,248
2026-09-29 12:16:00-04:00,2815.10009765625,2815.10009765625,2815.699951171875,2814.89990234375,2815.39990234375,146
2026-09-29 12:17:00-04:00,2815.5,2815.5,2816.0,2814.89990234375,2815.10009765625,136
2026-09-29 12:18:00-04:00,2815.800048828125,2815.800048828125,2816.0,2815.199951171875,2815.5,90
2026-09-29 12:19:00-04:00,2816.199951171875,2816.199951171875,2816.5,2815.199951171875,2815.800048828125,114
2026-09-29 12:20:00-04:00,2816.5,2816.5,2816.800048828125,2816.10009765625,2816.10009765625,120
2026-09-29 12:21:00-04:00,2815.699951171875,2815.699951171875,2818.0,2815.5,2816.39990234375,370
2026-09-29 12:22:00-04:00,2815.60009765625,2815.60009765625,2816.10009765625,2815.199951171875,2815.699951171875,76
2026-09-29 12:23:00-04:00,2815.800048828125,2815.800048828125,2816.0,2815.0,2815.60009765625,152
2026-09-29 12:24:00-04:00,2815.5,2815.5,2816.39990234375,2815.5,2815.800048828125,61
2026-09-29 12:25:00-04:00,2816.199951171875,2816.199951171875,2816.39990234375,2815.60009765625,2815.60009765625,65
2026-09-29 12:26:00-04:00,2816.699951171875,2816.699951171875,2816.699951171875,2815.699951171875,2816.10009765625,103
2026-09-29 12:27:00-04:00,2816.800048828125,2816.800048828125,2817.199951171875,2816.5,2816.699951171875,103
2026-09-29 12:28:00-04:00,2817.5,2817.5,2817.800048828125,2816.699951171875,2816.699951171875,117
2026-09-29 12:29:00-04:00,2817.199951171875,2817.199951171875,2817.699951171875,2817.10009765625,2817.60009765625,76
2026-09-29 12:30:00-04:00,2817.10009765625,2817.10009765625,2817.300048828125,2816.699951171875,2817.199951171875,104
2026-09-29 12:31:00-04:00,2816.699951171875,2816.699951171875,2817.800048828125,2816.300048828125,2817.10009765625,200
2026-09-29 12:32:00-04:00,2816.300048828125,2816.300048828125,2816.699951171875,2816.199951171875,2816.60009765625,104
2026-09-29 12:33:00-04:00,2816.39990234375,2816.39990234375,2816.60009765625,2816.10009765625,2816.39990234375,100
2026-09-29 12:34:00-04:00,2816.10009765625,2816.10009765625,2816.39990234375,2815.800048828125,2816.300048828125,160
2026-09-29 12:35:00-04:00,2816.39990234375,2816.39990234375,2817.10009765625,2815.89990234375,2815.89990234375,168
2026-09-29 12:36:00-04:00,2816.699951171875,2816.699951171875,2817.0,2815.89990234375,2816.300048828125,165
2026-09-29 12:37:00-04:00,2816.300048828125,2816.300048828125,2816.800048828125,2816.10009765625,2816.699951171875,147
2026-09-29 12:38:00-04:00,2817.199951171875,2817.199951171875,2817.199951171875,2816.0,2816.300048828125,97
2026-09-29 12:39:00-04:00,2816.699951171875,2816.699951171875,2817.199951171875,2816.10009765625,2817.199951171875,112
2026-09-29 12:40:00-04:00,2815.300048828125,2815.300048828125,2816.699951171875,2815.300048828125,2816.699951171875,170
2026-09-29 12:41:00-04:00,2814.60009765625,2814.60009765625,2815.699951171875,2814.199951171875,2815.300048828125,331
2026-09-29 12:42:00-04:00,2814.699951171875,2814.699951171875,2815.0,2814.39990234375,2814.60009765625,233
2026-09-29 12:43:00-04:00,2814.10009765625,2814.10009765625,2815.10009765625,2814.10009765625,2814.60009765625,269
2026-09-29 12:44:00-04:00,2813.5,2813.5,2814.10009765625,2813.39990234375,2814.10009765625,245
2026-09-29 12:45:00-04:00,2812.5,2812.5,2814.0,2812.10009765625,2813.5,530
2026-09-29 12:46:00-04:00,2813.60009765625,2813.60009765625,2813.89990234375,2812.39990234375,2812.60009765625,226
2026-09-29 12:47:00-04:00,2813.699951171875,2813.699951171875,2814.300048828125,2813.300048828125,2813.5,294
2026-09-29 12:48:00-04:00,2814.89990234375,2814.89990234375,2814.89990234375,2813.39990234375,2813.60009765625,120
2026-09-29 12:49:00-04:00,2814.300048828125,2814.300048828125,2815.0,2813.699951171875,2815.0,96
2026-09-29 12:50:00-04:00,2815.0,2815.0,2815.0,2814.10009765625,2814.300048828125,140
2026-09-29 12:51:00-04:00,2814.39990234375,2814.39990234375,2816.0,2814.39990234375,2815.10009765625,241
2026-09-29 12:52:00-04:00,2814.699951171875,2814.699951171875,2815.199951171875,2814.10009765625,2814.39990234375,203
2026-09-29 12:53:00-04:00,2815.0,2815.0,2815.39990234375,2814.800048828125,2814.800048828125,125
2026-09-29 12:54:00-04:00,2814.89990234375,2814.89990234375,2815.699951171875,2814.699951171875,2814.89990234375,136
2026-09-29 12:55:00-04:00,2813.800048828125,2813.800048828125,2814.89990234375,2813.800048828125,2814.89990234375,142
2026-09-29 12:56:00-04:00,2813.199951171875,2813.199951171875,2813.699951171875,2812.800048828125,2813.699951171875,181
2026-09-29 12:57:00-04:00,2814.10009765625,2814.10009765625,2814.199951171875,2813.10009765625,2813.10009765625,250
2026-09-29 12:58:00-04:00,2814.199951171875,2814.199951171875,2814.60009765625,2814.10009765625,2814.10009765625,177
2026-09-29 12:59:00-04:00,2815.0,2815.0,2815.199951171875,2814.10009765625,2814.199951171875,89
2026-09-29 13:00:00-04:00,2813.60009765625,2813.60009765625,2815.0,2813.60009765625,2815.0,219
2026-09-29 13:01:00-04:00,2814.0,2814.0,2814.699951171875,2813.699951171875,2813.699951171875,128
2026-09-29 13:02:00-04:00,2813.5,2813.5,2814.0,2813.199951171875,2813.89990234375,238
2026-09-29 13:03:00-04:00,2813.60009765625,2813.60009765625,2813.60009765625,2812.5,2813.60009765625,157
2026-09-29 13:04:00-04:00,2814.0,2814.0,2814.0,2813.5,2813.60009765625,83
2026-09-29 13:05:00-04:00,2814.300048828125,2814.300048828125,2814.5,2813.699951171875,2813.89990234375,82
2026-09-29 13:06:00-04:00,2813.800048828125,2813.800048828125,2814.300048828125,2813.60009765625,2814.10009765625,81
2026-09-29 13:07:00-04:00,2813.199951171875,2813.199951171875,2813.89990234375,2812.699951171875,2813.89990234375,220
2026-09-29 13:08:00-04:00,2813.199951171875,2813.199951171875,2813.60009765625,2812.800048828125,2813.199951171875,78
2026-09-29 13:09:00-04:00,2812.699951171875,2812.699951171875,2813.300048828125,2812.60009765625,2813.10009765625,143
2026-09-29 13:10:00-04:00,2813.39990234375,2813.39990234375,2813.5,2812.699951171875,2812.699951171875,187
2026-09-29 13:11:00-04:00,2814.39990234375,2814.39990234375,2815.0,2813.5,2813.5,163
2026-09-29 13:12:00-04:00,2814.300048828125,2814.300048828125,2814.60009765625,2814.10009765625,2814.39990234375,98
2026-09-29 13:13:00-04:00,2814.0,2814.0,2814.60009765625,2813.89990234375,2814.300048828125,57
2026-09-29 13:14:00-04:00,2814.10009765625,2814.10009765625,2814.300048828125,2813.699951171875,2813.89990234375,106
2026-09-29 13:15:00-04:00,2814.0,2814.0,2814.60009765625,2813.699951171875,2814.199951171875,147
2026-09-29 13:16:00-04:00,2813.300048828125,2813.300048828125,2814.10009765625,2812.39990234375,2814.0,131
2026-09-29 13:17:00-04:00,2813.10009765625,2813.10009765625,2813.89990234375,2813.10009765625,2813.199951171875,131
2026-09-29 13:18:00-04:00,2812.5,2812.5,2813.5,2812.5,2813.199951171875,107
2026-09-29 13:19:00-04:00,2813.0,2813.0,2813.5,2812.39990234375,2812.5,121
2026-09-29 13:20:00-04:00,2813.10009765625,2813.10009765625,2813.5,2812.60009765625,2813.10009765625,153
2026-09-29 13:21:00-04:00,2812.89990234375,2812.89990234375,2813.199951171875,2811.89990234375,2813.0,338
2026-09-29 13:22:00-04:00,2813.39990234375,2813.39990234375,2813.60009765625,2813.10009765625,2813.10009765625,78
2026-09-29 13:23:00-04:00,2814.300048828125,2814.300048828125,2814.39990234375,2813.300048828125,2813.39990234375,131
2026-09-29 13:24:00-04:00,2814.699951171875,2814.699951171875,2814.800048828125,2814.10009765625,2814.10009765625,87
2026-09-29 13:25:00-04:00,2814.0,2814.0,2814.89990234375,2814.0,2814.800048828125,148
2026-09-29 13:26:00-04:00,2813.699951171875,2813.699951171875,2814.10009765625,2813.39990234375,2813.89990234375,104
2026-09-29 13:27:00-04:00,2813.699951171875,2813.699951171875,2813.800048828125,2813.300048828125,2813.699951171875,97
2026-09-29 13:28:00-04:00,2813.60009765625,2813.60009765625,2813.800048828125,2813.0,2813.800048828125,85
2026-09-29 13:29:00-04:00,2814.300048828125,2814.300048828125,2814.5,2813.60009765625,2813.60009765625,118
2026-09-29 13:30:00-04:00,2814.300048828125,2814.300048828125,2814.60009765625,2814.0,2814.199951171875,241
2026-09-29 13:31:00-04:00,2815.0,2815.0,2815.300048828125,2813.89990234375,2814.300048828125,199
2026-09-29 13:32:00-04:00,2815.300048828125,2815.300048828125,2815.300048828125,2814.699951171875,2814.89990234375,209
2026-09-29 13:33:00-04:00,2814.800048828125,2814.800048828125,2815.800048828125,2814.60009765625,2815.199951171875,289
2026-09-29 13:34:00-04:00,2814.89990234375,2814.89990234375,2815.39990234375,2814.60009765625,2814.800048828125,367
2026-09-29 13:35:00-04:00,2814.699951171875,2814.699951171875,2815.199951171875,2814.699951171875,2814.89990234375,117
2026-09-29 13:36:00-04:00,2815.10009765625,2815.10009765625,2815.199951171875,2814.300048828125,2814.60009765625,93
2026-09-29 13:37:00-04:00,2814.800048828125,2814.800048828125,2815.300048828125,2814.800048828125,2815.199951171875,137
2026-09-29 13:38:00-04:00,2814.89990234375,2814.89990234375,2815.5,2814.60009765625,2814.800048828125,151
2026-09-29 13:39:00-04:00,2815.300048828125,2815.300048828125,2815.39990234375,2814.60009765625,2814.800048828125,63
2026-09-29 13:40:00-04:00,2815.89990234375,2815.89990234375,2815.89990234375,2815.199951171875,2815.199951171875,96
2026-09-29 13:41:00-04:00,2815.5,2815.5,2815.89990234375,2815.39990234375,2815.800048828125,84
2026-09-29 13:42:00-04:00,2815.60009765625,2815.60009765625,2815.800048828125,2815.199951171875,2815.300048828125,187
2026-09-29 13:43:00-04:00,2815.5,2815.5,2815.60009765625,2815.10009765625,2815.5,87
2026-09-29 13:44:00-04:00,2816.699951171875,2816.699951171875,2816.800048828125,2815.5,2815.5,237
2026-09-29 13:45:00-04:00,2817.10009765625,2817.10009765625,2817.60009765625,2816.699951171875,2816.699951171875,223
2026-09-29 13:46:00-04:00,2816.60009765625,2816.60009765625,2818.300048828125,2816.60009765625,2817.0,1012
2026-09-29 13:47:00-04:00,2816.89990234375,2816.89990234375,2817.10009765625,2816.300048828125,2816.699951171875,123
2026-09-29 13:48:00-04:00,2816.5,2816.5,2817.0,2815.89990234375,2816.89990234375,152
2026-09-29 13:49:00-04:00,2816.39990234375,2816.39990234375,2817.10009765625,2816.199951171875,2816.300048828125,96
2026-09-29 13:50:00-04:00,2816.10009765625,2816.10009765625,2816.800048828125,2816.10009765625,2816.5,114
2026-09-29 13:51:00-04:00,2815.89990234375,2815.89990234375,2816.199951171875,2815.699951171875,2816.199951171875,122
2026-09-29 13:52:00-04:00,2814.89990234375,2814.89990234375,2816.199951171875,2814.89990234375,2815.89990234375,198
2026-09-29 13:53:00-04:00,2814.39990234375,2814.39990234375,2815.199951171875,2813.699951171875,2815.0,233
2026-09-29 13:54:00-04:00,2814.39990234375,2814.39990234375,2815.0,2814.300048828125,2814.300048828125,150
2026-09-29 13:55:00-04:00,2814.300048828125,2814.300048828125,2814.5,2813.800048828125,2814.39990234375,172
2026-09-29 13:56:00-04:00,2814.300048828125,2814.300048828125,2814.300048828125,2813.89990234375,2814.199951171875,82
2026-09-29 13:57:00-04:00,2813.5,2813.5,2814.39990234375,2813.300048828125,2814.300048828125,108
2026-09-29 13:58:00-04:00,2813.199951171875,2813.199951171875,2813.5,2812.800048828125,2813.300048828125,136
2026-09-29 13:59:00-04:00,2813.800048828125,2813.800048828125,2813.89990234375,2813.0,2813.10009765625,110
2026-09-29 14:00:00-04:00,2821.10009765625,2821.10009765625,2822.60009765625,2813.800048828125,2813.89990234375,2461
2026-09-29 14:01:00-04:00,2818.300048828125,2818.300048828125,2822.39990234375,2818.199951171875,2821.0,554
2026-09-29 14:02:00-04:00,2819.60009765625,2819.60009765625,2820.300048828125,2818.0,2818.199951171875,394
2026-09-29 14:03:00-04:00,2817.89990234375,2817.89990234375,2819.60009765625,2817.39990234375,2819.60009765625,201
2026-09-29 14:04:00-04:00,2821.300048828125,2821.300048828125,2821.5,2817.800048828125,2818.0,263
2026-09-29 14:05:00-04:00,2821.39990234375,2821.39990234375,2822.300048828125,2820.10009765625,2821.300048828125,627
2026-09-29 14:06:00-04:00,2822.10009765625,2822.10009765625,2822.699951171875,2821.300048828125,2821.60009765625,462
2026-09-29 14:07:00-04:00,2820.199951171875,2820.199951171875,2822.300048828125,2819.39990234375,2822.10009765625,345
2026-09-29 14:08:00-04:00,2820.0,2820.0,2821.199951171875,2819.89990234375,2820.300048828125,270
2026-09-29 14:09:00-04:00,2818.0,2818.0,2820.39990234375,2817.800048828125,2820.0,616
2026-09-29 14:10:00-04:00,2818.199951171875,2818.199951171875,2818.89990234375,2817.60009765625,2818.0,455
2026-09-29 14:11:00-04:00,2817.5,2817.5,2818.300048828125,2817.10009765625,2818.10009765625,131
2026-09-29 14:12:00-04:00,2817.5,2817.5,2818.0,2817.300048828125,2817.5,101
2026-09-29 14:13:00-04:00,2819.0,2819.0,2819.60009765625,2817.199951171875,2817.5,332
2026-09-29 14:14:00-04:00,2819.5,2819.5,2820.39990234375,2819.0,2819.10009765625,230
2026-09-29 14:15:00-04:00,2820.10009765625,2820.10009765625,2820.199951171875,2819.39990234375,2819.5,155
2026-09-29 14:16:00-04:00,2820.60009765625,2820.60009765625,2821.199951171875,2820.10009765625,2820.10009765625,226
2026-09-29 14:17:00-04:00,2820.300048828125,2820.300048828125,2821.0,2819.89990234375,2820.5,168
2026-09-29 14:18:00-04:00,2820.300048828125,2820.300048828125,2820.5,2819.89990234375,2820.199951171875,113
2026-09-29 14:19:00-04:00,2821.0,2821.0,2821.60009765625,2820.10009765625,2820.199951171875,479
2026-09-29 14:20:00-04:00,2821.699951171875,2821.699951171875,2821.699951171875,2820.60009765625,2821.0,136
2026-09-29 14:21:00-04:00,2822.5,2822.5,2822.60009765625,2821.10009765625,2821.699951171875,319
2026-09-29 14:22:00-04:00,2822.199951171875,2822.199951171875,2822.5,2821.60009765625,2822.39990234375,267
2026-09-29 14:23:00-04:00,2821.800048828125,2821.800048828125,2822.5,2821.800048828125,2822.10009765625,303
2026-09-29 14:24:00-04:00,2820.10009765625,2820.10009765625,2822.0,2820.0,2821.699951171875,129
2026-09-29 14:25:00-04:00,2820.199951171875,2820.199951171875,2820.699951171875,2820.0,2820.199951171875,148
2026-09-29 14:26:00-04:00,2820.300048828125,2820.300048828125,2821.10009765625,2820.199951171875,2820.199951171875,95
2026-09-29 14:27:00-04:00,2820.39990234375,2820.39990234375,2820.60009765625,2820.0,2820.300048828125,125
2026-09-29 14:28:00-04:00,2821.39990234375,2821.39990234375,2821.89990234375,2820.199951171875,2820.199951171875,156
2026-09-29 14:29:00-04:00,2821.39990234375,2821.39990234375,2822.5,2821.0,2821.39990234375,1280
2026-09-29 14:30:00-04:00,2819.89990234375,2819.89990234375,2824.10009765625,2819.60009765625,2821.39990234375,1458
2026-09-29 14:31:00-04:00,2819.199951171875,2819.199951171875,2820.699951171875,2818.800048828125,2820.0,297
2026-09-29 14:32:00-04:00,2819.800048828125,2819.800048828125,2820.39990234375,2819.199951171875,2819.199951171875,129
2026-09-29 14:33:00-04:00,2819.10009765625,2819.10009765625,2820.60009765625,2819.10009765625,2819.89990234375,61
2026-09-29 14:34:00-04:00,2819.5,2819.5,2820.0,2818.800048828125,2819.10009765625,108
2026-09-29 14:35:00-04:00,2820.39990234375,2820.39990234375,2820.5,2819.10009765625,2819.60009765625,255
2026-09-29 14:36:00-04:00,2820.800048828125,2820.800048828125,2821.10009765625,2820.0,2820.300048828125,155
2026-09-29 14:37:00-04:00,2821.199951171875,2821.199951171875,2821.39990234375,2820.699951171875,2820.89990234375,126
2026-09-29 14:38:00-04:00,2823.199951171875,2823.199951171875,2823.199951171875,2820.800048828125,2821.10009765625,291
2026-09-29 14:39:00-04:00,2825.0,2825.0,2825.300048828125,2823.199951171875,2823.300048828125,737
2026-09-29 14:40:00-04:00,2826.0,2826.0,2826.199951171875,2824.89990234375,2825.0,751
2026-09-29 14:41:00-04:00,2826.89990234375,2826.89990234375,2827.199951171875,2825.699951171875,2825.89990234375,457
2026-09-29 14:42:00-04:00,2824.89990234375,2824.89990234375,2827.0,2824.89990234375,2827.0,322
2026-09-29 14:43:00-04:00,2823.89990234375,2823.89990234375,2825.10009765625,2823.5,2824.800048828125,335
2026-09-29 14:44:00-04:00,2823.89990234375,2823.89990234375,2824.300048828125,2823.10009765625,2823.800048828125,188
2026-09-29 14:45:00-04:00,2824.199951171875,2824.199951171875,2824.89990234375,2823.699951171875,2824.0,749
2026-09-29 14:46:00-04:00,2823.5,2823.5,2824.39990234375,2823.300048828125,2824.10009765625,272
2026-09-29 14:47:00-04:00,2823.10009765625,2823.10009765625,2823.5,2822.300048828125,2823.39990234375,258
2026-09-29 14:48:00-04:00,2823.60009765625,2823.60009765625,2823.800048828125,2823.10009765625,2823.10009765625,121
2026-09-29 14:49:00-04:00,2823.199951171875,2823.199951171875,2823.699951171875,2822.89990234375,2823.699951171875,140
2026-09-29 14:50:00-04:00,2823.0,2823.0,2823.39990234375,2822.60009765625,2823.10009765625,131
2026-09-29 14:51:00-04:00,2823.10009765625,2823.10009765625,2823.39990234375,2822.800048828125,2823.10009765625,149
2026-09-29 14:52:00-04:00,2823.699951171875,2823.699951171875,2823.89990234375,2822.89990234375,2823.10009765625,125
2026-09-29 14:53:00-04:00,2823.5,2823.5,2824.0,2823.199951171875,2823.60009765625,142
2026-09-29 14:54:00-04:00,2822.89990234375,2822.89990234375,2823.39990234375,2822.89990234375,2823.39990234375,99
2026-09-29 14:55:00-04:00,2823.199951171875,2823.199951171875,2823.60009765625,2822.800048828125,2822.89990234375,140
2026-09-29 14:56:00-04:00,2823.699951171875,2823.699951171875,2824.0,2823.10009765625,2823.300048828125,92
2026-09-29 14:57:00-04:00,2822.89990234375,2822.89990234375,2823.699951171875,2822.699951171875,2823.699951171875,100
2026-09-29 14:58:00-04:00,2823.5,2823.5,2823.800048828125,2822.800048828125,2823.0,73
2026-09-29 14:59:00-04:00,2824.5,2824.5,2824.699951171875,2823.5,2823.5,108
2026-09-29 15:00:00-04:00,2824.199951171875,2824.199951171875,2825.0,2824.0,2824.5,400
2026-09-29 15:01:00-04:00,2825.199951171875,2825.199951171875,2825.89990234375,2824.10009765625,2824.199951171875,705
2026-09-29 15:02:00-04:00,2825.10009765625,2825.10009765625,2825.5,2824.89990234375,2825.10009765625,169
2026-09-29 15:03:00-04:00,2825.800048828125,2825.800048828125,2826.60009765625,2825.199951171875,2825.300048828125,295
2026-09-29 15:04:00-04:00,2826.0,2826.0,2826.0,2825.39990234375,2825.699951171875,118
2026-09-29 15:05:00-04:00,2826.10009765625,2826.10009765625,2826.39990234375,2825.699951171875,2826.10009765625,158
2026-09-29 15:06:00-04:00,2825.39990234375,2825.39990234375,2826.10009765625,2825.300048828125,2825.89990234375,105
2026-09-29 15:07:00-04:00,2825.300048828125,2825.300048828125,2825.800048828125,2825.10009765625,2825.39990234375,120
2026-09-29 15:08:00-04:00,2825.199951171875,2825.199951171875,2825.699951171875,2825.0,2825.39990234375,86
2026-09-29 15:09:00-04:00,2825.10009765625,2825.10009765625,2825.89990234375,2824.800048828125,2825.199951171875,212
2026-09-29 15:10:00-04:00,2824.800048828125,2824.800048828125,2825.300048828125,2824.5,2825.199951171875,337
2026-09-29 15:11:00-04:00,2824.89990234375,2824.89990234375,2824.89990234375,2824.10009765625,2824.699951171875,204
2026-09-29 15:12:00-04:00,2825.0,2825.0,2825.300048828125,2824.699951171875,2824.800048828125,87
2026-09-29 15:13:00-04:00,2825.39990234375,2825.39990234375,2825.800048828125,2824.800048828125,2825.0,55
2026-09-29 15:14:00-04:00,2825.199951171875,2825.199951171875,2825.39990234375,2825.0,2825.39990234375,173
2026-09-29 15:15:00-04:00,2824.800048828125,2824.800048828125,2825.5,2824.39990234375,2825.300048828125,187
2026-09-29 15:16:00-04:00,2825.199951171875,2825.199951171875,2825.39990234375,2824.800048828125,2824.89990234375,314
2026-09-29 15:17:00-04:00,2825.39990234375,2825.39990234375,2825.39990234375,2824.800048828125,2825.10009765625,207
2026-09-29 15:18:00-04:00,2826.10009765625,2826.10009765625,2826.199951171875,2825.300048828125,2825.300048828125,404
2026-09-29 15:19:00-04:00,2826.199951171875,2826.199951171875,2826.800048828125,2825.800048828125,2826.10009765625,484
2026-09-29 15:20:00-04:00,2826.5,2826.5,2826.699951171875,2825.699951171875,2826.10009765625,227
2026-09-29 15:21:00-04:00,2827.10009765625,2827.10009765625,2827.300048828125,2826.300048828125,2826.5,312
2026-09-29 15:22:00-04:00,2827.800048828125,2827.800048828125,2828.0,2827.0,2827.0,376
2026-09-29 15:23:00-04:00,2827.699951171875,2827.699951171875,2828.0,2827.5,2827.800048828125,218
2026-09-29 15:24:00-04:00,2826.60009765625,2826.60009765625,2828.0,2826.60009765625,2827.60009765625,507
2026-09-29 15:25:00-04:00,2826.699951171875,2826.699951171875,2827.0,2826.199951171875,2826.699951171875,184
2026-09-29 15:26:00-04:00,2826.89990234375,2826.89990234375,2827.0,2826.5,2826.60009765625,118
2026-09-29 15:27:00-04:00,2827.0,2827.0,2827.300048828125,2826.800048828125,2826.800048828125,106
2026-09-29 15:28:00-04:00,2826.300048828125,2826.300048828125,2827.199951171875,2826.0,2827.199951171875,179
2026-09-29 15:29:00-04:00,2826.5,2826.5,2826.699951171875,2825.60009765625,2826.300048828125,227
2026-09-29 15:30:00-04:00,2825.699951171875,2825.699951171875,2826.60009765625,2825.39990234375,2826.5,302
2026-09-29 15:31:00-04:00,2826.10009765625,2826.10009765625,2826.199951171875,2825.5,2825.699951171875,303
2026-09-29 15:32:00-04:00,2826.60009765625,2826.60009765625,2827.10009765625,2826.10009765625,2826.199951171875,402
2026-09-29 15:33:00-04:00,2826.800048828125,2826.800048828125,2827.10009765625,2826.39990234375,2826.699951171875,414
2026-09-29 15:34:00-04:00,2827.300048828125,2827.300048828125,2827.300048828125,2826.699951171875,2826.89990234375,237
2026-09-29 15:35:00-04:00,2826.5,2826.5,2827.39990234375,2826.199951171875,2827.199951171875,285
2026-09-29 15:36:00-04:00,2827.0,2827.0,2827.199951171875,2826.5,2826.5,172
2026-09-29 15:37:00-04:00,2827.300048828125,2827.300048828125,2827.800048828125,2827.0,2827.10009765625,171
2026-09-29 15:38:00-04:00,2827.800048828125,2827.800048828125,2827.89990234375,2827.199951171875,2827.300048828125,153
2026-09-29 15:39:00-04:00,2827.199951171875,2827.199951171875,2827.89990234375,2827.199951171875,2827.800048828125,126
2026-09-29 15:40:00-04:00,2826.699951171875,2826.699951171875,2827.199951171875,2826.5,2827.199951171875,198
2026-09-29 15:41:00-04:00,2826.0,2826.0,2826.89990234375,2825.89990234375,2826.60009765625,253
2026-09-29 15:42:00-04:00,2826.60009765625,2826.60009765625,2826.800048828125,2825.60009765625,2825.89990234375,325
2026-09-29 15:43:00-04:00,2826.300048828125,2826.300048828125,2826.60009765625,2826.199951171875,2826.60009765625,172
2026-09-29 15:44:00-04:00,2825.699951171875,2825.699951171875,2826.199951171875,2825.300048828125,2826.199951171875,448
2026-09-29 15:45:00-04:00,2825.39990234375,2825.39990234375,2826.0,2825.199951171875,2825.699951171875,573
2026-09-29 15:46:00-04:00,2825.60009765625,2825.60009765625,2826.10009765625,2825.39990234375,2825.60009765625,486
2026-09-29 15:47:00-04:00,2826.5,2826.5,2826.5,2825.10009765625,2825.60009765625,394
2026-09-29 15:48:00-04:00,2825.800048828125,2825.800048828125,2826.699951171875,2825.39990234375,2826.5,398
2026-09-29 15:49:00-04:00,2825.89990234375,2825.89990234375,2826.60009765625,2825.699951171875,2825.800048828125,558
2026-09-29 15:50:00-04:00,2827.0,2827.0,2827.39990234375,2825.800048828125,2826.0,920
2026-09-29 15:51:00-04:00,2828.10009765625,2828.10009765625,2828.10009765625,2826.699951171875,2827.0,801
2026-09-29 15:52:00-04:00,2828.300048828125,2828.300048828125,2828.60009765625,2827.39990234375,2828.0,704
2026-09-29 15:53:00-04:00,2828.300048828125,2828.300048828125,2828.60009765625,2827.89990234375,2828.300048828125,820
2026-09-29 15:54:00-04:00,2828.10009765625,2828.10009765625,2828.800048828125,2827.60009765625,2828.300048828125,1268
2026-09-29 15:55:00-04:00,2828.0,2828.0,2828.39990234375,2826.89990234375,2828.10009765625,1334
2026-09-29 15:56:00-04:00,2828.199951171875,2828.199951171875,2828.199951171875,2827.5,2828.0,805
2026-09-29 15:57:00-04:00,2828.800048828125,2828.800048828125,2829.10009765625,2828.0,2828.10009765625,1124
2026-09-29 15:58:00-04:00,2828.89990234375,2828.89990234375,2829.39990234375,2828.300048828125,2828.89990234375,2199
2026-09-29 15:59:00-04:00,2829.5,2829.5,2830.10009765625,2828.300048828125,2828.89990234375,14590
2026-09-29 16:00:00-04:00,2831.10009765625,2831.10009765625,2831.10009765625,2829.300048828125,2829.5,2232
2026-09-29 16:01:00-04:00,2829.5,2829.5,2831.199951171875,2829.39990234375,2831.10009765625,822
2026-09-29 16:02:00-04:00,2829.699951171875,2829.699951171875,2829.89990234375,2829.199951171875,2829.39990234375,346
2026-09-29 16:03:00-04:00,2829.699951171875,2829.699951171875,2830.10009765625,2829.60009765625,2829.699951171875,239
2026-09-29 16:04:00-04:00,2829.5,2829.5,2829.60009765625,2829.300048828125,2829.60009765625,193
2026-09-29 16:05:00-04:00,2829.10009765625,2829.10009765625,2829.5,2828.699951171875,2829.5,521
2026-09-29 16:06:00-04:00,2829.60009765625,2829.60009765625,2829.699951171875,2829.0,2829.10009765625,157
2026-09-29 16:07:00-04:00,2829.5,2829.5,2829.800048828125,2829.5,2829.699951171875,157
2026-09-29 16:08:00-04:00,2829.39990234375,2829.39990234375,2829.800048828125,2829.39990234375,2829.5,93
2026-09-29 16:09:00-04:00,2829.60009765625,2829.60009765625,2829.699951171875,2829.10009765625,2829.39990234375,382
2026-09-29 16:10:00-04:00,2829.800048828125,2829.800048828125,2830.0,2829.5,2829.699951171875,93
2026-09-29 16:11:00-04:00,2830.0,2830.0,2830.0,2829.60009765625,2829.699951171875,120
2026-09-29 16:12:00-04:00,2829.89990234375,2829.89990234375,2830.199951171875,2829.89990234375,2830.0,46
2026-09-29 16:13:00-04:00,2830.199951171875,2830.199951171875,2830.300048828125,2829.89990234375,2829.89990234375,52
2026-09-29 16:14:00-04:00,2829.699951171875,2829.699951171875,2830.300048828125,2829.5,2830.10009765625,85
2026-09-29 16:15:00-04:00,2829.89990234375,2829.89990234375,2829.89990234375,2829.699951171875,2829.89990234375,34
2026-09-29 16:16:00-04:00,2829.800048828125,2829.800048828125,2829.89990234375,2829.699951171875,2829.800048828125,53
2026-09-29 16:17:00-04:00,2830.0,2830.0,2830.10009765625,2829.800048828125,2829.800048828125,90
2026-09-29 16:18:00-04:00,2830.699951171875,2830.699951171875,2830.699951171875,2830.10009765625,2830.10009765625,143
2026-09-29 16:19:00-04:00,2830.800048828125,2830.800048828125,2830.89990234375,2830.5,2830.60009765625,28
2026-09-29 16:20:00-04:00,2831.10009765625,2831.10009765625,2831.199951171875,2830.699951171875,2830.699951171875,59
2026-09-29 16:21:00-04:00,2831.199951171875,2831.199951171875,2831.199951171875,2830.89990234375,2831.0,37
2026-09-29 16:22:00-04:00,2831.199951171875,2831.199951171875,2831.5,2831.199951171875,2831.199951171875,64
2026-09-29 16:23:00-04:00,2831.300048828125,2831.300048828125,2831.300048828125,2831.10009765625,2831.300048828125,43
2026-09-29 16:24:00-04:00,2831.199951171875,2831.199951171875,2831.300048828125,2831.10009765625,2831.300048828125,47
2026-09-29 16:25:00-04:00,2831.5,2831.5,2831.699951171875,2831.10009765625,2831.199951171875,249
2026-09-29 16:26:00-04:00,2831.699951171875,2831.699951171875,2831.699951171875,2831.39990234375,2831.39990234375,44
2026-09-29 16:27:00-04:00,2831.5,2831.5,2831.800048828125,2831.5,2831.60009765625,64
2026-09-29 16:28:00-04:00,2831.60009765625,2831.60009765625,2831.60009765625,2831.39990234375,2831.5,141
2026-09-29 16:29:00-04:00,2831.5,2831.5,2831.800048828125,2831.39990234375,2831.60009765625,127
2026-09-29 16:30:00-04:00,2831.60009765625,2831.60009765625,2831.699951171875,2831.39990234375,2831.5,47
2026-09-29 16:31:00-04:00,2831.199951171875,2831.199951171875,2831.800048828125,2831.199951171875,2831.5,113
2026-09-29 16:32:00-04:00,2831.300048828125,2831.300048828125,2831.300048828125,2831.10009765625,2831.10009765625,68
2026-09-29 16:33:00-04:00,2831.60009765625,2831.60009765625,2831.699951171875,2831.300048828125,2831.300048828125,79
2026-09-29 16:34:00-04:00,2831.800048828125,2831.800048828125,2831.89990234375,2831.699951171875,2831.800048828125,41
2026-09-29 16:35:00-04:00,2832.0,2832.0,2832.39990234375,2831.699951171875,2831.89990234375,146
2026-09-29 16:36:00-04:00,2831.60009765625,2831.60009765625,2832.0,2831.5,2832.0,155
2026-09-29 16:37:00-04:00,2832.10009765625,2832.10009765625,2832.10009765625,2831.60009765625,2831.699951171875,70
2026-09-29 16:38:00-04:00,2832.10009765625,2832.10009765625,2832.10009765625,2831.89990234375,2832.10009765625,73
2026-09-29 16:39:00-04:00,2832.39990234375,2832.39990234375,2832.5,2832.10009765625,2832.10009765625,56
2026-09-29 16:40:00-04:00,2832.10009765625,2832.10009765625,2832.699951171875,2832.10009765625,2832.39990234375,134
2026-09-29 16:41:00-04:00,2832.300048828125,2832.300048828125,2832.300048828125,2832.0,2832.10009765625,20
2026-09-29 16:42:00-04:00,2832.5,2832.5,2832.5,2832.199951171875,2832.39990234375,97
2026-09-29 16:43:00-04:00,2832.60009765625,2832.60009765625,2832.60009765625,2832.39990234375,2832.5,33
2026-09-29 16:44:00-04:00,2832.5,2832.5,2832.5,2832.10009765625,2832.39990234375,66
2026-09-29 16:45:00-04:00,2832.5,2832.5,2832.60009765625,2832.300048828125,2832.5,69
2026-09-29 16:46:00-04:00,2832.39990234375,2832.39990234375,2832.39990234375,2832.10009765625,2832.300048828125,144
2026-09-29 16:47:00-04:00,2832.300048828125,2832.300048828125,2832.5,2831.800048828125,2832.300048828125,132
2026-09-29 16:48:00-04:00,2831.800048828125,2831.800048828125,2832.39990234375,2831.699951171875,2832.300048828125,33
2026-09-29 16:49:00-04:00,2831.800048828125,2831.800048828125,2832.0,2831.699951171875,2831.800048828125,36
2026-09-29 16:50:00-04:00,2831.699951171875,2831.699951171875,2832.0,2831.5,2832.0,110
2026-09-29 16:51:00-04:00,2831.5,2831.5,2831.800048828125,2831.5,2831.800048828125,20
2026-09-29 16:52:00-04:00,2831.699951171875,2831.699951171875,2831.699951171875,2831.5,2831.60009765625,23
2026-09-29 16:53:00-04:00,2831.39990234375,2831.39990234375,2831.800048828125,2831.199951171875,2831.60009765625,70
2026-09-29 16:54:00-04:00,2831.39990234375,2831.39990234375,2831.39990234375,2831.300048828125,2831.300048828125,11
2026-09-29 16:55:00-04:00,2831.39990234375,2831.39990234375,2831.60009765625,2831.300048828125,2831.300048828125,58
2026-09-29 16:56:00-04:00,2831.199951171875,2831.199951171875,2831.39990234375,2831.199951171875,2831.300048828125,29
2026-09-29 16:57:00-04:00,2831.10009765625,2831.10009765625,2831.199951171875,2830.89990234375,2831.10009765625,72
2026-09-29 16:58:00-04:00,2831.60009765625,2831.60009765625,2831.800048828125,2831.0,2831.10009765625,164
2026-09-29 16:59:00-04:00,2831.39990234375,2831.39990234375,2831.60009765625,2831.199951171875,2831.5,121
2026-09-29 18:00:00-04:00,2831.800048828125,2831.800048828125,2832.300048828125,2831.39990234375,2831.60009765625,0
2026-09-29 18:01:00-04:00,2832.699951171875,2832.699951171875,2832.800048828125,2831.5,2832.199951171875,227
2026-09-29 18:02:00-04:00,2833.39990234375,2833.39990234375,2833.39990234375,2832.800048828125,2832.800048828125,21
2026-09-29 18:03:00-04:00,2833.699951171875,2833.699951171875,2834.0,2833.39990234375,2833.5,21
2026-09-29 18:04:00-04:00,2833.0,2833.0,2834.0,2833.0,2833.800048828125,12
2026-09-29 18:05:00-04:00,2834.300048828125,2834.300048828125,2834.89990234375,2833.300048828125,2833.300048828125,34
2026-09-29 18:06:00-04:00,2834.5,2834.5,2834.800048828125,2834.10009765625,2834.199951171875,30
2026-09-29 18:07:00-04:00,2835.300048828125,2835.300048828125,2835.300048828125,2834.39990234375,2834.39990234375,120
2026-09-29 18:08:00-04:00,2835.39990234375,2835.39990234375,2835.5,2835.300048828125,2835.300048828125,15
2026-09-29 18:09:00-04:00,2835.5,2835.5,2835.5,2835.300048828125,2835.300048828125,3
2026-09-29 18:10:00-04:00,2835.699951171875,2835.699951171875,2835.800048828125,2835.60009765625,2835.60009765625,8
2026-09-29 18:11:00-04:00,2835.199951171875,2835.199951171875,2835.5,2835.10009765625,2835.5,14
2026-09-29 18:12:00-04:00,2835.5,2835.5,2835.5,2835.199951171875,2835.199951171875,13
2026-09-29 18:13:00-04:00,2835.5,2835.5,2835.699951171875,2835.5,2835.60009765625,6
2026-09-29 18:14:00-04:00,2835.300048828125,2835.300048828125,2835.39990234375,2835.300048828125,2835.39990234375,3
2026-09-29 18:15:00-04:00,2835.39990234375,2835.39990234375,2835.60009765625,2835.0,2835.10009765625,22
2026-09-29 18:16:00-04:00,2835.39990234375,2835.39990234375,2835.5,2835.39990234375,2835.39990234375,3
2026-09-29 18:17:00-04:00,2835.699951171875,2835.699951171875,2835.699951171875,2835.39990234375,2835.5,9
2026-09-29 18:18:00-04:00,2835.89990234375,2835.89990234375,2835.89990234375,2835.39990234375,2835.5,35
2026-09-29 18:19:00-04:00,2837.0,2837.0,2837.39990234375,2835.60009765625,2835.60009765625,386
2026-09-29 18:20:00-04:00,2838.0,2838.0,2838.199951171875,2836.89990234375,2836.89990234375,353
2026-09-29 18:21:00-04:00,2837.199951171875,2837.199951171875,2838.0,2837.0,2838.0,126
2026-09-29 18:22:00-04:00,2836.699951171875,2836.699951171875,2837.5,2836.699951171875,2837.300048828125,37
2026-09-29 18:23:00-04:00,2836.300048828125,2836.300048828125,2836.60009765625,2836.300048828125,2836.60009765625,16
2026-09-29 18:24:00-04:00,2836.300048828125,2836.300048828125,2836.39990234375,2836.300048828125,2836.300048828125,9
2026-09-29 18:25:00-04:00,2836.39990234375,2836.39990234375,2836.5,2836.300048828125,2836.300048828125,8
2026-09-29 18:26:00-04:00,2836.300048828125,2836.300048828125,2836.300048828125,2836.300048828125,2836.300048828125,1
2026-09-29 18:27:00-04:00,2835.300048828125,2835.300048828125,2836.199951171875,2835.199951171875,2836.199951171875,35
2026-09-29 18:28:00-04:00,2835.5,2835.5,2835.5,2834.89990234375,2835.10009765625,38
2026-09-29 18:29:00-04:00,2835.5,2835.5,2835.5,2835.199951171875,2835.39990234375,73
2026-09-29 18:30:00-04:00,2834.699951171875,2834.699951171875,2835.60009765625,2834.5,2835.60009765625,22
2026-09-29 18:31:00-04:00,2835.5,2835.5,2835.5,2835.0,2835.0,10
2026-09-29 18:32:00-04:00,2835.199951171875,2835.199951171875,2835.300048828125,2835.0,2835.300048828125,19
2026-09-29 18:33:00-04:00,2834.60009765625,2834.60009765625,2835.199951171875,2834.60009765625,2835.0,37
2026-09-29 18:34:00-04:00,2835.199951171875,2835.199951171875,2835.199951171875,2834.699951171875,2834.699951171875,11
2026-09-29 18:35:00-04:00,2834.60009765625,2834.60009765625,2835.0,2834.60009765625,2835.0,17
2026-09-29 18:36:00-04:00,2834.699951171875,2834.699951171875,2834.800048828125,2834.5,2834.5,9
2026-09-29 18:37:00-04:00,2835.10009765625,2835.10009765625,2835.10009765625,2834.800048828125,2834.800048828125,5
2026-09-29 18:38:00-04:00,2834.699951171875,2834.699951171875,2835.0,2834.699951171875,2834.89990234375,17
2026-09-29 18:39:00-04:00,2834.5,2834.5,2834.800048828125,2834.5,2834.800048828125,26
2026-09-29 18:40:00-04:00,2834.5,2834.5,2834.60009765625,2834.5,2834.60009765625,4
2026-09-29 18:41:00-04:00,2834.699951171875,2834.699951171875,2834.89990234375,2834.60009765625,2834.60009765625,31
2026-09-29 18:42:00-04:00,2834.699951171875,2834.699951171875,2835.0,2834.699951171875,2834.699951171875,11
2026-09-29 18:43:00-04:00,2834.699951171875,2834.699951171875,2834.699951171875,2834.5,2834.699951171875,9
2026-09-29 18:44:00-04:00,2834.699951171875,2834.699951171875,2834.699951171875,2834.5,2834.60009765625,15
2026-09-29 18:45:00-04:00,2834.800048828125,2834.800048828125,2834.800048828125,2834.699951171875,2834.699951171875,3
2026-09-29 18:46:00-04:00,2834.699951171875,2834.699951171875,2834.800048828125,2834.699951171875,2834.699951171875,9
2026-09-29 18:47:00-04:00,2834.60009765625,2834.60009765625,2834.699951171875,2834.39990234375,2834.60009765625,74
2026-09-29 18:48:00-04:00,2834.60009765625,2834.60009765625,2834.60009765625,2834.60009765625,2834.60009765625,4
2026-09-29 18:49:00-04:00,2834.5,2834.5,2834.5,2834.5,2834.5,3
2026-09-29 18:50:00-04:00,2834.60009765625,2834.60009765625,2834.60009765625,2834.60009765625,2834.60009765625,3
2026-09-29 18:51:00-04:00,2834.800048828125,2834.800048828125,2834.800048828125,2834.5,2834.5,10
2026-09-29 18:52:00-04:00,2834.89990234375,2834.89990234375,2834.89990234375,2834.60009765625,2834.60009765625,7
2026-09-29 18:53:00-04:00,2835.0,2835.0,2835.0,2834.800048828125,2835.0,8
2026-09-29 18:54:00-04:00,2834.5,2834.5,2834.800048828125,2834.5,2834.800048828125,5
2026-09-29 18:55:00-04:00,2834.5,2834.5,2834.5,2834.39990234375,2834.39990234375,5
2026-09-29 18:56:00-04:00,2834.60009765625,2834.60009765625,2834.60009765625,2834.5,2834.5,7
2026-09-29 18:57:00-04:00,2834.5,2834.5,2834.60009765625,2834.5,2834.60009765625,2
2026-09-29 18:58:00-04:00,2834.5,2834.5,2834.5,2834.39990234375,2834.39990234375,4
2026-09-29 18:59:00-04:00,2834.199951171875,2834.199951171875,2834.5,2834.199951171875,2834.39990234375,17
2026-09-29 19:00:00-04:00,2834.60009765625,2834.60009765625,2834.60009765625,2834.300048828125,2834.5,13
2026-09-29 19:01:00-04:00,2834.39990234375,2834.39990234375,2834.60009765625,2834.39990234375,2834.60009765625,6
2026-09-29 19:02:00-04:00,2833.89990234375,2833.89990234375,2834.199951171875,2833.89990234375,2834.199951171875,13
2026-09-29 19:03:00-04:00,2834.0,2834.0,2834.0,2833.89990234375,2833.89990234375,10
2026-09-29 19:04:00-04:00,2834.10009765625,2834.10009765625,2834.10009765625,2834.10009765625,2834.10009765625,3
2026-09-29 19:05:00-04:00,2834.10009765625,2834.10009765625,2834.10009765625,2834.0,2834.0,8
2026-09-29 19:06:00-04:00,2834.10009765625,2834.10009765625,2834.10009765625,2833.89990234375,2833.89990234375,11
2026-09-29 19:07:00-04:00,2833.699951171875,2833.699951171875,2834.0,2833.699951171875,2834.0,9
2026-09-29 19:08:00-04:00,2834.10009765625,2834.10009765625,2834.10009765625,2833.89990234375,2833.89990234375,7
2026-09-29 19:09:00-04:00,2834.0,2834.0,2834.0,2833.800048828125,2833.89990234375,5
2026-09-29 19:10:00-04:00,2834.199951171875,2834.199951171875,2834.199951171875,2834.0,2834.0,3
2026-09-29 19:11:00-04:00,2834.10009765625,2834.10009765625,2834.10009765625,2833.800048828125,2834.10009765625,13
2026-09-29 19:12:00-04:00,2834.39990234375,2834.39990234375,2834.60009765625,2834.199951171875,2834.39990234375,7
2026-09-29 19:13:00-04:00,2834.800048828125,2834.800048828125,2834.800048828125,2834.60009765625,2834.60009765625,15
2026-09-29 19:14:00-04:00,2834.800048828125,2834.800048828125,2834.89990234375,2834.800048828125,2834.89990234375,2
2026-09-29 19:15:00-04:00,2834.699951171875,2834.699951171875,2834.699951171875,2834.699951171875,2834.699951171875,2
2026-09-29 19:16:00-04:00,2834.800048828125,2834.800048828125,2834.89990234375,2834.800048828125,2834.89990234375,2
2026-09-29 19:17:00-04:00,2835.0,2835.0,2835.0,2834.800048828125,2834.800048828125,8
2026-09-29 19:18:00-04:00,2834.89990234375,2834.89990234375,2834.89990234375,2834.89990234375,2834.89990234375,2
2026-09-29 19:19:00-04:00,2834.800048828125,2834.800048828125,2834.800048828125,2834.800048828125,2834.800048828125,1
2026-09-29 19:20:00-04:00,2834.800048828125,2834.800048828125,2834.800048828125,2834.800048828125,2834.800048828125,3
2026-09-29 19:21:00-04:00,2834.60009765625,2834.60009765625,2834.699951171875,2834.60009765625,2834.699951171875,5
2026-09-29 19:22:00-04:00,2834.60009765625,2834.60009765625,2834.800048828125,2834.60009765625,2834.800048828125,4
2026-09-29 19:23:00-04:00,2834.5,2834.5,2834.5,2834.5,2834.5,2
2026-09-29 19:24:00-04:00,2834.39990234375,2834.39990234375,2834.39990234375,2834.39990234375,2834.39990234375,1
2026-09-29 19:25:00-04:00,2834.39990234375,2834.39990234375,2834.5,2834.39990234375,2834.5,5
2026-09-29 19:26:00-04:00,2834.60009765625,2834.60009765625,2834.60009765625,2834.60009765625,2834.60009765625,2
2026-09-29 19:27:00-04:00,2834.800048828125,2834.800048828125,2834.800048828125,2834.800048828125,2834.800048828125,2
2026-09-29 19:28:00-04:00,2834.89990234375,2834.89990234375,2835.10009765625,2834.800048828125,2834.800048828125,8
2026-09-29 19:29:00-04:00,2834.89990234375,2834.89990234375,2835.0,2834.800048828125,2834.800048828125,33
2026-09-29 19:30:00-04:00,2834.60009765625,2834.60009765625,2834.800048828125,2834.60009765625,2834.800048828125,5
2026-09-29 19:31:00-04:00,2834.60009765625,2834.60009765625,2834.699951171875,2834.60009765625,2834.699951171875,10
2026-09-29 19:32:00-04:00,2834.699951171875,2834.699951171875,2834.699951171875,2834.39990234375,2834.39990234375,4
2026-09-29 19:33:00-04:00,2834.800048828125,2834.800048828125,2834.800048828125,2834.699951171875,2834.800048828125,10
2026-09-29 19:34:00-04:00,2835.5,2835.5,2835.800048828125,2835.0,2835.0,27
2026-09-29 19:35:00-04:00,2836.0,2836.0,2836.10009765625,2835.800048828125,2835.89990234375,9
2026-09-29 19:36:00-04:00,2835.800048828125,2835.800048828125,2835.89990234375,2835.800048828125,2835.89990234375,4
2026-09-29 19:37:00-04:00,2836.0,2836.0,2836.0,2836.0,2836.0,1
2026-09-29 19:38:00-04:00,2836.699951171875,2836.699951171875,2836.699951171875,2836.10009765625,2836.10009765625,13
2026-09-29 19:39:00-04:00,2836.699951171875,2836.699951171875,2836.699951171875,2836.5,2836.60009765625,11
2026-09-29 19:40:00-04:00,2836.300048828125,2836.300048828125,2836.699951171875,2836.300048828125,2836.699951171875,10
2026-09-29 19:41:00-04:00,2836.39990234375,2836.39990234375,2836.39990234375,2836.300048828125,2836.300048828125,2
2026-09-29 19:42:00-04:00,2836.39990234375,2836.39990234375,2836.800048828125,2836.39990234375,2836.699951171875,19
2026-09-29 19:43:00-04:00,2836.60009765625,2836.60009765625,2836.60009765625,2836.60009765625,2836.60009765625,1
2026-09-29 19:44:00-04:00,2836.60009765625,2836.60009765625,2836.699951171875,2836.60009765625,2836.699951171875,3
2026-09-29 19:45:00-04:00,2836.60009765625,2836.60009765625,2836.699951171875,2836.5,2836.5,14
2026-09-29 19:46:00-04:00,2837.10009765625,2837.10009765625,2837.300048828125,2836.60009765625,2836.60009765625,34
2026-09-29 19:47:00-04:00,2837.300048828125,2837.300048828125,2837.300048828125,2837.199951171875,2837.199951171875,12
2026-09-29 19:48:00-04:00,2837.60009765625,2837.60009765625,2837.699951171875,2837.39990234375,2837.39990234375,21
2026-09-29 19:49:00-04:00,2837.5,2837.5,2837.699951171875,2837.5,2837.60009765625,7
2026-09-29 19:50:00-04:00,2837.0,2837.0,2837.300048828125,2837.0,2837.300048828125,9
2026-09-29 19:51:00-04:00,2837.10009765625,2837.10009765625,2837.10009765625,2837.10009765625,2837.10009765625,1
2026-09-29 19:52:00-04:00,2837.300048828125,2837.300048828125,2837.39990234375,2837.199951171875,2837.199951171875,9
2026-09-29 19:53:00-04:00,2837.5,2837.5,2837.699951171875,2837.300048828125,2837.300048828125,8
2026-09-29 19:54:00-04:00,2837.800048828125,2837.800048828125,2837.800048828125,2837.5,2837.5,4
2026-09-29 19:55:00-04:00,2838.39990234375,2838.39990234375,2838.39990234375,2837.800048828125,2837.800048828125,14
2026-09-29 19:56:00-04:00,2838.10009765625,2838.10009765625,2838.300048828125,2838.10009765625,2838.300048828125,3
2026-09-29 19:57:00-04:00,2838.39990234375,2838.39990234375,2838.39990234375,2838.10009765625,2838.300048828125,41
2026-09-29 19:58:00-04:00,2838.300048828125,2838.300048828125,2838.300048828125,2838.300048828125,2838.300048828125,3
2026-09-29 19:59:00-04:00,2838.39990234375,2838.39990234375,2838.39990234375,2838.0,2838.0,22
2026-09-29 20:00:00-04:00,2838.10009765625,2838.10009765625,2838.39990234375,2837.699951171875,2838.39990234375,114
2026-09-29 20:01:00-04:00,2838.0,2838.0,2838.199951171875,2837.699951171875,2837.89990234375,41
2026-09-29 20:02:00-04:00,2838.10009765625,2838.10009765625,2838.300048828125,2837.89990234375,2838.0,46
2026-09-29 20:03:00-04:00,2838.39990234375,2838.39990234375,2838.699951171875,2838.0,2838.199951171875,25
2026-09-29 20:04:00-04:00,2838.39990234375,2838.39990234375,2838.39990234375,2838.10009765625,2838.199951171875,16
2026-09-29 20:05:00-04:00,2839.300048828125,2839.300048828125,2839.5,2838.10009765625,2838.300048828125,108
2026-09-29 20:06:00-04:00,2839.699951171875,2839.699951171875,2839.699951171875,2839.199951171875,2839.39990234375,38
2026-09-29 20:07:00-04:00,2839.0,2839.0,2839.60009765625,2839.0,2839.60009765625,33
2026-09-29 20:08:00-04:00,2838.699951171875,2838.699951171875,2839.199951171875,2838.699951171875,2839.0,10
2026-09-29 20:09:00-04:00,2838.89990234375,2838.89990234375,2839.10009765625,2838.800048828125,2838.89990234375,10
2026-09-29 20:10:00-04:00,2838.89990234375,2838.89990234375,2839.10009765625,2838.89990234375,2839.10009765625,9
2026-09-29 20:11:00-04:00,2838.199951171875,2838.199951171875,2838.5,2838.199951171875,2838.300048828125,11
2026-09-29 20:12:00-04:00,2838.300048828125,2838.300048828125,2838.5,2838.10009765625,2838.10009765625,22
2026-09-29 20:13:00-04:00,2838.800048828125,2838.800048828125,2838.800048828125,2838.199951171875,2838.60009765625,40
2026-09-29 20:14:00-04:00,2838.60009765625,2838.60009765625,2838.699951171875,2838.5,2838.699951171875,5
2026-09-29 20:15:00-04:00,2839.0,2839.0,2839.300048828125,2838.300048828125,2838.39990234375,22
2026-09-29 20:16:00-04:00,2838.60009765625,2838.60009765625,2839.10009765625,2838.60009765625,2838.89990234375,18
2026-09-29 20:17:00-04:00,2837.800048828125,2837.800048828125,2838.699951171875,2837.800048828125,2838.5,45
2026-09-29 20:18:00-04:00,2838.10009765625,2838.10009765625,2838.10009765625,2837.800048828125,2837.89990234375,25
2026-09-29 20:19:00-04:00,2837.89990234375,2837.89990234375,2838.10009765625,2837.800048828125,2837.89990234375,8
2026-09-29 20:20:00-04:00,2837.5,2837.5,2837.89990234375,2837.39990234375,2837.89990234375,80
2026-09-29 20:21:00-04:00,2837.60009765625,2837.60009765625,2837.800048828125,2837.5,2837.5,21
2026-09-29 20:22:00-04:00,2837.300048828125,2837.300048828125,2837.800048828125,2837.300048828125,2837.699951171875,19
2026-09-29 20:23:00-04:00,2837.5,2837.5,2837.5,2837.300048828125,2837.39990234375,9
2026-09-29 20:24:00-04:00,2837.60009765625,2837.60009765625,2837.800048828125,2837.60009765625,2837.60009765625,6
2026-09-29 20:25:00-04:00,2837.89990234375,2837.89990234375,2838.0,2837.699951171875,2837.800048828125,18
2026-09-29 20:26:00-04:00,2837.699951171875,2837.699951171875,2837.800048828125,2837.60009765625,2837.800048828125,11
2026-09-29 20:27:00-04:00,2837.0,2837.0,2837.60009765625,2836.89990234375,2837.60009765625,32
2026-09-29 20:28:00-04:00,2837.199951171875,2837.199951171875,2837.199951171875,2836.89990234375,2837.0,14
2026-09-29 20:29:00-04:00,2837.199951171875,2837.199951171875,2837.300048828125,2837.199951171875,2837.300048828125,2
2026-09-29 20:30:00-04:00,2837.199951171875,2837.199951171875,2837.39990234375,2836.89990234375,2837.10009765625,26
2026-09-29 20:31:00-04:00,2836.800048828125,2836.800048828125,2837.10009765625,2836.800048828125,2837.10009765625,12
2026-09-29 20:32:00-04:00,2837.39990234375,2837.39990234375,2837.39990234375,2837.0,2837.0,7
2026-09-29 20:33:00-04:00,2838.10009765625,2838.10009765625,2838.10009765625,2837.300048828125,2837.300048828125,19
2026-09-29 20:34:00-04:00,2838.10009765625,2838.10009765625,2838.199951171875,2838.10009765625,2838.199951171875,3
2026-09-29 20:35:00-04:00,2836.800048828125,2836.800048828125,2837.800048828125,2836.800048828125,2837.800048828125,20
2026-09-29 20:36:00-04:00,2836.60009765625,2836.60009765625,2837.199951171875,2836.60009765625,2836.89990234375,9
2026-09-29 20:37:00-04:00,2836.10009765625,2836.10009765625,2836.5,2836.0,2836.5,15
2026-09-29 20:38:00-04:00,2835.800048828125,2835.800048828125,2836.199951171875,2835.800048828125,2836.199951171875,10
2026-09-29 20:39:00-04:00,2835.39990234375,2835.39990234375,2835.60009765625,2835.39990234375,2835.60009765625,7
2026-09-29 20:40:00-04:00,2835.5,2835.5,2835.5,2835.199951171875,2835.5,12
2026-09-29 20:41:00-04:00,2836.10009765625,2836.10009765625,2836.199951171875,2835.39990234375,2835.5,16
2026-09-29 20:42:00-04:00,2835.5,2835.5,2835.89990234375,2835.5,2835.89990234375,11
2026-09-29 20:43:00-04:00,2835.60009765625,2835.60009765625,2835.699951171875,2835.60009765625,2835.60009765625,7
2026-09-29 20:44:00-04:00,2835.39990234375,2835.39990234375,2835.699951171875,2835.199951171875,2835.60009765625,11
2026-09-29 20:45:00-04:00,2835.5,2835.5,2835.5,2835.300048828125,2835.39990234375,12
2026-09-29 20:46:00-04:00,2835.5,2835.5,2835.5,2835.39990234375,2835.5,7
2026-09-29 20:47:00-04:00,2835.39990234375,2835.39990234375,2835.5,2835.199951171875,2835.5,17
2026-09-29 20:48:00-04:00,2834.89990234375,2834.89990234375,2835.5,2834.800048828125,2835.300048828125,16
2026-09-29 20:49:00-04:00,2834.800048828125,2834.800048828125,2834.800048828125,2834.800048828125,2834.800048828125,5
2026-09-29 20:50:00-04:00,2834.800048828125,2834.800048828125,2834.89990234375,2834.699951171875,2834.800048828125,6
2026-09-29 20:51:00-04:00,2834.699951171875,2834.699951171875,2835.0,2834.60009765625,2835.0,7
2026-09-29 20:52:00-04:00,2835.0,2835.0,2835.0,2834.800048828125,2834.800048828125,5
2026-09-29 20:53:00-04:00,2835.0,2835.0,2835.0,2834.800048828125,2835.0,12
2026-09-29 20:54:00-04:00,2834.699951171875,2834.699951171875,2835.0,2834.699951171875,2835.0,5
2026-09-29 20:55:00-04:00,2835.0,2835.0,2835.199951171875,2834.800048828125,2834.800048828125,9
2026-09-29 20:56:00-04:00,2835.10009765625,2835.10009765625,2835.39990234375,2835.10009765625,2835.39990234375,8
2026-09-29 20:57:00-04:00,2835.5,2835.5,2835.5,2835.10009765625,2835.10009765625,7
2026-09-29 20:58:00-04:00,2835.300048828125,2835.300048828125,2835.60009765625,2835.300048828125,2835.5,11
2026-09-29 20:59:00-04:00,2835.10009765625,2835.10009765625,2835.199951171875,2835.0,2835.199951171875,8
2026-09-29 21:00:00-04:00,2834.89990234375,2834.89990234375,2835.199951171875,2834.89990234375,2835.10009765625,20
2026-09-29 21:01:00-04:00,2834.89990234375,2834.89990234375,2835.300048828125,2834.800048828125,2835.199951171875,29
2026-09-29 21:02:00-04:00,2835.0,2835.0,2835.0,2834.800048828125,2835.0,9
2026-09-29 21:03:00-04:00,2834.699951171875,2834.699951171875,2834.800048828125,2834.699951171875,2834.800048828125,5
2026-09-29 21:04:00-04:00,2834.699951171875,2834.699951171875,2835.0,2834.699951171875,2835.0,8
2026-09-29 21:05:00-04:00,2834.5,2834.5,2834.89990234375,2834.5,2834.699951171875,10
2026-09-29 21:06:00-04:00,2834.300048828125,2834.300048828125,2834.5,2834.199951171875,2834.5,46
2026-09-29 21:07:00-04:00,2834.10009765625,2834.10009765625,2834.300048828125,2834.0,2834.300048828125,21
2026-09-29 21:08:00-04:00,2833.800048828125,2833.800048828125,2834.300048828125,2833.699951171875,2834.199951171875,16
2026-09-29 21:09:00-04:00,2834.300048828125,2834.300048828125,2834.300048828125,2833.89990234375,2834.0,7
2026-09-29 21:10:00-04:00,2833.800048828125,2833.800048828125,2834.300048828125,2833.800048828125,2834.300048828125,17
2026-09-29 21:11:00-04:00,2833.800048828125,2833.800048828125,2833.89990234375,2833.800048828125,2833.800048828125,19
2026-09-29 21:12:00-04:00,2833.60009765625,2833.60009765625,2833.89990234375,2833.60009765625,2833.60009765625,9
2026-09-29 21:13:00-04:00,2833.5,2833.5,2833.5,2833.300048828125,2833.39990234375,21
2026-09-29 21:14:00-04:00,2833.39990234375,2833.39990234375,2833.800048828125,2833.39990234375,2833.699951171875,17
2026-09-29 21:15:00-04:00,2833.5,2833.5,2833.60009765625,2833.39990234375,2833.60009765625,9
2026-09-29 21:16:00-04:00,2833.60009765625,2833.60009765625,2833.699951171875,2833.60009765625,2833.60009765625,6
2026-09-29 21:17:00-04:00,2834.0,2834.0,2834.0,2833.5,2833.5,7
2026-09-29 21:18:00-04:00,2834.0,2834.0,2834.0,2833.699951171875,2833.800048828125,4
2026-09-29 21:20:00-04:00,2833.89990234375,2833.89990234375,2834.10009765625,2833.699951171875,2833.800048828125,21
2026-09-29 21:21:00-04:00,2833.800048828125,2833.800048828125,2834.199951171875,2833.800048828125,2834.0,9
2026-09-29 21:22:00-04:00,2833.800048828125,2833.800048828125,2833.89990234375,2833.800048828125,2833.800048828125,4
2026-09-29 21:23:00-04:00,2833.800048828125,2833.800048828125,2833.800048828125,2833.800048828125,2833.800048828125,6
2026-09-29 21:24:00-04:00,2833.0,2833.0,2833.60009765625,2833.0,2833.60009765625,15
2026-09-29 21:25:00-04:00,2833.199951171875,2833.199951171875,2833.199951171875,2833.199951171875,2833.199951171875,1
2026-09-29 21:26:00-04:00,2833.199951171875,2833.199951171875,2833.300048828125,2833.10009765625,2833.300048828125,18
2026-09-29 21:27:00-04:00,2833.10009765625,2833.10009765625,2833.10009765625,2833.0,2833.10009765625,8
2026-09-29 21:28:00-04:00,2833.0,2833.0,2833.0,2833.0,2833.0,17
2026-09-29 21:29:00-04:00,2833.0,2833.0,2833.10009765625,2833.0,2833.10009765625,5
2026-09-29 21:30:00-04:00,2834.10009765625,2834.10009765625,2834.199951171875,2832.699951171875,2833.0,88
2026-09-29 21:31:00-04:00,2834.699951171875,2834.699951171875,2834.699951171875,2833.699951171875,2833.89990234375,25
2026-09-29 21:32:00-04:00,2836.10009765625,2836.10009765625,2836.10009765625,2834.5,2834.699951171875,14
2026-09-29 21:33:00-04:00,2836.0,2836.0,2836.0,2835.300048828125,2835.60009765625,14
2026-09-29 21:34:00-04:00,2836.199951171875,2836.199951171875,2836.39990234375,2836.199951171875,2836.199951171875,12
2026-09-29 21:35:00-04:00,2836.699951171875,2836.699951171875,2836.89990234375,2836.0,2836.10009765625,24
2026-09-29 21:36:00-04:00,2836.5,2836.5,2836.89990234375,2836.5,2836.89990234375,12
2026-09-29 21:37:00-04:00,2835.89990234375,2835.89990234375,2836.5,2835.89990234375,2836.5,6
2026-09-29 21:38:00-04:00,2835.0,2835.0,2835.89990234375,2835.0,2835.800048828125,21
2026-09-29 21:39:00-04:00,2835.39990234375,2835.39990234375,2835.39990234375,2835.300048828125,2835.39990234375,7
2026-09-29 21:40:00-04:00,2836.199951171875,2836.199951171875,2836.199951171875,2835.800048828125,2835.800048828125,9
2026-09-29 21:41:00-04:00,2836.5,2836.5,2836.800048828125,2836.39990234375,2836.39990234375,15
2026-09-29 21:42:00-04:00,2836.5,2836.5,2836.89990234375,2836.39990234375,2836.39990234375,11
2026-09-29 21:43:00-04:00,2836.39990234375,2836.39990234375,2836.60009765625,2836.300048828125,2836.39990234375,14
2026-09-29 21:44:00-04:00,2836.199951171875,2836.199951171875,2836.39990234375,2836.199951171875,2836.39990234375,6
2026-09-29 21:45:00-04:00,2835.800048828125,2835.800048828125,2835.89990234375,2835.699951171875,2835.89990234375,6
2026-09-29 21:46:00-04:00,2835.39990234375,2835.39990234375,2836.10009765625,2835.39990234375,2836.10009765625,24
2026-09-29 21:47:00-04:00,2835.39990234375,2835.39990234375,2835.5,2835.0,2835.300048828125,50
2026-09-29 21:48:00-04:00,2835.39990234375,2835.39990234375,2835.89990234375,2835.10009765625,2835.60009765625,54
2026-09-29 21:49:00-04:00,2835.699951171875,2835.699951171875,2835.699951171875,2835.39990234375,2835.39990234375,22
2026-09-29 21:50:00-04:00,2836.10009765625,2836.10009765625,2836.10009765625,2835.60009765625,2835.699951171875,29
2026-09-29 21:51:00-04:00,2836.0,2836.0,2836.10009765625,2835.800048828125,2835.800048828125,31
2026-09-29 21:52:00-04:00,2835.199951171875,2835.199951171875,2836.0,2835.10009765625,2836.0,41
2026-09-29 21:53:00-04:00,2835.300048828125,2835.300048828125,2835.5,2835.199951171875,2835.300048828125,42
2026-09-29 21:54:00-04:00,2836.60009765625,2836.60009765625,2836.89990234375,2835.39990234375,2835.39990234375,102
2026-09-29 21:55:00-04:00,2836.39990234375,2836.39990234375,2836.60009765625,2836.199951171875,2836.39990234375,25
2026-09-29 21:56:00-04:00,2836.39990234375,2836.39990234375,2836.39990234375,2836.10009765625,2836.39990234375,33
2026-09-29 21:57:00-04:00,2837.0,2837.0,2837.0,2836.300048828125,2836.5,36
2026-09-29 21:58:00-04:00,2836.89990234375,2836.89990234375,2837.300048828125,2836.199951171875,2837.0,76
2026-09-29 21:59:00-04:00,2837.10009765625,2837.10009765625,2837.10009765625,2836.39990234375,2836.800048828125,38
2026-09-29 22:00:00-04:00,2837.60009765625,2837.60009765625,2837.60009765625,2837.199951171875,2837.300048828125,6
2026-09-29 22:01:00-04:00,2837.699951171875,2837.699951171875,2837.800048828125,2837.39990234375,2837.39990234375,11
2026-09-29 22:02:00-04:00,2837.39990234375,2837.39990234375,2837.39990234375,2837.300048828125,2837.300048828125,6
2026-09-29 22:03:00-04:00,2837.300048828125,2837.300048828125,2837.300048828125,2837.300048828125,2837.300048828125,1
2026-09-29 22:04:00-04:00,2837.39990234375,2837.39990234375,2837.39990234375,2837.39990234375,2837.39990234375,4
2026-09-29 22:05:00-04:00,2837.0,2837.0,2837.199951171875,2837.0,2837.10009765625,5
2026-09-29 22:06:00-04:00,2836.89990234375,2836.89990234375,2836.89990234375,2836.699951171875,2836.699951171875,5
2026-09-29 22:07:00-04:00,2837.60009765625,2837.60009765625,2837.60009765625,2837.10009765625,2837.10009765625,9
2026-09-29 22:08:00-04:00,2836.800048828125,2836.800048828125,2837.39990234375,2836.800048828125,2837.39990234375,9
2026-09-29 22:09:00-04:00,2837.0,2837.0,2837.0,2836.39990234375,2836.39990234375,13
2026-09-29 22:10:00-04:00,2836.5,2836.5,2836.89990234375,2836.39990234375,2836.89990234375,10
2026-09-29 22:11:00-04:00,2836.39990234375,2836.39990234375,2836.60009765625,2836.39990234375,2836.60009765625,8
2026-09-29 22:12:00-04:00,2836.199951171875,2836.199951171875,2836.300048828125,2836.199951171875,2836.199951171875,5
2026-09-29 22:13:00-04:00,2837.300048828125,2837.300048828125,2837.300048828125,2836.199951171875,2836.199951171875,18
2026-09-29 22:14:00-04:00,2837.0,2837.0,2837.199951171875,2836.800048828125,2837.0,22
2026-09-29 22:15:00-04:00,2837.800048828125,2837.800048828125,2837.800048828125,2837.10009765625,2837.199951171875,13
2026-09-29 22:16:00-04:00,2837.89990234375,2837.89990234375,2838.10009765625,2837.5,2837.5,9
2026-09-29 22:17:00-04:00,2838.10009765625,2838.10009765625,2838.10009765625,2837.60009765625,2837.60009765625,10
2026-09-29 22:18:00-04:00,2838.10009765625,2838.10009765625,2838.300048828125,2837.800048828125,2838.300048828125,9
2026-09-29 22:19:00-04:00,2838.0,2838.0,2838.199951171875,2837.89990234375,2838.10009765625,7
2026-09-29 22:20:00-04:00,2837.699951171875,2837.699951171875,2837.89990234375,2837.699951171875,2837.89990234375,5
2026-09-29 22:21:00-04:00,2838.199951171875,2838.199951171875,2838.199951171875,2838.0,2838.0,11
2026-09-29 22:22:00-04:00,2838.300048828125,2838.300048828125,2838.39990234375,2838.0,2838.0,6
2026-09-29 22:23:00-04:00,2838.10009765625,2838.10009765625,2838.5,2838.10009765625,2838.5,7
2026-09-29 22:24:00-04:00,2838.10009765625,2838.10009765625,2838.10009765625,2838.10009765625,2838.10009765625,3
2026-09-29 22:25:00-04:00,2837.800048828125,2837.800048828125,2837.800048828125,2837.699951171875,2837.800048828125,3
2026-09-29 22:26:00-04:00,2837.5,2837.5,2838.0,2837.5,2837.699951171875,12
2026-09-29 22:27:00-04:00,2837.39990234375,2837.39990234375,2837.60009765625,2837.39990234375,2837.60009765625,9
2026-09-29 22:28:00-04:00,2837.39990234375,2837.39990234375,2837.5,2837.199951171875,2837.300048828125,19
2026-09-29 22:29:00-04:00,2837.39990234375,2837.39990234375,2837.5,2837.39990234375,2837.5,9
2026-09-29 22:30:00-04:00,2837.300048828125,2837.300048828125,2837.39990234375,2837.10009765625,2837.39990234375,13
2026-09-29 22:31:00-04:00,2837.199951171875,2837.199951171875,2837.5,2837.199951171875,2837.300048828125,6
2026-09-29 22:32:00-04:00,2836.5,2836.5,2837.0,2836.5,2837.0,14
2026-09-29 22:33:00-04:00,2836.0,2836.0,2836.39990234375,2836.0,2836.199951171875,12
2026-09-29 22:34:00-04:00,2835.699951171875,2835.699951171875,2836.10009765625,2835.699951171875,2836.10009765625,9
2026-09-29 22:35:00-04:00,2836.5,2836.5,2836.5,2836.300048828125,2836.300048828125,6
2026-09-29 22:36:00-04:00,2836.300048828125,2836.300048828125,2836.300048828125,2836.199951171875,2836.300048828125,10
2026-09-29 22:37:00-04:00,2835.800048828125,2835.800048828125,2836.39990234375,2835.800048828125,2836.39990234375,4
2026-09-29 22:38:00-04:00,2835.800048828125,2835.800048828125,2835.89990234375,2835.60009765625,2835.89990234375,12
2026-09-29 22:39:00-04:00,2835.800048828125,2835.800048828125,2835.800048828125,2835.800048828125,2835.800048828125,1
2026-09-29 22:40:00-04:00,2836.10009765625,2836.10009765625,2836.199951171875,2835.800048828125,2835.800048828125,7
2026-09-29 22:41:00-04:00,2835.699951171875,2835.699951171875,2835.89990234375,2835.699951171875,2835.89990234375,12
2026-09-29 22:42:00-04:00,2835.5,2835.5,2835.5,2835.300048828125,2835.39990234375,21
2026-09-29 22:43:00-04:00,2835.800048828125,2835.800048828125,2835.800048828125,2835.699951171875,2835.699951171875,6
2026-09-29 22:44:00-04:00,2835.89990234375,2835.89990234375,2835.89990234375,2835.699951171875,2835.699951171875,7
2026-09-29 22:45:00-04:00,2836.199951171875,2836.199951171875,2836.199951171875,2835.699951171875,2835.89990234375,6
2026-09-29 22:46:00-04:00,2836.699951171875,2836.699951171875,2836.699951171875,2836.0,2836.199951171875,5
2026-09-29 22:47:00-04:00,2837.39990234375,2837.39990234375,2837.39990234375,2836.800048828125,2836.800048828125,12
2026-09-29 22:48:00-04:00,2837.300048828125,2837.300048828125,2837.39990234375,2837.300048828125,2837.39990234375,2
2026-09-29 22:49:00-04:00,2836.5,2836.5,2836.699951171875,2836.5,2836.699951171875,13
2026-09-29 22:50:00-04:00,2836.199951171875,2836.199951171875,2836.39990234375,2836.199951171875,2836.300048828125,10
2026-09-29 22:51:00-04:00,2836.699951171875,2836.699951171875,2836.699951171875,2836.199951171875,2836.199951171875,14
2026-09-29 22:52:00-04:00,2836.60009765625,2836.60009765625,2836.699951171875,2836.5,2836.5,7
2026-09-29 22:53:00-04:00,2836.5,2836.5,2836.800048828125,2836.5,2836.60009765625,9
2026-09-29 22:54:00-04:00,2836.300048828125,2836.300048828125,2836.300048828125,2836.300048828125,2836.300048828125,6
2026-09-29 22:55:00-04:00,2836.39990234375,2836.39990234375,2836.60009765625,2836.39990234375,2836.60009765625,3
2026-09-29 22:56:00-04:00,2836.199951171875,2836.199951171875,2836.39990234375,2836.199951171875,2836.39990234375,6
2026-09-29 22:57:00-04:00,2835.800048828125,2835.800048828125,2836.0,2835.800048828125,2836.0,6
2026-09-29 22:59:00-04:00,2835.300048828125,2835.300048828125,2835.300048828125,2835.300048828125,2835.300048828125,5
2026-09-29 23:00:00-04:00,2835.89990234375,2835.89990234375,2836.0,2835.60009765625,2835.60009765625,7
2026-09-29 23:01:00-04:00,2835.699951171875,2835.699951171875,2835.800048828125,2835.699951171875,2835.800048828125,4
2026-09-29 23:02:00-04:00,2835.89990234375,2835.89990234375,2835.89990234375,2835.89990234375,2835.89990234375,2
2026-09-29 23:03:00-04:00,2835.89990234375,2835.89990234375,2836.10009765625,2835.89990234375,2835.89990234375,7
2026-09-29 23:04:00-04:00,2836.0,2836.0,2836.0,2836.0,2836.0,5
2026-09-29 23:05:00-04:00,2836.0,2836.0,2836.0,2836.0,2836.0,1
2026-09-29 23:06:00-04:00,2835.89990234375,2835.89990234375,2835.89990234375,2835.800048828125,2835.800048828125,7
2026-09-29 23:07:00-04:00,2835.300048828125,2835.300048828125,2835.699951171875,2835.300048828125,2835.699951171875,13
2026-09-29 23:08:00-04:00,2835.39990234375,2835.39990234375,2835.39990234375,2835.300048828125,2835.300048828125,6
2026-09-29 23:09:00-04:00,2835.300048828125,2835.300048828125,2835.300048828125,2835.300048828125,2835.300048828125,1
2026-09-29 23:10:00-04:00,2835.10009765625,2835.10009765625,2835.300048828125,2835.10009765625,2835.199951171875,6
2026-09-29 23:11:00-04:00,2835.199951171875,2835.199951171875,2835.199951171875,2835.0,2835.199951171875,6
2026-09-29 23:12:00-04:00,2835.199951171875,2835.199951171875,2835.199951171875,2835.199951171875,2835.199951171875,2
2026-09-29 23:13:00-04:00,2834.89990234375,2834.89990234375,2835.199951171875,2834.89990234375,2835.199951171875,4
2026-09-29 23:14:00-04:00,2835.0,2835.0,2835.0,2834.89990234375,2834.89990234375,7
2026-09-29 23:15:00-04:00,2835.300048828125,2835.300048828125,2835.39990234375,2835.300048828125,2835.39990234375,6
2026-09-29 23:16:00-04:00,2835.199951171875,2835.199951171875,2835.199951171875,2835.199951171875,2835.199951171875,1
2026-09-29 23:18:00-04:00,2835.10009765625,2835.10009765625,2835.10009765625,2834.89990234375,2834.89990234375,2
2026-09-29 23:19:00-04:00,2835.199951171875,2835.199951171875,2835.199951171875,2835.199951171875,2835.199951171875,4
2026-09-29 23:20:00-04:00,2835.199951171875,2835.199951171875,2835.199951171875,2835.0,2835.10009765625,3
2026-09-29 23:21:00-04:00,2835.10009765625,2835.10009765625,2835.199951171875,2835.10009765625,2835.199951171875,4
2026-09-29 23:22:00-04:00,2835.39990234375,2835.39990234375,2835.39990234375,2835.39990234375,2835.39990234375,3
2026-09-29 23:24:00-04:00,2835.199951171875,2835.199951171875,2835.5,2835.199951171875,2835.5,7
2026-09-29 23:25:00-04:00,2835.5,2835.5,2835.5,2835.10009765625,2835.199951171875,9
2026-09-29 23:26:00-04:00,2835.10009765625,2835.10009765625,2835.300048828125,2835.10009765625,2835.300048828125,3
2026-09-29 23:27:00-04:00,2835.5,2835.5,2835.5,2835.199951171875,2835.199951171875,7
2026-09-29 23:28:00-04:00,2835.5,2835.5,2835.5,2835.5,2835.5,1
2026-09-29 23:29:00-04:00,2835.699951171875,2835.699951171875,2835.699951171875,2835.699951171875,2835.699951171875,1
2026-09-29 23:30:00-04:00,2835.699951171875,2835.699951171875,2835.89990234375,2835.699951171875,2835.800048828125,4
2026-09-29 23:31:00-04:00,2836.300048828125,2836.300048828125,2836.300048828125,2835.89990234375,2835.89990234375,24
2026-09-29 23:32:00-04:00,2836.800048828125,2836.800048828125,2837.0,2836.39990234375,2836.39990234375,16
2026-09-29 23:33:00-04:00,2837.60009765625,2837.60009765625,2837.60009765625,2836.89990234375,2836.89990234375,5
2026-09-29 23:34:00-04:00,2837.300048828125,2837.300048828125,2837.39990234375,2837.300048828125,2837.39990234375,4
2026-09-29 23:35:00-04:00,2836.5,2836.5,2837.0,2836.39990234375,2837.0,14
2026-09-29 23:36:00-04:00,2837.5,2837.5,2837.60009765625,2836.60009765625,2836.60009765625,9
2026-09-29 23:37:00-04:00,2838.60009765625,2838.60009765625,2838.60009765625,2837.800048828125,2837.800048828125,35
2026-09-29 23:38:00-04:00,2838.300048828125,2838.300048828125,2838.5,2838.300048828125,2838.5,7
2026-09-29 23:39:00-04:00,2838.5,2838.5,2838.5,2838.5,2838.5,1
2026-09-29 23:40:00-04:00,2838.10009765625,2838.10009765625,2838.39990234375,2838.10009765625,2838.39990234375,7
2026-09-29 23:41:00-04:00,2838.10009765625,2838.10009765625,2838.300048828125,2838.0,2838.199951171875,14
2026-09-29 23:42:00-04:00,2838.10009765625,2838.10009765625,2838.199951171875,2838.0,2838.199951171875,9
2026-09-29 23:44:00-04:00,2838.0,2838.0,2838.10009765625,2838.0,2838.10009765625,3
2026-09-29 23:45:00-04:00,2837.5,2837.5,2837.89990234375,2837.5,2837.89990234375,10
2026-09-29 23:46:00-04:00,2837.60009765625,2837.60009765625,2837.699951171875,2837.39990234375,2837.5,9
2026-09-29 23:49:00-04:00,2837.699951171875,2837.699951171875,2837.699951171875,2837.699951171875,2837.699951171875,1
2026-09-29 23:50:00-04:00,2837.800048828125,2837.800048828125,2837.800048828125,2837.699951171875,2837.699951171875,8
2026-09-29 23:51:00-04:00,2837.800048828125,2837.800048828125,2838.10009765625,2837.800048828125,2837.800048828125,6
2026-09-29 23:53:00-04:00,2837.60009765625,2837.60009765625,2837.699951171875,2837.60009765625,2837.699951171875,3
2026-09-29 23:54:00-04:00,2837.60009765625,2837.60009765625,2837.699951171875,2837.60009765625,2837.60009765625,5
2026-09-29 23:56:00-04:00,2837.5,2837.5,2837.5,2837.5,2837.5,1
2026-09-29 23:57:00-04:00,2837.39990234375,2837.39990234375,2837.39990234375,2837.300048828125,2837.300048828125,6
2026-09-29 23:58:00-04:00,2837.300048828125,2837.300048828125,2837.300048828125,2837.199951171875,2837.300048828125,41
2026-09-30 00:09:00-04:00,2837.60009765625,2837.60009765625,2837.60009765625,2837.60009765625,2837.60009765625,3
2026-09-30 00:10:00-04:00,2837.699951171875,2837.699951171875,2837.699951171875,2837.60009765625,2837.60009765625,3
2026-09-30 00:11:00-04:00,2837.800048828125,2837.800048828125,2837.800048828125,2837.800048828125,2837.800048828125,1
2026-09-30 00:13:00-04:00,2837.39990234375,2837.39990234375,2837.89990234375,2837.39990234375,2837.800048828125,6
2026-09-30 00:14:00-04:00,2837.300048828125,2837.300048828125,2837.300048828125,2837.199951171875,2837.199951171875,4
2026-09-30 00:15:00-04:00,2837.699951171875,2837.699951171875,2837.89990234375,2837.5,2837.5,11
2026-09-30 00:16:00-04:00,2837.300048828125,2837.300048828125,2837.5,2837.10009765625,2837.5,18
2026-09-30 00:17:00-04:00,2837.199951171875,2837.199951171875,2837.300048828125,2837.199951171875,2837.300048828125,8
2026-09-30 00:18:00-04:00,2837.60009765625,2837.60009765625,2837.60009765625,2837.300048828125,2837.300048828125,6
2026-09-30 00:19:00-04:00,2837.39990234375,2837.39990234375,2837.60009765625,2837.39990234375,2837.5,8
2026-09-30 00:20:00-04:00,2837.60009765625,2837.60009765625,2837.699951171875,2837.60009765625,2837.699951171875,3
2026-09-30 00:21:00-04:00,2837.5,2837.5,2837.5,2837.300048828125,2837.39990234375,4
2026-09-30 00:22:00-04:00,2837.5,2837.5,2837.699951171875,2837.5,2837.60009765625,10
2026-09-30 00:23:00-04:00,2837.10009765625,2837.10009765625,2837.39990234375,2837.10009765625,2837.39990234375,8
2026-09-30 00:24:00-04:00,2837.199951171875,2837.199951171875,2837.199951171875,2837.10009765625,2837.10009765625,15
2026-09-30 00:25:00-04:00,2837.39990234375,2837.39990234375,2837.60009765625,2837.300048828125,2837.300048828125,8
2026-09-30 00:26:00-04:00,2837.39990234375,2837.39990234375,2837.39990234375,2837.39990234375,2837.39990234375,2
2026-09-30 00:27:00-04:00,2837.60009765625,2837.60009765625,2837.60009765625,2837.5,2837.60009765625,25
2026-09-30 00:28:00-04:00,2837.39990234375,2837.39990234375,2837.60009765625,2837.39990234375,2837.60009765625,6
2026-09-30 00:29:00-04:00,2837.39990234375,2837.39990234375,2837.39990234375,2837.199951171875,2837.199951171875,5
2026-09-30 00:30:00-04:00,2837.10009765625,2837.10009765625,2837.199951171875,2837.10009765625,2837.10009765625,5
2026-09-30 00:31:00-04:00,2837.5,2837.5,2837.5,2837.10009765625,2837.199951171875,4
2026-09-30 00:32:00-04:00,2837.800048828125,2837.800048828125,2837.800048828125,2837.60009765625,2837.60009765625,4
2026-09-30 00:33:00-04:00,2837.699951171875,2837.699951171875,2837.699951171875,2837.699951171875,2837.699951171875,2
2026-09-30 00:34:00-04:00,2837.699951171875,2837.699951171875,2838.199951171875,2837.699951171875,2838.10009765625,9
2026-09-30 00:35:00-04:00,2838.10009765625,2838.10009765625,2838.199951171875,2837.800048828125,2837.800048828125,9
2026-09-30 00:37:00-04:00,2837.800048828125,2837.800048828125,2837.800048828125,2837.60009765625,2837.60009765625,5
2026-09-30 00:38:00-04:00,2837.89990234375,2837.89990234375,2837.89990234375,2837.60009765625,2837.699951171875,3
2026-09-30 00:39:00-04:00,2838.10009765625,2838.10009765625,2838.10009765625,2837.89990234375,2837.89990234375,3
2026-09-30 00:40:00-04:00,2838.199951171875,2838.199951171875,2838.300048828125,2837.89990234375,2837.89990234375,7
2026-09-30 00:41:00-04:00,2838.300048828125,2838.300048828125,2838.300048828125,2838.0,2838.0,7
2026-09-30 00:42:00-04:00,2838.39990234375,2838.39990234375,2838.800048828125,2838.39990234375,2838.39990234375,10
2026-09-30 00:43:00-04:00,2838.300048828125,2838.300048828125,2838.300048828125,2838.300048828125,2838.300048828125,1
2026-09-30 00:44:00-04:00,2838.199951171875,2838.199951171875,2838.199951171875,2838.0,2838.0,4
2026-09-30 00:45:00-04:00,2838.10009765625,2838.10009765625,2838.199951171875,2838.10009765625,2838.199951171875,5
2026-09-30 00:46:00-04:00,2838.10009765625,2838.10009765625,2838.199951171875,2838.10009765625,2838.199951171875,2
2026-09-30 00:47:00-04:00,2837.89990234375,2837.89990234375,2837.89990234375,2837.89990234375,2837.89990234375,3
2026-09-30 00:48:00-04:00,2838.199951171875,2838.199951171875,2838.199951171875,2838.0,2838.0,4
2026-09-30 00:49:00-04:00,2837.89990234375,2837.89990234375,2837.89990234375,2837.699951171875,2837.89990234375,6
2026-09-30 00:50:00-04:00,2837.60009765625,2837.60009765625,2837.60009765625,2837.5,2837.5,4
2026-09-30 00:51:00-04:00,2837.0,2837.0,2837.0,2837.0,2837.0,2
2026-09-30 00:52:00-04:00,2837.199951171875,2837.199951171875,2837.199951171875,2836.89990234375,2837.199951171875,4
2026-09-30 00:53:00-04:00,2837.300048828125,2837.300048828125,2837.300048828125,2837.300048828125,2837.300048828125,1
2026-09-30 00:54:00-04:00,2837.0,2837.0,2837.199951171875,2837.0,2837.199951171875,3
2026-09-30 00:55:00-04:00,2837.10009765625,2837.10009765625,2837.199951171875,2837.10009765625,2837.10009765625,4
2026-09-30 00:56:00-04:00,2837.10009765625,2837.10009765625,2837.199951171875,2837.10009765625,2837.199951171875,4
2026-09-30 00:57:00-04:00,2837.300048828125,2837.300048828125,2837.300048828125,2837.199951171875,2837.199951171875,3
2026-09-30 00:58:00-04:00,2837.5,2837.5,2837.5,2837.5,2837.5,2
2026-09-30 00:59:00-04:00,2837.39990234375,2837.39990234375,2837.5,2837.300048828125,2837.300048828125,4
2026-09-30 01:00:00-04:00,2838.60009765625,2838.60009765625,2838.60009765625,2837.60009765625,2837.60009765625,6
2026-09-30 01:01:00-04:00,2838.300048828125,2838.300048828125,2838.699951171875,2838.10009765625,2838.5,15
2026-09-30 01:02:00-04:00,2837.60009765625,2837.60009765625,2837.89990234375,2837.60009765625,2837.89990234375,4
2026-09-30 01:03:00-04:00,2837.300048828125,2837.300048828125,2837.5,2837.199951171875,2837.5,37
2026-09-30 01:04:00-04:00,2837.199951171875,2837.199951171875,2837.60009765625,2837.199951171875,2837.39990234375,8
2026-09-30 01:05:00-04:00,2836.60009765625,2836.60009765625,2837.0,2836.60009765625,2837.0,5
2026-09-30 01:06:00-04:00,2836.800048828125,2836.800048828125,2836.800048828125,2836.800048828125,2836.800048828125,2
2026-09-30 01:08:00-04:00,2836.39990234375,2836.39990234375,2836.89990234375,2836.39990234375,2836.800048828125,5
2026-09-30 01:09:00-04:00,2836.89990234375,2836.89990234375,2836.89990234375,2836.300048828125,2836.39990234375,7
2026-09-30 01:10:00-04:00,2836.39990234375,2836.39990234375,2836.699951171875,2836.199951171875,2836.699951171875,6
2026-09-30 01:11:00-04:00,2836.5,2836.5,2836.800048828125,2835.89990234375,2836.10009765625,41
2026-09-30 01:12:00-04:00,2835.800048828125,2835.800048828125,2836.300048828125,2835.800048828125,2836.300048828125,33
2026-09-30 01:13:00-04:00,2835.39990234375,2835.39990234375,2835.699951171875,2835.39990234375,2835.699951171875,7
2026-09-30 01:14:00-04:00,2835.60009765625,2835.60009765625,2835.699951171875,2835.39990234375,2835.699951171875,6
2026-09-30 01:15:00-04:00,2834.60009765625,2834.60009765625,2835.5,2834.39990234375,2835.300048828125,36
2026-09-30 01:16:00-04:00,2835.0,2835.0,2835.10009765625,2834.800048828125,2834.800048828125,16
2026-09-30 01:17:00-04:00,2835.5,2835.5,2835.60009765625,2835.10009765625,2835.10009765625,12
2026-09-30 01:18:00-04:00,2836.300048828125,2836.300048828125,2836.300048828125,2835.699951171875,2835.699951171875,6
2026-09-30 01:19:00-04:00,2836.199951171875,2836.199951171875,2836.199951171875,2836.0,2836.0,3
2026-09-30 01:20:00-04:00,2836.300048828125,2836.300048828125,2836.300048828125,2836.10009765625,2836.199951171875,7
2026-09-30 01:22:00-04:00,2836.10009765625,2836.10009765625,2836.5,2835.89990234375,2836.5,19
2026-09-30 01:23:00-04:00,2836.10009765625,2836.10009765625,2836.10009765625,2835.89990234375,2836.10009765625,34
2026-09-30 01:24:00-04:00,2836.10009765625,2836.10009765625,2836.10009765625,2836.10009765625,2836.10009765625,1
2026-09-30 01:25:00-04:00,2835.60009765625,2835.60009765625,2836.0,2835.60009765625,2836.0,5
2026-09-30 01:26:00-04:00,2835.60009765625,2835.60009765625,2835.699951171875,2835.60009765625,2835.60009765625,6
2026-09-30 01:27:00-04:00,2835.5,2835.5,2835.5,2835.5,2835.5,1
2026-09-30 01:28:00-04:00,2835.89990234375,2835.89990234375,2836.10009765625,2835.5,2835.5,24
2026-09-30 01:29:00-04:00,2836.10009765625,2836.10009765625,2836.10009765625,2835.800048828125,2835.800048828125,4
2026-09-30 01:30:00-04:00,2836.300048828125,2836.300048828125,2836.300048828125,2836.10009765625,2836.199951171875,4
2026-09-30 01:31:00-04:00,2836.39990234375,2836.39990234375,2836.39990234375,2836.10009765625,2836.10009765625,8
2026-09-30 01:32:00-04:00,2836.800048828125,2836.800048828125,2837.10009765625,2836.60009765625,2836.800048828125,17
2026-09-30 01:33:00-04:00,2836.60009765625,2836.60009765625,2836.699951171875,2836.60009765625,2836.699951171875,4
2026-09-30 01:34:00-04:00,2836.699951171875,2836.699951171875,2836.699951171875,2836.699951171875,2836.699951171875,3
2026-09-30 01:35:00-04:00,2837.39990234375,2837.39990234375,2837.699951171875,2836.60009765625,2836.699951171875,14
2026-09-30 01:36:00-04:00,2837.300048828125,2837.300048828125,2837.60009765625,2837.300048828125,2837.5,4
2026-09-30 01:37:00-04:00,2837.10009765625,2837.10009765625,2837.300048828125,2837.10009765625,2837.300048828125,13
2026-09-30 01:38:00-04:00,2836.800048828125,2836.800048828125,2836.89990234375,2836.800048828125,2836.89990234375,3
2026-09-30 01:39:00-04:00,2836.10009765625,2836.10009765625,2836.60009765625,2836.10009765625,2836.60009765625,5
2026-09-30 01:40:00-04:00,2836.0,2836.0,2836.0,2835.800048828125,2836.0,6
2026-09-30 01:41:00-04:00,2836.5,2836.5,2836.60009765625,2836.10009765625,2836.10009765625,11
2026-09-30 01:42:00-04:00,2836.39990234375,2836.39990234375,2836.60009765625,2836.39990234375,2836.60009765625,3
2026-09-30 01:43:00-04:00,2836.199951171875,2836.199951171875,2836.5,2836.199951171875,2836.39990234375,6
2026-09-30 01:44:00-04:00,2836.60009765625,2836.60009765625,2836.60009765625,2836.199951171875,2836.199951171875,6
2026-09-30 01:45:00-04:00,2836.5,2836.5,2836.60009765625,2836.199951171875,2836.199951171875,7
2026-09-30 01:46:00-04:00,2836.10009765625,2836.10009765625,2836.300048828125,2836.0,2836.300048828125,16
2026-09-30 01:47:00-04:00,2835.60009765625,2835.60009765625,2835.800048828125,2835.39990234375,2835.800048828125,11
2026-09-30 01:48:00-04:00,2835.699951171875,2835.699951171875,2835.800048828125,2835.60009765625,2835.699951171875,4
2026-09-30 01:49:00-04:00,2835.699951171875,2835.699951171875,2835.800048828125,2835.699951171875,2835.800048828125,6
2026-09-30 01:50:00-04:00,2836.10009765625,2836.10009765625,2836.10009765625,2835.89990234375,2836.0,6
2026-09-30 01:51:00-04:00,2835.699951171875,2835.699951171875,2836.0,2835.699951171875,2836.0,4
2026-09-30 01:52:00-04:00,2835.89990234375,2835.89990234375,2835.89990234375,2835.89990234375,2835.89990234375,3
2026-09-30 01:53:00-04:00,2835.39990234375,2835.39990234375,2835.89990234375,2835.39990234375,2835.89990234375,2
2026-09-30 01:54:00-04:00,2835.300048828125,2835.300048828125,2835.89990234375,2835.300048828125,2835.800048828125,9
2026-09-30 01:55:00-04:00,2835.10009765625,2835.10009765625,2835.5,2835.10009765625,2835.39990234375,12
2026-09-30 01:56:00-04:00,2835.5,2835.5,2835.5,2834.39990234375,2835.0,116
2026-09-30 01:57:00-04:00,2835.39990234375,2835.39990234375,2835.39990234375,2835.39990234375,2835.39990234375,2
2026-09-30 01:58:00-04:00,2838.89990234375,2838.89990234375,2839.300048828125,2835.5,2835.5,380
2026-09-30 01:59:00-04:00,2837.199951171875,2837.199951171875,2838.89990234375,2836.800048828125,2838.699951171875,73
2026-09-30 02:00:00-04:00,2838.300048828125,2838.300048828125,2838.300048828125,2836.60009765625,2837.0,77
2026-09-30 02:01:00-04:00,2838.0,2838.0,2838.699951171875,2837.39990234375,2837.699951171875,34
2026-09-30 02:02:00-04:00,2838.60009765625,2838.60009765625,2838.699951171875,2837.39990234375,2837.89990234375,25
2026-09-30 02:03:00-04:00,2836.699951171875,2836.699951171875,2838.10009765625,2836.60009765625,2838.10009765625,20
2026-09-30 02:04:00-04:00,2837.10009765625,2837.10009765625,2837.10009765625,2836.60009765625,2836.60009765625,5
2026-09-30 02:05:00-04:00,2837.39990234375,2837.39990234375,2837.699951171875,2837.0,2837.199951171875,18
2026-09-30 02:06:00-04:00,2836.699951171875,2836.699951171875,2836.699951171875,2836.699951171875,2836.699951171875,1
2026-09-30 02:07:00-04:00,2836.89990234375,2836.89990234375,2836.89990234375,2836.39990234375,2836.89990234375,12
2026-09-30 02:08:00-04:00,2836.60009765625,2836.60009765625,2837.199951171875,2836.60009765625,2837.199951171875,8
2026-09-30 02:09:00-04:00,2836.60009765625,2836.60009765625,2837.300048828125,2836.60009765625,2836.800048828125,15
2026-09-30 02:10:00-04:00,2836.89990234375,2836.89990234375,2836.89990234375,2836.89990234375,2836.89990234375,1
2026-09-30 02:11:00-04:00,2837.300048828125,2837.300048828125,2837.5,2837.300048828125,2837.5,2
2026-09-30 02:12:00-04:00,2837.300048828125,2837.300048828125,2837.60009765625,2837.199951171875,2837.60009765625,8
2026-09-30 02:13:00-04:00,2836.89990234375,2836.89990234375,2837.5,2836.89990234375,2837.199951171875,9
2026-09-30 02:14:00-04:00,2836.699951171875,2836.699951171875,2837.39990234375,2836.699951171875,2837.199951171875,6
2026-09-30 02:15:00-04:00,2836.699951171875,2836.699951171875,2836.800048828125,2836.39990234375,2836.800048828125,10
2026-09-30 02:16:00-04:00,2837.10009765625,2837.10009765625,2837.10009765625,2836.5,2836.60009765625,24
2026-09-30 02:17:00-04:00,2837.199951171875,2837.199951171875,2837.5,2837.0,2837.0,13
2026-09-30 02:18:00-04:00,2836.800048828125,2836.800048828125,2837.10009765625,2836.800048828125,2836.89990234375,10
2026-09-30 02:19:00-04:00,2836.89990234375,2836.89990234375,2837.10009765625,2836.800048828125,2836.800048828125,10
2026-09-30 02:20:00-04:00,2837.199951171875,2837.199951171875,2837.300048828125,2836.699951171875,2836.89990234375,7
2026-09-30 02:21:00-04:00,2837.0,2837.0,2837.0,2836.60009765625,2836.60009765625,14
2026-09-30 02:22:00-04:00,2836.800048828125,2836.800048828125,2837.5,2836.699951171875,2837.10009765625,21
2026-09-30 02:23:00-04:00,2836.800048828125,2836.800048828125,2836.800048828125,2836.39990234375,2836.5,10
2026-09-30 02:24:00-04:00,2836.199951171875,2836.199951171875,2836.300048828125,2836.10009765625,2836.10009765625,8
2026-09-30 02:25:00-04:00,2835.800048828125,2835.800048828125,2836.10009765625,2835.800048828125,2836.10009765625,4
2026-09-30 02:26:00-04:00,2835.60009765625,2835.60009765625,2835.800048828125,2835.5,2835.699951171875,15
2026-09-30 02:27:00-04:00,2835.39990234375,2835.39990234375,2835.60009765625,2835.39990234375,2835.5,15
2026-09-30 02:28:00-04:00,2834.60009765625,2834.60009765625,2835.60009765625,2834.60009765625,2835.5,26
2026-09-30 02:29:00-04:00,2834.60009765625,2834.60009765625,2834.699951171875,2834.10009765625,2834.699951171875,72
2026-09-30 02:30:00-04:00,2834.5,2834.5,2835.199951171875,2834.199951171875,2834.800048828125,27
2026-09-30 02:31:00-04:00,2834.800048828125,2834.800048828125,2835.0,2834.39990234375,2834.699951171875,16
2026-09-30 02:32:00-04:00,2835.0,2835.0,2835.199951171875,2834.60009765625,2834.89990234375,31
2026-09-30 02:33:00-04:00,2834.300048828125,2834.300048828125,2835.0,2834.300048828125,2835.0,21
2026-09-30 02:34:00-04:00,2834.0,2834.0,2834.39990234375,2833.89990234375,2834.0,21
2026-09-30 02:35:00-04:00,2834.199951171875,2834.199951171875,2834.199951171875,2834.10009765625,2834.199951171875,4
2026-09-30 02:36:00-04:00,2834.699951171875,2834.699951171875,2834.89990234375,2834.199951171875,2834.199951171875,24
2026-09-30 02:37:00-04:00,2834.0,2834.0,2834.5,2834.0,2834.5,16
2026-09-30 02:38:00-04:00,2833.699951171875,2833.699951171875,2835.5,2833.60009765625,2834.5,106
2026-09-30 02:39:00-04:00,2833.5,2833.5,2834.0,2833.39990234375,2833.89990234375,16
2026-09-30 02:40:00-04:00,2833.89990234375,2833.89990234375,2833.89990234375,2833.5,2833.699951171875,33
2026-09-30 02:41:00-04:00,2833.60009765625,2833.60009765625,2833.800048828125,2833.199951171875,2833.800048828125,30
2026-09-30 02:42:00-04:00,2834.10009765625,2834.10009765625,2834.10009765625,2833.5,2833.699951171875,33
2026-09-30 02:43:00-04:00,2834.300048828125,2834.300048828125,2834.60009765625,2834.0,2834.60009765625,8
2026-09-30 02:44:00-04:00,2834.800048828125,2834.800048828125,2834.89990234375,2834.300048828125,2834.300048828125,8
2026-09-30 02:45:00-04:00,2833.800048828125,2833.800048828125,2834.800048828125,2833.5,2834.699951171875,64
2026-09-30 02:46:00-04:00,2833.199951171875,2833.199951171875,2833.800048828125,2833.0,2833.800048828125,14
2026-09-30 02:47:00-04:00,2832.699951171875,2832.699951171875,2833.39990234375,2832.39990234375,2833.199951171875,85
2026-09-30 02:48:00-04:00,2832.300048828125,2832.300048828125,2832.60009765625,2832.199951171875,2832.60009765625,116
2026-09-30 02:49:00-04:00,2833.39990234375,2833.39990234375,2833.39990234375,2832.39990234375,2832.39990234375,14
2026-09-30 02:50:00-04:00,2833.89990234375,2833.89990234375,2834.10009765625,2833.5,2833.89990234375,13
2026-09-30 02:51:00-04:00,2834.10009765625,2834.10009765625,2834.199951171875,2833.800048828125,2833.800048828125,6
2026-09-30 02:52:00-04:00,2834.89990234375,2834.89990234375,2834.89990234375,2834.10009765625,2834.199951171875,14
2026-09-30 02:53:00-04:00,2834.5,2834.5,2834.60009765625,2834.39990234375,2834.39990234375,4
2026-09-30 02:54:00-04:00,2834.300048828125,2834.300048828125,2834.800048828125,2834.300048828125,2834.800048828125,12
2026-09-30 02:55:00-04:00,2835.60009765625,2835.60009765625,2835.89990234375,2834.699951171875,2834.699951171875,18
2026-09-30 02:56:00-04:00,2834.39990234375,2834.39990234375,2835.300048828125,2834.39990234375,2835.300048828125,8
2026-09-30 02:57:00-04:00,2834.300048828125,2834.300048828125,2834.60009765625,2834.300048828125,2834.60009765625,6
2026-09-30 02:58:00-04:00,2834.199951171875,2834.199951171875,2834.800048828125,2834.199951171875,2834.800048828125,4
2026-09-30 02:59:00-04:00,2833.10009765625,2833.10009765625,2834.0,2833.10009765625,2834.0,25
2026-09-30 03:00:00-04:00,2833.39990234375,2833.39990234375,2833.39990234375,2832.699951171875,2833.199951171875,43
2026-09-30 03:01:00-04:00,2834.800048828125,2834.800048828125,2834.800048828125,2833.300048828125,2833.300048828125,36
2026-09-30 03:02:00-04:00,2835.60009765625,2835.60009765625,2835.699951171875,2834.39990234375,2834.800048828125,32
2026-09-30 03:03:00-04:00,2836.10009765625,2836.10009765625,2836.10009765625,2835.5,2835.699951171875,26
2026-09-30 03:04:00-04:00,2836.300048828125,2836.300048828125,2836.300048828125,2835.800048828125,2836.0,48
2026-09-30 03:05:00-04:00,2837.300048828125,2837.300048828125,2837.5,2836.0,2836.300048828125,135
2026-09-30 03:06:00-04:00,2836.800048828125,2836.800048828125,2837.5,2836.300048828125,2837.39990234375,24
2026-09-30 03:07:00-04:00,2837.699951171875,2837.699951171875,2837.89990234375,2836.699951171875,2837.0,49
2026-09-30 03:08:00-04:00,2837.39990234375,2837.39990234375,2838.199951171875,2837.300048828125,2837.699951171875,25
2026-09-30 03:09:00-04:00,2837.60009765625,2837.60009765625,2837.800048828125,2837.300048828125,2837.5,12
2026-09-30 03:10:00-04:00,2838.699951171875,2838.699951171875,2838.89990234375,2837.5,2837.5,46
2026-09-30 03:11:00-04:00,2838.199951171875,2838.199951171875,2839.5,2838.0,2838.60009765625,63
2026-09-30 03:12:00-04:00,2839.0,2839.0,2839.199951171875,2838.0,2838.0,37
2026-09-30 03:13:00-04:00,2839.199951171875,2839.199951171875,2839.199951171875,2838.699951171875,2838.800048828125,13
2026-09-30 03:14:00-04:00,2839.39990234375,2839.39990234375,2839.800048828125,2839.300048828125,2839.300048828125,29
2026-09-30 03:15:00-04:00,2841.199951171875,2841.199951171875,2841.199951171875,2839.5,2839.5,150
2026-09-30 03:16:00-04:00,2842.0,2842.0,2842.199951171875,2840.800048828125,2841.300048828125,80
2026-09-30 03:17:00-04:00,2840.699951171875,2840.699951171875,2841.89990234375,2840.60009765625,2841.699951171875,227
2026-09-30 03:18:00-04:00,2840.800048828125,2840.800048828125,2840.800048828125,2840.10009765625,2840.39990234375,40
2026-09-30 03:19:00-04:00,2841.0,2841.0,2841.0,2840.699951171875,2840.699951171875,17
2026-09-30 03:20:00-04:00,2840.800048828125,2840.800048828125,2841.300048828125,2840.800048828125,2840.89990234375,12
2026-09-30 03:21:00-04:00,2841.199951171875,2841.199951171875,2841.199951171875,2840.5,2840.699951171875,20
2026-09-30 03:22:00-04:00,2840.199951171875,2840.199951171875,2841.10009765625,2840.10009765625,2841.10009765625,33
2026-09-30 03:23:00-04:00,2841.300048828125,2841.300048828125,2841.39990234375,2840.300048828125,2840.300048828125,14
2026-09-30 03:24:00-04:00,2840.199951171875,2840.199951171875,2841.199951171875,2840.199951171875,2841.199951171875,12
2026-09-30 03:25:00-04:00,2840.0,2840.0,2840.0,2839.60009765625,2840.0,14
2026-09-30 03:26:00-04:00,2840.10009765625,2840.10009765625,2840.300048828125,2839.800048828125,2840.10009765625,21
2026-09-30 03:27:00-04:00,2839.0,2839.0,2840.0,2838.89990234375,2840.0,17
2026-09-30 03:28:00-04:00,2838.800048828125,2838.800048828125,2839.10009765625,2838.5,2838.800048828125,82
2026-09-30 03:29:00-04:00,2838.800048828125,2838.800048828125,2838.800048828125,2838.60009765625,2838.60009765625,21
2026-09-30 03:30:00-04:00,2839.800048828125,2839.800048828125,2840.199951171875,2838.800048828125,2838.800048828125,32
2026-09-30 03:31:00-04:00,2839.10009765625,2839.10009765625,2840.0,2838.800048828125,2840.0,27
2026-09-30 03:32:00-04:00,2839.699951171875,2839.699951171875,2840.0,2839.199951171875,2839.199951171875,11
2026-09-30 03:33:00-04:00,2839.800048828125,2839.800048828125,2840.300048828125,2839.800048828125,2839.800048828125,7
2026-09-30 03:34:00-04:00,2839.39990234375,2839.39990234375,2839.89990234375,2839.39990234375,2839.800048828125,13
2026-09-30 03:35:00-04:00,2840.199951171875,2840.199951171875,2840.300048828125,2839.60009765625,2839.60009765625,21
2026-09-30 03:36:00-04:00,2840.10009765625,2840.10009765625,2840.5,2840.10009765625,2840.39990234375,9
2026-09-30 03:37:00-04:00,2840.0,2840.0,2840.10009765625,2839.60009765625,2839.800048828125,18
2026-09-30 03:38:00-04:00,2840.10009765625,2840.10009765625,2840.300048828125,2839.39990234375,2840.10009765625,9
2026-09-30 03:39:00-04:00,2840.5,2840.5,2840.5,2840.10009765625,2840.10009765625,9
2026-09-30 03:40:00-04:00,2840.5,2840.5,2840.699951171875,2840.300048828125,2840.5,17
2026-09-30 03:41:00-04:00,2840.10009765625,2840.10009765625,2840.39990234375,2840.0,2840.39990234375,5
2026-09-30 03:42:00-04:00,2839.60009765625,2839.60009765625,2840.0,2839.5,2840.0,11
2026-09-30 03:43:00-04:00,2839.5,2839.5,2839.800048828125,2839.5,2839.699951171875,14
2026-09-30 03:44:00-04:00,2838.699951171875,2838.699951171875,2839.5,2838.699951171875,2839.5,15
2026-09-30 03:45:00-04:00,2839.300048828125,2839.300048828125,2839.5,2838.699951171875,2838.699951171875,18
2026-09-30 03:46:00-04:00,2839.0,2839.0,2839.5,2839.0,2839.300048828125,17
2026-09-30 03:47:00-04:00,2838.699951171875,2838.699951171875,2839.0,2838.699951171875,2839.0,3
2026-09-30 03:48:00-04:00,2839.300048828125,2839.300048828125,2839.300048828125,2838.89990234375,2839.0,18
2026-09-30 03:49:00-04:00,2839.199951171875,2839.199951171875,2839.300048828125,2838.699951171875,2839.300048828125,38
2026-09-30 03:50:00-04:00,2839.300048828125,2839.300048828125,2839.39990234375,2839.199951171875,2839.199951171875,8
2026-09-30 03:51:00-04:00,2839.39990234375,2839.39990234375,2839.699951171875,2839.10009765625,2839.60009765625,11
2026-09-30 03:52:00-04:00,2839.10009765625,2839.10009765625,2839.39990234375,2839.10009765625,2839.300048828125,7
2026-09-30 03:53:00-04:00,2838.800048828125,2838.800048828125,2839.10009765625,2838.800048828125,2839.10009765625,7
2026-09-30 03:54:00-04:00,2839.39990234375,2839.39990234375,2839.60009765625,2839.300048828125,2839.300048828125,6
2026-09-30 03:55:00-04:00,2839.39990234375,2839.39990234375,2839.5,2839.39990234375,2839.5,9
2026-09-30 03:56:00-04:00,2839.199951171875,2839.199951171875,2839.199951171875,2839.10009765625,2839.199951171875,4
2026-09-30 03:57:00-04:00,2839.300048828125,2839.300048828125,2839.300048828125,2839.300048828125,2839.300048828125,2
2026-09-30 03:58:00-04:00,2838.89990234375,2838.89990234375,2839.199951171875,2838.60009765625,2839.199951171875,7
2026-09-30 03:59:00-04:00,2839.199951171875,2839.199951171875,2839.300048828125,2839.10009765625,2839.199951171875,9
2026-09-30 04:00:00-04:00,2838.60009765625,2838.60009765625,2839.0,2838.39990234375,2838.89990234375,72
2026-09-30 04:01:00-04:00,2839.699951171875,2839.699951171875,2840.300048828125,2838.39990234375,2838.699951171875,98
2026-09-30 04:02:00-04:00,2838.60009765625,2838.60009765625,2839.60009765625,2838.60009765625,2839.39990234375,33
2026-09-30 04:03:00-04:00,2839.800048828125,2839.800048828125,2839.800048828125,2838.89990234375,2838.89990234375,9
2026-09-30 04:04:00-04:00,2838.800048828125,2838.800048828125,2839.0,2838.5,2839.0,11
2026-09-30 04:05:00-04:00,2838.0,2838.0,2838.699951171875,2838.0,2838.699951171875,23
2026-09-30 04:06:00-04:00,2837.699951171875,2837.699951171875,2838.89990234375,2837.699951171875,2838.0,77
2026-09-30 04:07:00-04:00,2838.89990234375,2838.89990234375,2838.89990234375,2838.39990234375,2838.60009765625,28
2026-09-30 04:08:00-04:00,2838.300048828125,2838.300048828125,2838.800048828125,2838.10009765625,2838.800048828125,34
2026-09-30 04:09:00-04:00,2838.10009765625,2838.10009765625,2838.39990234375,2837.800048828125,2838.300048828125,11
2026-09-30 04:10:00-04:00,2837.699951171875,2837.699951171875,2838.0,2837.699951171875,2838.0,4
2026-09-30 04:11:00-04:00,2838.10009765625,2838.10009765625,2838.199951171875,2837.60009765625,2837.699951171875,29
2026-09-30 04:12:00-04:00,2838.699951171875,2838.699951171875,2838.699951171875,2838.39990234375,2838.39990234375,9
2026-09-30 04:13:00-04:00,2837.699951171875,2837.699951171875,2838.699951171875,2837.699951171875,2838.5,15
2026-09-30 04:14:00-04:00,2837.5,2837.5,2837.89990234375,2837.300048828125,2837.699951171875,26
2026-09-30 04:15:00-04:00,2838.0,2838.0,2838.0,2836.800048828125,2837.60009765625,34
2026-09-30 04:16:00-04:00,2838.0,2838.0,2838.0,2837.89990234375,2837.89990234375,3
2026-09-30 04:17:00-04:00,2837.800048828125,2837.800048828125,2838.300048828125,2837.10009765625,2838.0,28
2026-09-30 04:18:00-04:00,2838.0,2838.0,2838.0,2837.89990234375,2837.89990234375,9
2026-09-30 04:19:00-04:00,2837.5,2837.5,2839.0,2837.39990234375,2838.39990234375,35
2026-09-30 04:20:00-04:00,2838.10009765625,2838.10009765625,2838.10009765625,2837.39990234375,2837.60009765625,17
2026-09-30 04:21:00-04:00,2838.300048828125,2838.300048828125,2838.300048828125,2837.89990234375,2837.89990234375,8
2026-09-30 04:22:00-04:00,2837.89990234375,2837.89990234375,2838.199951171875,2837.699951171875,2838.199951171875,10
2026-09-30 04:23:00-04:00,2837.699951171875,2837.699951171875,2838.199951171875,2837.699951171875,2838.199951171875,7
2026-09-30 04:24:00-04:00,2838.10009765625,2838.10009765625,2838.10009765625,2837.699951171875,2837.699951171875,10
2026-09-30 04:25:00-04:00,2837.800048828125,2837.800048828125,2838.10009765625,2837.699951171875,2838.10009765625,10
2026-09-30 04:26:00-04:00,2838.199951171875,2838.199951171875,2838.199951171875,2837.60009765625,2837.60009765625,14
2026-09-30 04:27:00-04:00,2838.0,2838.0,2838.10009765625,2837.800048828125,2838.0,45
2026-09-30 04:28:00-04:00,2838.5,2838.5,2838.5,2838.0,2838.300048828125,42
2026-09-30 04:29:00-04:00,2838.39990234375,2838.39990234375,2838.699951171875,2838.300048828125,2838.39990234375,49
2026-09-30 04:30:00-04:00,2837.5,2837.5,2838.60009765625,2837.39990234375,2838.60009765625,55
2026-09-30 04:31:00-04:00,2837.199951171875,2837.199951171875,2837.300048828125,2837.0,2837.300048828125,28
2026-09-30 04:32:00-04:00,2838.0,2838.0,2838.199951171875,2837.39990234375,2837.39990234375,32
2026-09-30 04:33:00-04:00,2838.5,2838.5,2838.800048828125,2838.10009765625,2838.199951171875,34
2026-09-30 04:34:00-04:00,2839.300048828125,2839.300048828125,2839.300048828125,2838.60009765625,2838.60009765625,27
2026-09-30 04:35:00-04:00,2838.699951171875,2838.699951171875,2839.199951171875,2838.60009765625,2839.10009765625,15
2026-09-30 04:36:00-04:00,2838.300048828125,2838.300048828125,2838.60009765625,2837.89990234375,2838.60009765625,15
2026-09-30 04:37:00-04:00,2838.300048828125,2838.300048828125,2838.300048828125,2838.0,2838.10009765625,14
2026-09-30 04:38:00-04:00,2838.199951171875,2838.199951171875,2838.5,2838.10009765625,2838.300048828125,17
2026-09-30 04:39:00-04:00,2837.800048828125,2837.800048828125,2838.39990234375,2837.800048828125,2838.300048828125,22
2026-09-30 04:40:00-04:00,2837.39990234375,2837.39990234375,2837.800048828125,2837.39990234375,2837.800048828125,22
2026-09-30 04:41:00-04:00,2836.699951171875,2836.699951171875,2837.0,2836.39990234375,2837.0,28
2026-09-30 04:42:00-04:00,2836.199951171875,2836.199951171875,2836.5,2835.699951171875,2836.5,69
2026-09-30 04:43:00-04:00,2835.5,2835.5,2836.300048828125,2835.5,2836.199951171875,24
2026-09-30 04:44:00-04:00,2835.39990234375,2835.39990234375,2835.60009765625,2835.0,2835.60009765625,113
2026-09-30 04:45:00-04:00,2835.39990234375,2835.39990234375,2835.699951171875,2835.199951171875,2835.60009765625,14
2026-09-30 04:46:00-04:00,2836.60009765625,2836.60009765625,2836.60009765625,2835.300048828125,2835.300048828125,13
2026-09-30 04:47:00-04:00,2836.5,2836.5,2836.5,2836.5,2836.5,10
2026-09-30 04:48:00-04:00,2837.10009765625,2837.10009765625,2837.10009765625,2836.0,2836.0,13
2026-09-30 04:49:00-04:00,2837.0,2837.0,2837.0,2836.300048828125,2836.89990234375,10
2026-09-30 04:50:00-04:00,2836.800048828125,2836.800048828125,2837.0,2836.699951171875,2837.0,8
2026-09-30 04:51:00-04:00,2835.800048828125,2835.800048828125,2836.5,2835.800048828125,2836.5,15
2026-09-30 04:52:00-04:00,2836.300048828125,2836.300048828125,2836.300048828125,2835.89990234375,2835.89990234375,12
2026-09-30 04:53:00-04:00,2835.300048828125,2835.300048828125,2836.199951171875,2835.300048828125,2836.199951171875,11
2026-09-30 04:54:00-04:00,2834.5,2834.5,2835.39990234375,2834.39990234375,2835.199951171875,40
2026-09-30 04:55:00-04:00,2834.5,2834.5,2834.699951171875,2834.39990234375,2834.5,10
2026-09-30 04:56:00-04:00,2834.699951171875,2834.699951171875,2834.699951171875,2834.300048828125,2834.300048828125,19
2026-09-30 04:57:00-04:00,2834.5,2834.5,2834.699951171875,2834.5,2834.699951171875,3
2026-09-30 04:58:00-04:00,2834.5,2834.5,2834.5,2834.5,2834.5,8
2026-09-30 04:59:00-04:00,2833.699951171875,2833.699951171875,2834.60009765625,2833.699951171875,2834.5,34
2026-09-30 05:00:00-04:00,2833.699951171875,2833.699951171875,2834.10009765625,2833.300048828125,2833.39990234375,58
2026-09-30 05:01:00-04:00,2834.10009765625,2834.10009765625,2834.39990234375,2833.699951171875,2833.800048828125,36
2026-09-30 05:02:00-04:00,2834.10009765625,2834.10009765625,2834.5,2833.800048828125,2834.199951171875,35
2026-09-30 05:03:00-04:00,2834.39990234375,2834.39990234375,2834.699951171875,2833.800048828125,2834.300048828125,24
2026-09-30 05:04:00-04:00,2834.199951171875,2834.199951171875,2834.39990234375,2834.10009765625,2834.199951171875,18
2026-09-30 05:05:00-04:00,2834.0,2834.0,2834.39990234375,2833.89990234375,2834.39990234375,42
2026-09-30 05:06:00-04:00,2833.199951171875,2833.199951171875,2833.89990234375,2833.0,2833.89990234375,62
2026-09-30 05:07:00-04:00,2832.800048828125,2832.800048828125,2833.60009765625,2832.800048828125,2833.39990234375,16
2026-09-30 05:08:00-04:00,2832.5,2832.5,2834.699951171875,2832.300048828125,2832.800048828125,341
2026-09-30 05:09:00-04:00,2832.10009765625,2832.10009765625,2832.39990234375,2831.60009765625,2832.300048828125,52
2026-09-30 05:10:00-04:00,2831.60009765625,2831.60009765625,2832.10009765625,2831.5,2832.10009765625,72
2026-09-30 05:11:00-04:00,2831.699951171875,2831.699951171875,2831.800048828125,2831.5,2831.5,34
2026-09-30 05:12:00-04:00,2832.199951171875,2832.199951171875,2832.5,2831.699951171875,2831.699951171875,34
2026-09-30 05:13:00-04:00,2832.60009765625,2832.60009765625,2833.199951171875,2832.10009765625,2832.199951171875,433
2026-09-30 05:14:00-04:00,2833.699951171875,2833.699951171875,2833.699951171875,2833.0,2833.0,20
2026-09-30 05:15:00-04:00,2834.199951171875,2834.199951171875,2834.199951171875,2833.60009765625,2833.89990234375,26
2026-09-30 05:16:00-04:00,2832.5,2832.5,2833.699951171875,2832.5,2833.699951171875,11
2026-09-30 05:17:00-04:00,2832.60009765625,2832.60009765625,2833.0,2832.60009765625,2833.0,19
2026-09-30 05:18:00-04:00,2832.39990234375,2832.39990234375,2832.60009765625,2832.199951171875,2832.5,23
2026-09-30 05:19:00-04:00,2832.60009765625,2832.60009765625,2832.699951171875,2832.39990234375,2832.699951171875,8
2026-09-30 05:20:00-04:00,2832.199951171875,2832.199951171875,2832.800048828125,2832.199951171875,2832.60009765625,19
2026-09-30 05:21:00-04:00,2831.89990234375,2831.89990234375,2832.10009765625,2831.699951171875,2832.10009765625,15
2026-09-30 05:22:00-04:00,2831.60009765625,2831.60009765625,2831.699951171875,2831.39990234375,2831.60009765625,22
2026-09-30 05:23:00-04:00,2831.39990234375,2831.39990234375,2831.800048828125,2831.39990234375,2831.699951171875,15
2026-09-30 05:24:00-04:00,2831.699951171875,2831.699951171875,2831.699951171875,2831.199951171875,2831.300048828125,17
2026-09-30 05:25:00-04:00,2831.199951171875,2831.199951171875,2831.5,2831.199951171875,2831.5,26
2026-09-30 05:26:00-04:00,2830.800048828125,2830.800048828125,2831.39990234375,2830.5,2831.39990234375,72
2026-09-30 05:27:00-04:00,2831.0,2831.0,2831.199951171875,2830.800048828125,2830.800048828125,20
2026-09-30 05:28:00-04:00,2831.300048828125,2831.300048828125,2831.5,2830.89990234375,2830.89990234375,10
2026-09-30 05:29:00-04:00,2830.800048828125,2830.800048828125,2831.39990234375,2830.699951171875,2831.39990234375,5
2026-09-30 05:30:00-04:00,2831.699951171875,2831.699951171875,2831.699951171875,2831.39990234375,2831.39990234375,13
2026-09-30 05:31:00-04:00,2831.800048828125,2831.800048828125,2832.10009765625,2831.300048828125,2831.699951171875,16
2026-09-30 05:32:00-04:00,2833.10009765625,2833.10009765625,2833.39990234375,2832.10009765625,2832.10009765625,20
2026-09-30 05:33:00-04:00,2833.199951171875,2833.199951171875,2833.60009765625,2833.199951171875,2833.199951171875,10
2026-09-30 05:34:00-04:00,2832.699951171875,2832.699951171875,2833.300048828125,2832.60009765625,2833.300048828125,9
2026-09-30 05:35:00-04:00,2832.300048828125,2832.300048828125,2832.39990234375,2832.300048828125,2832.39990234375,2
2026-09-30 05:36:00-04:00,2832.199951171875,2832.199951171875,2832.300048828125,2832.10009765625,2832.10009765625,4
2026-09-30 05:37:00-04:00,2831.699951171875,2831.699951171875,2832.39990234375,2831.699951171875,2832.39990234375,10
2026-09-30 05:38:00-04:00,2831.60009765625,2831.60009765625,2831.60009765625,2831.60009765625,2831.60009765625,1
2026-09-30 05:39:00-04:00,2830.89990234375,2830.89990234375,2831.300048828125,2830.5,2831.199951171875,22
2026-09-30 05:40:00-04:00,2830.60009765625,2830.60009765625,2830.699951171875,2830.60009765625,2830.699951171875,12
2026-09-30 05:41:00-04:00,2830.300048828125,2830.300048828125,2830.89990234375,2830.300048828125,2830.89990234375,31
2026-09-30 05:42:00-04:00,2829.89990234375,2829.89990234375,2830.699951171875,2829.800048828125,2830.699951171875,45
2026-09-30 05:43:00-04:00,2829.5,2829.5,2829.89990234375,2829.300048828125,2829.800048828125,23
2026-09-30 05:44:00-04:00,2829.89990234375,2829.89990234375,2829.89990234375,2829.5,2829.60009765625,20
2026-09-30 05:45:00-04:00,2830.199951171875,2830.199951171875,2830.5,2830.10009765625,2830.10009765625,44
2026-09-30 05:46:00-04:00,2829.89990234375,2829.89990234375,2830.10009765625,2829.60009765625,2830.10009765625,33
2026-09-30 05:47:00-04:00,2830.0,2830.0,2830.10009765625,2829.800048828125,2830.0,23
2026-09-30 05:48:00-04:00,2829.60009765625,2829.60009765625,2830.300048828125,2829.5,2830.10009765625,43
2026-09-30 05:49:00-04:00,2829.800048828125,2829.800048828125,2829.89990234375,2829.39990234375,2829.699951171875,19
2026-09-30 05:50:00-04:00,2830.0,2830.0,2830.10009765625,2829.5,2829.60009765625,22
2026-09-30 05:51:00-04:00,2829.800048828125,2829.800048828125,2830.10009765625,2829.800048828125,2830.0,3
2026-09-30 05:52:00-04:00,2829.699951171875,2829.699951171875,2829.800048828125,2829.39990234375,2829.800048828125,33
2026-09-30 05:53:00-04:00,2829.300048828125,2829.300048828125,2829.60009765625,2829.300048828125,2829.60009765625,35
2026-09-30 05:54:00-04:00,2829.5,2829.5,2829.60009765625,2829.300048828125,2829.39990234375,54
2026-09-30 05:55:00-04:00,2829.800048828125,2829.800048828125,2829.89990234375,2829.300048828125,2829.5,45
2026-09-30 05:56:00-04:00,2829.39990234375,2829.39990234375,2829.699951171875,2829.39990234375,2829.60009765625,29
2026-09-30 05:57:00-04:00,2829.5,2829.5,2829.699951171875,2829.39990234375,2829.5,29
2026-09-30 05:58:00-04:00,2829.60009765625,2829.60009765625,2829.699951171875,2829.5,2829.5,27
2026-09-30 05:59:00-04:00,2829.39990234375,2829.39990234375,2829.60009765625,2829.199951171875,2829.60009765625,26
2026-09-30 06:00:00-04:00,2829.10009765625,2829.10009765625,2829.5,2828.89990234375,2829.300048828125,25
2026-09-30 06:01:00-04:00,2829.39990234375,2829.39990234375,2829.5,2829.199951171875,2829.199951171875,23
2026-09-30 06:02:00-04:00,2829.199951171875,2829.199951171875,2829.300048828125,2828.800048828125,2829.300048828125,27
2026-09-30 06:03:00-04:00,2829.5,2829.5,2829.89990234375,2829.10009765625,2829.10009765625,25
2026-09-30 06:04:00-04:00,2829.10009765625,2829.10009765625,2829.300048828125,2829.10009765625,2829.199951171875,8
2026-09-30 06:05:00-04:00,2829.300048828125,2829.300048828125,2829.5,2829.10009765625,2829.10009765625,20
2026-09-30 06:06:00-04:00,2829.39990234375,2829.39990234375,2829.39990234375,2829.10009765625,2829.300048828125,17
2026-09-30 06:07:00-04:00,2829.199951171875,2829.199951171875,2829.39990234375,2829.199951171875,2829.39990234375,4
2026-09-30 06:08:00-04:00,2829.10009765625,2829.10009765625,2829.300048828125,2829.10009765625,2829.300048828125,4
2026-09-30 06:09:00-04:00,2828.39990234375,2828.39990234375,2828.89990234375,2828.199951171875,2828.89990234375,12
2026-09-30 06:10:00-04:00,2828.10009765625,2828.10009765625,2828.300048828125,2828.0,2828.300048828125,32
2026-09-30 06:11:00-04:00,2827.89990234375,2827.89990234375,2828.199951171875,2827.89990234375,2828.10009765625,40
2026-09-30 06:12:00-04:00,2827.89990234375,2827.89990234375,2827.89990234375,2827.5,2827.800048828125,47
2026-09-30 06:13:00-04:00,2828.199951171875,2828.199951171875,2828.199951171875,2827.800048828125,2828.0,20
2026-09-30 06:14:00-04:00,2826.800048828125,2826.800048828125,2828.199951171875,2826.800048828125,2828.10009765625,137
2026-09-30 06:15:00-04:00,2827.60009765625,2827.60009765625,2828.0,2826.5,2826.800048828125,128
2026-09-30 06:16:00-04:00,2827.699951171875,2827.699951171875,2827.699951171875,2826.89990234375,2827.699951171875,49
2026-09-30 06:17:00-04:00,2828.10009765625,2828.10009765625,2828.5,2827.699951171875,2827.800048828125,63
2026-09-30 06:18:00-04:00,2827.199951171875,2827.199951171875,2828.199951171875,2826.5,2828.10009765625,119
2026-09-30 06:19:00-04:00,2827.60009765625,2827.60009765625,2828.800048828125,2827.10009765625,2827.300048828125,101
2026-09-30 06:20:00-04:00,2828.10009765625,2828.10009765625,2828.300048828125,2827.39990234375,2827.5,30
2026-09-30 06:21:00-04:00,2828.39990234375,2828.39990234375,2828.39990234375,2828.0,2828.10009765625,89
2026-09-30 06:22:00-04:00,2828.199951171875,2828.199951171875,2828.5,2828.0,2828.10009765625,9
2026-09-30 06:23:00-04:00,2828.10009765625,2828.10009765625,2828.800048828125,2828.10009765625,2828.60009765625,10
2026-09-30 06:24:00-04:00,2828.10009765625,2828.10009765625,2828.10009765625,2827.199951171875,2828.0,59
2026-09-30 06:25:00-04:00,2828.39990234375,2828.39990234375,2828.39990234375,2827.89990234375,2828.10009765625,20
2026-09-30 06:26:00-04:00,2827.800048828125,2827.800048828125,2828.10009765625,2827.699951171875,2828.10009765625,27
2026-09-30 06:27:00-04:00,2827.199951171875,2827.199951171875,2827.89990234375,2827.199951171875,2827.89990234375,25
2026-09-30 06:28:00-04:00,2826.800048828125,2826.800048828125,2827.10009765625,2826.800048828125,2827.0,51
2026-09-30 06:29:00-04:00,2826.60009765625,2826.60009765625,2827.0,2826.60009765625,2826.89990234375,32
2026-09-30 06:30:00-04:00,2826.39990234375,2826.39990234375,2826.60009765625,2826.300048828125,2826.60009765625,39
2026-09-30 06:31:00-04:00,2826.10009765625,2826.10009765625,2826.60009765625,2826.10009765625,2826.5,40
2026-09-30 06:32:00-04:00,2827.199951171875,2827.199951171875,2827.300048828125,2826.199951171875,2826.300048828125,39
2026-09-30 06:33:00-04:00,2827.300048828125,2827.300048828125,2827.39990234375,2827.10009765625,2827.10009765625,8
2026-09-30 06:34:00-04:00,2826.800048828125,2826.800048828125,2827.300048828125,2826.800048828125,2827.300048828125,23
2026-09-30 06:35:00-04:00,2826.699951171875,2826.699951171875,2826.800048828125,2826.300048828125,2826.699951171875,24
2026-09-30 06:36:00-04:00,2826.699951171875,2826.699951171875,2826.800048828125,2826.60009765625,2826.800048828125,15
2026-09-30 06:37:00-04:00,2826.39990234375,2826.39990234375,2826.699951171875,2826.300048828125,2826.5,23
2026-09-30 06:38:00-04:00,2827.10009765625,2827.10009765625,2827.199951171875,2826.5,2826.60009765625,27
2026-09-30 06:39:00-04:00,2827.5,2827.5,2827.699951171875,2826.800048828125,2827.10009765625,21
2026-09-30 06:40:00-04:00,2827.0,2827.0,2827.300048828125,2827.0,2827.300048828125,11
2026-09-30 06:41:00-04:00,2826.699951171875,2826.699951171875,2827.0,2826.5,2827.0,19
2026-09-30 06:42:00-04:00,2827.199951171875,2827.199951171875,2827.199951171875,2826.60009765625,2826.60009765625,15
2026-09-30 06:43:00-04:00,2826.800048828125,2826.800048828125,2826.89990234375,2826.699951171875,2826.89990234375,13
2026-09-30 06:44:00-04:00,2826.60009765625,2826.60009765625,2827.199951171875,2826.5,2827.199951171875,23
2026-09-30 06:45:00-04:00,2826.5,2826.5,2826.699951171875,2826.300048828125,2826.5,5
2026-09-30 06:46:00-04:00,2826.39990234375,2826.39990234375,2826.39990234375,2826.10009765625,2826.300048828125,11
2026-09-30 06:47:00-04:00,2825.699951171875,2825.699951171875,2826.10009765625,2825.699951171875,2826.10009765625,56
2026-09-30 06:48:00-04:00,2825.5,2825.5,2825.699951171875,2825.39990234375,2825.60009765625,23
2026-09-30 06:49:00-04:00,2825.60009765625,2825.60009765625,2825.699951171875,2825.300048828125,2825.5,159
2026-09-30 06:50:00-04:00,2825.800048828125,2825.800048828125,2825.89990234375,2825.5,2825.60009765625,17
2026-09-30 06:51:00-04:00,2825.800048828125,2825.800048828125,2825.800048828125,2825.60009765625,2825.699951171875,11
2026-09-30 06:52:00-04:00,2826.0,2826.0,2826.39990234375,2825.89990234375,2825.89990234375,10
2026-09-30 06:53:00-04:00,2826.10009765625,2826.10009765625,2826.10009765625,2825.89990234375,2825.89990234375,7
2026-09-30 06:54:00-04:00,2826.0,2826.0,2826.199951171875,2825.800048828125,2825.89990234375,28
2026-09-30 06:55:00-04:00,2826.39990234375,2826.39990234375,2826.39990234375,2826.10009765625,2826.10009765625,6
2026-09-30 06:56:00-04:00,2826.699951171875,2826.699951171875,2827.60009765625,2826.300048828125,2826.300048828125,96
2026-09-30 06:57:00-04:00,2827.199951171875,2827.199951171875,2827.199951171875,2826.60009765625,2826.60009765625,16
2026-09-30 06:58:00-04:00,2826.300048828125,2826.300048828125,2827.199951171875,2826.10009765625,2827.10009765625,33
2026-09-30 06:59:00-04:00,2826.0,2826.0,2826.300048828125,2825.89990234375,2826.10009765625,15
2026-09-30 07:00:00-04:00,2825.39990234375,2825.39990234375,2826.0,2825.10009765625,2825.800048828125,119
2026-09-30 07:01:00-04:00,2824.699951171875,2824.699951171875,2825.39990234375,2824.699951171875,2825.39990234375,60
2026-09-30 07:02:00-04:00,2824.60009765625,2824.60009765625,2825.199951171875,2824.60009765625,2825.0,40
2026-09-30 07:03:00-04:00,2824.699951171875,2824.699951171875,2825.0,2824.5,2824.60009765625,20
2026-09-30 07:04:00-04:00,2823.89990234375,2823.89990234375,2824.60009765625,2823.699951171875,2824.60009765625,37
2026-09-30 07:05:00-04:00,2823.60009765625,2823.60009765625,2824.199951171875,2823.5,2824.0,61
2026-09-30 07:06:00-04:00,2823.0,2823.0,2823.5,2822.699951171875,2823.5,56
2026-09-30 07:07:00-04:00,2821.300048828125,2821.300048828125,2822.699951171875,2821.199951171875,2822.699951171875,39
2026-09-30 07:08:00-04:00,2821.800048828125,2821.800048828125,2822.0,2821.5,2821.60009765625,16
2026-09-30 07:09:00-04:00,2821.60009765625,2821.60009765625,2822.300048828125,2821.60009765625,2821.89990234375,27
2026-09-30 07:10:00-04:00,2820.0,2820.0,2821.60009765625,2819.800048828125,2821.60009765625,115
2026-09-30 07:11:00-04:00,2821.0,2821.0,2821.10009765625,2819.699951171875,2819.89990234375,43
2026-09-30 07:12:00-04:00,2821.300048828125,2821.300048828125,2821.5,2821.0,2821.39990234375,10
2026-09-30 07:13:00-04:00,2820.89990234375,2820.89990234375,2821.699951171875,2820.800048828125,2821.5,25
2026-09-30 07:14:00-04:00,2821.199951171875,2821.199951171875,2821.699951171875,2821.0,2821.199951171875,88
2026-09-30 07:15:00-04:00,2820.5,2820.5,2821.39990234375,2820.300048828125,2821.300048828125,87
2026-09-30 07:16:00-04:00,2820.800048828125,2820.800048828125,2820.800048828125,2820.0,2820.39990234375,48
2026-09-30 07:17:00-04:00,2820.800048828125,2820.800048828125,2820.89990234375,2820.5,2820.800048828125,21
2026-09-30 07:18:00-04:00,2821.300048828125,2821.300048828125,2821.300048828125,2820.699951171875,2820.699951171875,23
2026-09-30 07:19:00-04:00,2820.300048828125,2820.300048828125,2821.39990234375,2820.300048828125,2821.39990234375,22
2026-09-30 07:20:00-04:00,2820.60009765625,2820.60009765625,2820.699951171875,2820.10009765625,2820.300048828125,13
2026-09-30 07:21:00-04:00,2821.10009765625,2821.10009765625,2822.0,2820.5,2820.5,105
2026-09-30 07:22:00-04:00,2822.800048828125,2822.800048828125,2822.800048828125,2821.10009765625,2821.199951171875,47
2026-09-30 07:23:00-04:00,2824.0,2824.0,2824.10009765625,2823.0,2823.0,57
2026-09-30 07:24:00-04:00,2824.39990234375,2824.39990234375,2824.39990234375,2823.699951171875,2823.89990234375,20
2026-09-30 07:25:00-04:00,2825.10009765625,2825.10009765625,2825.300048828125,2824.39990234375,2824.39990234375,69
2026-09-30 07:26:00-04:00,2824.89990234375,2824.89990234375,2825.60009765625,2824.89990234375,2825.199951171875,26
2026-09-30 07:27:00-04:00,2824.5,2824.5,2825.0,2824.39990234375,2824.89990234375,16
2026-09-30 07:28:00-04:00,2826.300048828125,2826.300048828125,2826.39990234375,2824.5,2824.60009765625,279
2026-09-30 07:29:00-04:00,2825.89990234375,2825.89990234375,2826.800048828125,2825.89990234375,2826.199951171875,35
2026-09-30 07:30:00-04:00,2826.10009765625,2826.10009765625,2826.300048828125,2825.39990234375,2826.0,155
2026-09-30 07:31:00-04:00,2826.89990234375,2826.89990234375,2827.39990234375,2826.199951171875,2826.199951171875,47
2026-09-30 07:32:00-04:00,2826.60009765625,2826.60009765625,2826.89990234375,2826.199951171875,2826.800048828125,29
2026-09-30 07:33:00-04:00,2826.300048828125,2826.300048828125,2826.60009765625,2826.300048828125,2826.60009765625,20
2026-09-30 07:34:00-04:00,2827.10009765625,2827.10009765625,2827.10009765625,2826.60009765625,2826.60009765625,22
2026-09-30 07:35:00-04:00,2827.199951171875,2827.199951171875,2827.39990234375,2827.10009765625,2827.10009765625,27
2026-09-30 07:36:00-04:00,2826.60009765625,2826.60009765625,2826.800048828125,2826.39990234375,2826.800048828125,15
2026-09-30 07:37:00-04:00,2827.300048828125,2827.300048828125,2827.5,2826.800048828125,2826.800048828125,35
2026-09-30 07:38:00-04:00,2826.89990234375,2826.89990234375,2827.60009765625,2826.89990234375,2827.39990234375,27
2026-09-30 07:39:00-04:00,2827.0,2827.0,2827.5,2827.0,2827.0,21
2026-09-30 07:40:00-04:00,2826.699951171875,2826.699951171875,2827.0,2826.60009765625,2826.89990234375,29
2026-09-30 07:41:00-04:00,2826.39990234375,2826.39990234375,2826.60009765625,2826.300048828125,2826.5,14
2026-09-30 07:42:00-04:00,2826.199951171875,2826.199951171875,2826.39990234375,2826.10009765625,2826.199951171875,14
2026-09-30 07:43:00-04:00,2825.5,2825.5,2826.10009765625,2825.5,2826.10009765625,8
2026-09-30 07:44:00-04:00,2826.10009765625,2826.10009765625,2826.10009765625,2825.699951171875,2825.699951171875,9
2026-09-30 07:45:00-04:00,2825.39990234375,2825.39990234375,2826.10009765625,2825.199951171875,2826.10009765625,28
2026-09-30 07:46:00-04:00,2824.89990234375,2824.89990234375,2826.89990234375,2824.800048828125,2825.300048828125,291
2026-09-30 07:47:00-04:00,2823.800048828125,2823.800048828125,2825.0,2823.800048828125,2825.0,72
2026-09-30 07:48:00-04:00,2823.699951171875,2823.699951171875,2823.89990234375,2823.300048828125,2823.800048828125,21
2026-09-30 07:49:00-04:00,2823.0,2823.0,2823.300048828125,2822.5,2823.199951171875,43
2026-09-30 07:50:00-04:00,2822.89990234375,2822.89990234375,2823.199951171875,2822.199951171875,2823.199951171875,55
2026-09-30 07:51:00-04:00,2823.199951171875,2823.199951171875,2823.60009765625,2822.699951171875,2822.699951171875,36
2026-09-30 07:52:00-04:00,2823.300048828125,2823.300048828125,2823.699951171875,2823.199951171875,2823.199951171875,25
2026-09-30 07:53:00-04:00,2824.199951171875,2824.199951171875,2824.39990234375,2823.5,2823.5,32
2026-09-30 07:54:00-04:00,2824.39990234375,2824.39990234375,2824.39990234375,2823.699951171875,2824.10009765625,14
2026-09-30 07:55:00-04:00,2824.60009765625,2824.60009765625,2824.800048828125,2824.199951171875,2824.39990234375,43
2026-09-30 07:56:00-04:00,2825.10009765625,2825.10009765625,2825.10009765625,2824.300048828125,2824.699951171875,34
2026-09-30 07:57:00-04:00,2824.800048828125,2824.800048828125,2825.0,2824.699951171875,2825.0,22
2026-09-30 07:58:00-04:00,2825.60009765625,2825.60009765625,2825.800048828125,2824.60009765625,2824.89990234375,51
2026-09-30 07:59:00-04:00,2826.60009765625,2826.60009765625,2827.10009765625,2825.39990234375,2825.39990234375,44
2026-09-30 08:00:00-04:00,2825.800048828125,2825.800048828125,2828.10009765625,2825.699951171875,2826.699951171875,272
2026-09-30 08:01:00-04:00,2825.0,2825.0,2825.699951171875,2824.800048828125,2825.699951171875,164
2026-09-30 08:02:00-04:00,2825.199951171875,2825.199951171875,2825.699951171875,2824.60009765625,2825.10009765625,145
2026-09-30 08:03:00-04:00,2825.300048828125,2825.300048828125,2826.39990234375,2825.0,2825.39990234375,54
2026-09-30 08:04:00-04:00,2825.699951171875,2825.699951171875,2826.199951171875,2825.39990234375,2825.39990234375,23
2026-09-30 08:05:00-04:00,2825.10009765625,2825.10009765625,2825.89990234375,2824.800048828125,2825.89990234375,48
2026-09-30 08:06:00-04:00,2824.39990234375,2824.39990234375,2824.60009765625,2824.10009765625,2824.60009765625,37
2026-09-30 08:07:00-04:00,2824.89990234375,2824.89990234375,2825.199951171875,2824.39990234375,2824.39990234375,39
2026-09-30 08:08:00-04:00,2824.699951171875,2824.699951171875,2825.199951171875,2824.699951171875,2824.800048828125,19
2026-09-30 08:09:00-04:00,2824.300048828125,2824.300048828125,2824.89990234375,2824.300048828125,2824.60009765625,32
2026-09-30 08:10:00-04:00,2824.699951171875,2824.699951171875,2825.0,2824.39990234375,2824.39990234375,37
2026-09-30 08:11:00-04:00,2825.0,2825.0,2825.0,2824.5,2824.5,37
2026-09-30 08:12:00-04:00,2825.60009765625,2825.60009765625,2825.60009765625,2825.10009765625,2825.10009765625,29
2026-09-30 08:13:00-04:00,2825.800048828125,2825.800048828125,2825.800048828125,2825.5,2825.800048828125,41
2026-09-30 08:14:00-04:00,2826.60009765625,2826.60009765625,2826.699951171875,2825.699951171875,2825.699951171875,52
2026-09-30 08:15:00-04:00,2824.10009765625,2824.10009765625,2826.60009765625,2823.5,2826.5,271
2026-09-30 08:16:00-04:00,2824.5,2824.5,2824.5,2823.300048828125,2824.0,126
2026-09-30 08:17:00-04:00,2824.5,2824.5,2824.699951171875,2824.199951171875,2824.39990234375,39
2026-09-30 08:18:00-04:00,2825.0,2825.0,2825.0,2824.10009765625,2824.199951171875,35
2026-09-30 08:19:00-04:00,2825.39990234375,2825.39990234375,2825.699951171875,2824.699951171875,2824.699951171875,36
2026-09-30 08:20:00-04:00,2825.5,2825.5,2825.800048828125,2825.0,2825.0,59
2026-09-30 08:21:00-04:00,2825.300048828125,2825.300048828125,2826.0,2825.300048828125,2825.60009765625,139
2026-09-30 08:22:00-04:00,2827.10009765625,2827.10009765625,2827.5,2825.0,2825.0,122
2026-09-30 08:23:00-04:00,2826.800048828125,2826.800048828125,2827.10009765625,2826.0,2826.800048828125,25
2026-09-30 08:24:00-04:00,2828.39990234375,2828.39990234375,2828.60009765625,2826.5,2826.60009765625,79
2026-09-30 08:25:00-04:00,2828.199951171875,2828.199951171875,2828.89990234375,2828.10009765625,2828.5,103
2026-09-30 08:26:00-04:00,2828.89990234375,2828.89990234375,2828.89990234375,2828.10009765625,2828.300048828125,49
2026-09-30 08:27:00-04:00,2829.199951171875,2829.199951171875,2829.300048828125,2828.699951171875,2828.699951171875,57
2026-09-30 08:28:00-04:00,2830.0,2830.0,2830.10009765625,2829.199951171875,2829.300048828125,189
2026-09-30 08:29:00-04:00,2832.199951171875,2832.199951171875,2832.300048828125,2829.699951171875,2829.89990234375,423
2026-09-30 08:30:00-04:00,2843.60009765625,2843.60009765625,2847.5,2831.0,2832.300048828125,2267
2026-09-30 08:31:00-04:00,2853.5,2853.5,2853.800048828125,2842.5,2843.39990234375,2214
2026-09-30 08:32:00-04:00,2849.699951171875,2849.699951171875,2853.5,2849.0,2853.39990234375,971
2026-09-30 08:33:00-04:00,2850.39990234375,2850.39990234375,2851.800048828125,2848.5,2849.60009765625,839
2026-09-30 08:34:00-04:00,2849.89990234375,2849.89990234375,2850.699951171875,2847.10009765625,2850.39990234375,609
2026-09-30 08:35:00-04:00,2849.89990234375,2849.89990234375,2851.39990234375,2848.89990234375,2849.60009765625,540
2026-09-30 08:36:00-04:00,2845.699951171875,2845.699951171875,2850.10009765625,2845.300048828125,2850.0,592
2026-09-30 08:37:00-04:00,2843.60009765625,2843.60009765625,2846.5,2843.199951171875,2845.800048828125,632
2026-09-30 08:38:00-04:00,2842.0,2842.0,2844.5,2842.0,2843.5,555
2026-09-30 08:39:00-04:00,2841.300048828125,2841.300048828125,2842.5,2840.5,2841.89990234375,396
2026-09-30 08:40:00-04:00,2843.800048828125,2843.800048828125,2843.89990234375,2841.199951171875,2841.199951171875,305
2026-09-30 08:41:00-04:00,2844.10009765625,2844.10009765625,2844.300048828125,2842.60009765625,2843.5,617
2026-09-30 08:42:00-04:00,2843.0,2843.0,2844.800048828125,2842.300048828125,2843.89990234375,332
2026-09-30 08:43:00-04:00,2843.199951171875,2843.199951171875,2845.0,2842.5,2842.89990234375,391
2026-09-30 08:44:00-04:00,2841.5,2841.5,2843.699951171875,2841.39990234375,2843.199951171875,210
2026-09-30 08:45:00-04:00,2841.10009765625,2841.10009765625,2842.199951171875,2840.800048828125,2841.5,279
2026-09-30 08:46:00-04:00,2838.699951171875,2838.699951171875,2841.60009765625,2838.60009765625,2841.0,630
2026-09-30 08:47:00-04:00,2837.39990234375,2837.39990234375,2838.89990234375,2836.60009765625,2838.699951171875,549
2026-09-30 08:48:00-04:00,2839.10009765625,2839.10009765625,2839.39990234375,2837.39990234375,2837.39990234375,173
2026-09-30 08:49:00-04:00,2838.89990234375,2838.89990234375,2839.800048828125,2838.60009765625,2839.199951171875,107
2026-09-30 08:50:00-04:00,2838.10009765625,2838.10009765625,2839.199951171875,2837.300048828125,2839.0,150
2026-09-30 08:51:00-04:00,2838.800048828125,2838.800048828125,2840.10009765625,2836.800048828125,2837.89990234375,234
2026-09-30 08:52:00-04:00,2839.300048828125,2839.300048828125,2839.39990234375,2838.199951171875,2838.699951171875,93
2026-09-30 08:53:00-04:00,2839.39990234375,2839.39990234375,2839.89990234375,2839.0,2839.199951171875,78
2026-09-30 08:54:00-04:00,2842.89990234375,2842.89990234375,2843.60009765625,2839.300048828125,2839.5,243
2026-09-30 08:55:00-04:00,2841.89990234375,2841.89990234375,2842.89990234375,2841.800048828125,2842.89990234375,119
2026-09-30 08:56:00-04:00,2841.10009765625,2841.10009765625,2842.199951171875,2841.0,2842.0,111
2026-09-30 08:57:00-04:00,2841.39990234375,2841.39990234375,2843.0,2841.0,2841.10009765625,301
2026-09-30 08:58:00-04:00,2839.699951171875,2839.699951171875,2841.300048828125,2839.300048828125,2841.199951171875,130
2026-09-30 08:59:00-04:00,2839.39990234375,2839.39990234375,2840.199951171875,2839.10009765625,2839.60009765625,76
2026-09-30 09:00:00-04:00,2840.800048828125,2840.800048828125,2841.39990234375,2838.60009765625,2839.39990234375,303
2026-09-30 09:01:00-04:00,2841.5,2841.5,2841.89990234375,2840.10009765625,2840.800048828125,153
2026-09-30 09:02:00-04:00,2843.0,2843.0,2843.199951171875,2841.10009765625,2841.39990234375,113
2026-09-30 09:03:00-04:00,2842.699951171875,2842.699951171875,2843.10009765625,2842.0,2842.800048828125,176
2026-09-30 09:04:00-04:00,2842.60009765625,2842.60009765625,2843.39990234375,2842.0,2842.699951171875,168
2026-09-30 09:05:00-04:00,2842.800048828125,2842.800048828125,2843.39990234375,2842.60009765625,2842.89990234375,230
2026-09-30 09:06:00-04:00,2843.39990234375,2843.39990234375,2844.10009765625,2842.5,2842.800048828125,511
2026-09-30 09:07:00-04:00,2844.0,2844.0,2844.39990234375,2843.0,2843.5,207
2026-09-30 09:08:00-04:00,2842.199951171875,2842.199951171875,2844.60009765625,2841.800048828125,2843.89990234375,214
2026-09-30 09:09:00-04:00,2843.199951171875,2843.199951171875,2843.699951171875,2841.699951171875,2842.10009765625,199
2026-09-30 09:10:00-04:00,2842.10009765625,2842.10009765625,2843.199951171875,2841.5,2843.199951171875,167
2026-09-30 09:11:00-04:00,2843.300048828125,2843.300048828125,2843.300048828125,2841.5,2842.0,560
2026-09-30 09:12:00-04:00,2841.300048828125,2841.300048828125,2843.89990234375,2841.199951171875,2843.300048828125,345
2026-09-30 09:13:00-04:00,2841.199951171875,2841.199951171875,2842.800048828125,2840.699951171875,2841.39990234375,257
2026-09-30 09:14:00-04:00,2840.89990234375,2840.89990234375,2841.5,2840.5,2841.10009765625,128
2026-09-30 09:15:00-04:00,2841.199951171875,2841.199951171875,2842.10009765625,2840.5,2841.0,244
2026-09-30 09:16:00-04:00,2840.5,2840.5,2842.10009765625,2840.39990234375,2841.199951171875,224
2026-09-30 09:17:00-04:00,2839.699951171875,2839.699951171875,2841.0,2839.199951171875,2840.60009765625,227
2026-09-30 09:18:00-04:00,2840.699951171875,2840.699951171875,2840.699951171875,2839.5,2839.800048828125,106
2026-09-30 09:19:00-04:00,2837.89990234375,2837.89990234375,2840.5,2837.60009765625,2840.5,281
2026-09-30 09:20:00-04:00,2837.39990234375,2837.39990234375,2839.10009765625,2837.199951171875,2838.0,262
2026-09-30 09:21:00-04:00,2837.39990234375,2837.39990234375,2838.800048828125,2837.300048828125,2837.39990234375,128
2026-09-30 09:22:00-04:00,2837.5,2837.5,2839.60009765625,2837.39990234375,2837.39990234375,384
2026-09-30 09:23:00-04:00,2837.300048828125,2837.300048828125,2838.10009765625,2836.39990234375,2837.699951171875,266
2026-09-30 09:24:00-04:00,2838.10009765625,2838.10009765625,2838.39990234375,2837.10009765625,2837.300048828125,116
2026-09-30 09:25:00-04:00,2839.39990234375,2839.39990234375,2840.0,2838.0,2838.10009765625,152
2026-09-30 09:26:00-04:00,2840.39990234375,2840.39990234375,2840.699951171875,2839.300048828125,2839.300048828125,97
2026-09-30 09:27:00-04:00,2840.800048828125,2840.800048828125,2840.89990234375,2839.60009765625,2840.300048828125,196
2026-09-30 09:28:00-04:00,2839.699951171875,2839.699951171875,2841.0,2839.5,2840.89990234375,348
2026-09-30 09:29:00-04:00,2839.60009765625,2839.60009765625,2840.300048828125,2838.39990234375,2839.60009765625,604
2026-09-30 09:30:00-04:00,2835.89990234375,2835.89990234375,2841.39990234375,2835.5,2839.699951171875,2625
2026-09-30 09:31:00-04:00,2836.800048828125,2836.800048828125,2837.60009765625,2834.199951171875,2836.0,1018
2026-09-30 09:32:00-04:00,2836.5,2836.5,2838.39990234375,2835.699951171875,2836.800048828125,744
2026-09-30 09:33:00-04:00,2835.60009765625,2835.60009765625,2837.199951171875,2835.199951171875,2836.39990234375,883
2026-09-30 09:34:00-04:00,2835.10009765625,2835.10009765625,2836.699951171875,2834.5,2835.699951171875,799
2026-09-30 09:35:00-04:00,2836.800048828125,2836.800048828125,2837.39990234375,2835.0,2835.10009765625,836
2026-09-30 09:36:00-04:00,2839.800048828125,2839.800048828125,2840.0,2836.39990234375,2836.800048828125,1119
2026-09-30 09:37:00-04:00,2839.10009765625,2839.10009765625,2840.199951171875,2838.0,2839.60009765625,1130
2026-09-30 09:38:00-04:00,2835.39990234375,2835.39990234375,2839.199951171875,2834.39990234375,2839.10009765625,1045
2026-09-30 09:39:00-04:00,2835.60009765625,2835.60009765625,2837.39990234375,2834.699951171875,2835.300048828125,603
2026-09-30 09:40:00-04:00,2833.800048828125,2833.800048828125,2836.199951171875,2833.199951171875,2835.60009765625,970
2026-09-30 09:41:00-04:00,2835.300048828125,2835.300048828125,2835.60009765625,2832.39990234375,2833.800048828125,488
2026-09-30 09:42:00-04:00,2834.10009765625,2834.10009765625,2836.10009765625,2834.10009765625,2835.300048828125,665
2026-09-30 09:43:00-04:00,2833.5,2833.5,2835.39990234375,2833.39990234375,2834.300048828125,1048
2026-09-30 09:44:00-04:00,2832.39990234375,2832.39990234375,2834.39990234375,2831.699951171875,2833.60009765625,850
2026-09-30 09:45:00-04:00,2832.5,2832.5,2834.39990234375,2832.10009765625,2832.5,685
2026-09-30 09:46:00-04:00,2833.5,2833.5,2834.5,2832.0,2832.39990234375,700
2026-09-30 09:47:00-04:00,2833.10009765625,2833.10009765625,2834.699951171875,2832.300048828125,2833.5,388
2026-09-30 09:48:00-04:00,2832.5,2832.5,2834.199951171875,2832.0,2833.199951171875,873
2026-09-30 09:49:00-04:00,2833.199951171875,2833.199951171875,2834.5,2832.300048828125,2832.60009765625,647
2026-09-30 09:50:00-04:00,2834.39990234375,2834.39990234375,2834.5,2833.0,2833.39990234375,500
2026-09-30 09:51:00-04:00,2833.300048828125,2833.300048828125,2834.89990234375,2832.5,2834.39990234375,405
2026-09-30 09:52:00-04:00,2831.0,2831.0,2833.39990234375,2830.5,2833.39990234375,840
2026-09-30 09:53:00-04:00,2830.60009765625,2830.60009765625,2831.5,2828.699951171875,2831.0,1151
2026-09-30 09:54:00-04:00,2830.199951171875,2830.199951171875,2831.300048828125,2829.10009765625,2830.5,832
2026-09-30 09:55:00-04:00,2830.800048828125,2830.800048828125,2832.39990234375,2829.89990234375,2830.10009765625,525
2026-09-30 09:56:00-04:00,2832.10009765625,2832.10009765625,2832.5,2830.800048828125,2830.89990234375,423
2026-09-30 09:57:00-04:00,2831.39990234375,2831.39990234375,2832.300048828125,2830.60009765625,2832.10009765625,473
2026-09-30 09:58:00-04:00,2831.10009765625,2831.10009765625,2831.89990234375,2830.199951171875,2831.5,357
2026-09-30 09:59:00-04:00,2830.699951171875,2830.699951171875,2831.699951171875,2829.5,2831.39990234375,757
2026-09-30 10:00:00-04:00,2829.10009765625,2829.10009765625,2832.699951171875,2828.0,2831.0,932
2026-09-30 10:01:00-04:00,2829.89990234375,2829.89990234375,2831.0,2828.5,2829.0,646
2026-09-30 10:02:00-04:00,2833.10009765625,2833.10009765625,2833.199951171875,2829.800048828125,2830.0,727
2026-09-30 10:03:00-04:00,2833.5,2833.5,2833.60009765625,2831.699951171875,2833.199951171875,590
2026-09-30 10:04:00-04:00,2833.89990234375,2833.89990234375,2835.300048828125,2833.199951171875,2833.39990234375,676
2026-09-30 10:05:00-04:00,2837.60009765625,2837.60009765625,2837.699951171875,2833.89990234375,2833.89990234375,1300
2026-09-30 10:06:00-04:00,2839.5,2839.5,2839.5,2837.39990234375,2837.60009765625,796
2026-09-30 10:07:00-04:00,2836.300048828125,2836.300048828125,2839.800048828125,2836.199951171875,2839.5,820
2026-09-30 10:08:00-04:00,2838.10009765625,2838.10009765625,2838.199951171875,2835.60009765625,2836.300048828125,723
2026-09-30 10:09:00-04:00,2835.800048828125,2835.800048828125,2838.10009765625,2834.800048828125,2838.10009765625,463
2026-09-30 10:10:00-04:00,2835.60009765625,2835.60009765625,2836.5,2835.0,2835.800048828125,458
2026-09-30 10:11:00-04:00,2836.5,2836.5,2837.0,2834.60009765625,2835.699951171875,569
2026-09-30 10:12:00-04:00,2838.89990234375,2838.89990234375,2839.89990234375,2835.699951171875,2836.39990234375,375
2026-09-30 10:13:00-04:00,2838.39990234375,2838.39990234375,2839.5,2838.0,2839.0,283
2026-09-30 10:14:00-04:00,2838.10009765625,2838.10009765625,2839.39990234375,2837.5,2838.300048828125,531
2026-09-30 10:15:00-04:00,2838.699951171875,2838.699951171875,2840.0,2836.89990234375,2838.10009765625,583
2026-09-30 10:16:00-04:00,2836.89990234375,2836.89990234375,2838.60009765625,2836.199951171875,2838.5,252
2026-09-30 10:17:00-04:00,2837.10009765625,2837.10009765625,2837.60009765625,2835.39990234375,2837.10009765625,478
2026-09-30 10:18:00-04:00,2836.300048828125,2836.300048828125,2838.0,2836.199951171875,2837.300048828125,249
2026-09-30 10:19:00-04:00,2836.300048828125,2836.300048828125,2837.60009765625,2835.89990234375,2836.39990234375,323
2026-09-30 10:20:00-04:00,2839.199951171875,2839.199951171875,2839.699951171875,2836.5,2836.60009765625,212
2026-09-30 10:21:00-04:00,2838.300048828125,2838.300048828125,2840.10009765625,2838.300048828125,2839.300048828125,189
2026-09-30 10:22:00-04:00,2836.5,2836.5,2838.39990234375,2836.5,2838.199951171875,185
2026-09-30 10:23:00-04:00,2836.300048828125,2836.300048828125,2836.89990234375,2835.199951171875,2836.39990234375,227
2026-09-30 10:24:00-04:00,2834.199951171875,2834.199951171875,2836.39990234375,2833.89990234375,2836.39990234375,573
2026-09-30 10:25:00-04:00,2832.5,2832.5,2834.199951171875,2831.5,2834.10009765625,651
2026-09-30 10:26:00-04:00,2831.300048828125,2831.300048828125,2832.800048828125,2831.10009765625,2832.60009765625,706
2026-09-30 10:27:00-04:00,2830.89990234375,2830.89990234375,2831.699951171875,2830.5,2831.39990234375,522
2026-09-30 10:28:00-04:00,2828.60009765625,2828.60009765625,2831.199951171875,2828.0,2831.199951171875,739
2026-09-30 10:29:00-04:00,2828.39990234375,2828.39990234375,2829.5,2828.10009765625,2828.60009765625,603
2026-09-30 10:30:00-04:00,2829.800048828125,2829.800048828125,2829.89990234375,2827.60009765625,2828.60009765625,658
2026-09-30 10:31:00-04:00,2830.89990234375,2830.89990234375,2831.10009765625,2828.10009765625,2829.699951171875,524
2026-09-30 10:32:00-04:00,2829.199951171875,2829.199951171875,2832.39990234375,2829.199951171875,2830.89990234375,226
2026-09-30 10:33:00-04:00,2829.699951171875,2829.699951171875,2829.699951171875,2828.199951171875,2829.199951171875,198
2026-09-30 10:34:00-04:00,2829.300048828125,2829.300048828125,2830.39990234375,2828.800048828125,2829.699951171875,289
2026-09-30 10:35:00-04:00,2829.89990234375,2829.89990234375,2830.699951171875,2829.0,2829.39990234375,249
2026-09-30 10:36:00-04:00,2829.199951171875,2829.199951171875,2830.89990234375,2828.89990234375,2830.10009765625,807
2026-09-30 10:37:00-04:00,2830.800048828125,2830.800048828125,2831.10009765625,2829.300048828125,2829.39990234375,445
2026-09-30 10:38:00-04:00,2831.0,2831.0,2831.300048828125,2828.300048828125,2830.800048828125,986
2026-09-30 10:39:00-04:00,2830.10009765625,2830.10009765625,2832.300048828125,2830.10009765625,2830.89990234375,463
2026-09-30 10:40:00-04:00,2831.699951171875,2831.699951171875,2831.699951171875,2828.800048828125,2830.300048828125,456
2026-09-30 10:41:00-04:00,2831.60009765625,2831.60009765625,2832.5,2830.89990234375,2831.60009765625,260
2026-09-30 10:42:00-04:00,2834.0,2834.0,2834.300048828125,2831.5,2831.5,534
2026-09-30 10:43:00-04:00,2832.800048828125,2832.800048828125,2834.89990234375,2832.199951171875,2834.0,793
2026-09-30 10:44:00-04:00,2831.39990234375,2831.39990234375,2833.60009765625,2831.39990234375,2832.800048828125,250
2026-09-30 10:45:00-04:00,2832.5,2832.5,2832.89990234375,2830.89990234375,2831.0,223
2026-09-30 10:46:00-04:00,2833.89990234375,2833.89990234375,2834.199951171875,2832.60009765625,2832.60009765625,191
2026-09-30 10:47:00-04:00,2836.199951171875,2836.199951171875,2836.300048828125,2833.800048828125,2834.0,329
2026-09-30 10:48:00-04:00,2836.0,2836.0,2837.89990234375,2835.60009765625,2836.199951171875,467
2026-09-30 10:49:00-04:00,2836.10009765625,2836.10009765625,2836.60009765625,2835.5,2836.0,246
2026-09-30 10:50:00-04:00,2836.10009765625,2836.10009765625,2836.39990234375,2834.800048828125,2836.0,239
2026-09-30 10:51:00-04:00,2836.89990234375,2836.89990234375,2837.300048828125,2835.699951171875,2836.199951171875,199
2026-09-30 10:52:00-04:00,2837.5,2837.5,2837.699951171875,2835.89990234375,2836.89990234375,167
2026-09-30 10:53:00-04:00,2838.300048828125,2838.300048828125,2838.89990234375,2837.0,2837.39990234375,378
2026-09-30 10:54:00-04:00,2839.800048828125,2839.800048828125,2840.300048828125,2837.699951171875,2838.60009765625,1195
2026-09-30 10:55:00-04:00,2839.10009765625,2839.10009765625,2840.39990234375,2838.800048828125,2839.699951171875,410
2026-09-30 10:56:00-04:00,2838.39990234375,2838.39990234375,2839.5,2838.10009765625,2838.89990234375,422
2026-09-30 10:57:00-04:00,2840.89990234375,2840.89990234375,2841.0,2838.199951171875,2838.300048828125,349
2026-09-30 10:58:00-04:00,2840.10009765625,2840.10009765625,2840.89990234375,2839.5,2840.699951171875,369
2026-09-30 10:59:00-04:00,2839.699951171875,2839.699951171875,2840.699951171875,2839.60009765625,2840.199951171875,349
2026-09-30 11:00:00-04:00,2839.10009765625,2839.10009765625,2839.800048828125,2838.199951171875,2839.800048828125,563
2026-09-30 11:01:00-04:00,2839.39990234375,2839.39990234375,2839.89990234375,2838.699951171875,2839.300048828125,246
2026-09-30 11:02:00-04:00,2837.39990234375,2837.39990234375,2840.0,2837.300048828125,2839.39990234375,338
2026-09-30 11:03:00-04:00,2839.39990234375,2839.39990234375,2839.39990234375,2837.199951171875,2837.300048828125,306
2026-09-30 11:04:00-04:00,2840.60009765625,2840.60009765625,2840.699951171875,2838.10009765625,2839.39990234375,403
2026-09-30 11:05:00-04:00,2838.5,2838.5,2840.39990234375,2838.199951171875,2840.39990234375,263
2026-09-30 11:06:00-04:00,2838.60009765625,2838.60009765625,2839.300048828125,2837.60009765625,2838.5,228
2026-09-30 11:07:00-04:00,2838.89990234375,2838.89990234375,2839.199951171875,2837.699951171875,2838.699951171875,294
2026-09-30 11:08:00-04:00,2839.89990234375,2839.89990234375,2840.199951171875,2838.39990234375,2838.699951171875,252
2026-09-30 11:09:00-04:00,2840.10009765625,2840.10009765625,2840.5,2839.199951171875,2839.60009765625,241
2026-09-30 11:10:00-04:00,2840.0,2840.0,2840.699951171875,2839.5,2839.89990234375,262
2026-09-30 11:11:00-04:00,2839.60009765625,2839.60009765625,2841.39990234375,2839.39990234375,2839.89990234375,457
2026-09-30 11:12:00-04:00,2838.89990234375,2838.89990234375,2840.39990234375,2837.0,2839.699951171875,1039
2026-09-30 11:13:00-04:00,2840.0,2840.0,2841.199951171875,2838.800048828125,2838.800048828125,256
2026-09-30 11:14:00-04:00,2840.300048828125,2840.300048828125,2840.800048828125,2839.199951171875,2839.89990234375,325
2026-09-30 11:15:00-04:00,2841.699951171875,2841.699951171875,2842.199951171875,2840.10009765625,2840.199951171875,468
2026-09-30 11:16:00-04:00,2841.60009765625,2841.60009765625,2842.800048828125,2841.10009765625,2841.60009765625,408
2026-09-30 11:17:00-04:00,2841.39990234375,2841.39990234375,2841.699951171875,2840.699951171875,2841.5,169
2026-09-30 11:18:00-04:00,2839.89990234375,2839.89990234375,2841.300048828125,2839.89990234375,2841.300048828125,195
2026-09-30 11:19:00-04:00,2838.60009765625,2838.60009765625,2840.39990234375,2838.0,2840.199951171875,234
2026-09-30 11:20:00-04:00,2837.60009765625,2837.60009765625,2838.5,2837.199951171875,2838.5,275
2026-09-30 11:21:00-04:00,2837.10009765625,2837.10009765625,2838.0,2836.300048828125,2837.60009765625,341
2026-09-30 11:22:00-04:00,2835.39990234375,2835.39990234375,2837.0,2835.300048828125,2837.0,322
2026-09-30 11:23:00-04:00,2835.60009765625,2835.60009765625,2836.0,2835.10009765625,2835.5,219
2026-09-30 11:24:00-04:00,2835.10009765625,2835.10009765625,2835.800048828125,2834.10009765625,2835.800048828125,342
2026-09-30 11:25:00-04:00,2833.800048828125,2833.800048828125,2835.800048828125,2833.699951171875,2835.10009765625,347
2026-09-30 11:26:00-04:00,2834.0,2834.0,2835.39990234375,2833.39990234375,2833.800048828125,441
2026-09-30 11:27:00-04:00,2835.10009765625,2835.10009765625,2835.199951171875,2833.39990234375,2834.0,332
2026-09-30 11:28:00-04:00,2835.89990234375,2835.89990234375,2836.300048828125,2835.10009765625,2835.10009765625,370
2026-09-30 11:29:00-04:00,2836.89990234375,2836.89990234375,2837.10009765625,2835.699951171875,2836.0,508
2026-09-30 11:30:00-04:00,2838.0,2838.0,2838.0,2836.5,2837.0,269
2026-09-30 11:31:00-04:00,2839.199951171875,2839.199951171875,2839.300048828125,2837.5,2837.89990234375,344
2026-09-30 11:32:00-04:00,2839.5,2839.5,2839.5,2838.800048828125,2839.199951171875,178
2026-09-30 11:33:00-04:00,2837.60009765625,2837.60009765625,2839.5,2837.60009765625,2839.5,200
2026-09-30 11:34:00-04:00,2835.89990234375,2835.89990234375,2837.89990234375,2835.10009765625,2837.60009765625,731
2026-09-30 11:35:00-04:00,2835.5,2835.5,2836.5,2834.89990234375,2835.89990234375,360
2026-09-30 11:36:00-04:00,2834.10009765625,2834.10009765625,2835.5,2833.699951171875,2835.5,336
2026-09-30 11:37:00-04:00,2834.89990234375,2834.89990234375,2835.10009765625,2833.0,2834.10009765625,306
2026-09-30 11:38:00-04:00,2834.5,2834.5,2835.39990234375,2834.199951171875,2834.800048828125,295
2026-09-30 11:39:00-04:00,2832.800048828125,2832.800048828125,2834.800048828125,2832.800048828125,2834.300048828125,282
2026-09-30 11:40:00-04:00,2832.800048828125,2832.800048828125,2832.800048828125,2831.800048828125,2832.800048828125,426
2026-09-30 11:41:00-04:00,2832.800048828125,2832.800048828125,2833.199951171875,2832.10009765625,2832.699951171875,377
2026-09-30 11:42:00-04:00,2832.60009765625,2832.60009765625,2833.199951171875,2832.60009765625,2832.89990234375,256
2026-09-30 11:43:00-04:00,2831.199951171875,2831.199951171875,2832.699951171875,2831.0,2832.699951171875,306
2026-09-30 11:44:00-04:00,2831.10009765625,2831.10009765625,2831.800048828125,2830.39990234375,2831.300048828125,656
2026-09-30 11:45:00-04:00,2831.39990234375,2831.39990234375,2831.800048828125,2830.60009765625,2831.0,274
2026-09-30 11:46:00-04:00,2830.60009765625,2830.60009765625,2831.699951171875,2830.39990234375,2831.300048828125,191
2026-09-30 11:47:00-04:00,2830.60009765625,2830.60009765625,2831.10009765625,2830.39990234375,2830.5,241
2026-09-30 11:48:00-04:00,2831.39990234375,2831.39990234375,2832.39990234375,2830.39990234375,2830.699951171875,300
2026-09-30 11:49:00-04:00,2834.39990234375,2834.39990234375,2834.60009765625,2831.39990234375,2831.60009765625,609
2026-09-30 11:50:00-04:00,2833.800048828125,2833.800048828125,2834.699951171875,2833.300048828125,2834.39990234375,258
2026-09-30 11:51:00-04:00,2831.89990234375,2831.89990234375,2833.800048828125,2831.5,2833.800048828125,179
2026-09-30 11:52:00-04:00,2830.60009765625,2830.60009765625,2831.89990234375,2830.300048828125,2831.89990234375,245
2026-09-30 11:53:00-04:00,2830.800048828125,2830.800048828125,2831.39990234375,2830.60009765625,2830.60009765625,128
2026-09-30 11:54:00-04:00,2830.39990234375,2830.39990234375,2831.300048828125,2830.199951171875,2830.89990234375,154
2026-09-30 11:55:00-04:00,2829.5,2829.5,2830.800048828125,2829.5,2830.39990234375,244
2026-09-30 11:56:00-04:00,2830.800048828125,2830.800048828125,2830.89990234375,2829.60009765625,2829.800048828125,185
2026-09-30 11:57:00-04:00,2832.0,2832.0,2832.0,2830.800048828125,2830.800048828125,171
2026-09-30 11:58:00-04:00,2832.0,2832.0,2832.39990234375,2831.800048828125,2832.0,165
2026-09-30 11:59:00-04:00,2833.10009765625,2833.10009765625,2833.10009765625,2831.699951171875,2832.0,95
2026-09-30 12:00:00-04:00,2832.5,2832.5,2833.199951171875,2831.699951171875,2833.199951171875,724
2026-09-30 12:01:00-04:00,2833.39990234375,2833.39990234375,2833.39990234375,2832.699951171875,2832.800048828125,265
2026-09-30 12:02:00-04:00,2833.89990234375,2833.89990234375,2834.39990234375,2833.300048828125,2833.39990234375,244
2026-09-30 12:03:00-04:00,2833.10009765625,2833.10009765625,2833.800048828125,2832.699951171875,2833.800048828125,187
2026-09-30 12:04:00-04:00,2832.800048828125,2832.800048828125,2833.199951171875,2832.199951171875,2833.199951171875,319
2026-09-30 12:05:00-04:00,2834.199951171875,2834.199951171875,2834.89990234375,2832.800048828125,2832.89990234375,230
2026-09-30 12:06:00-04:00,2834.800048828125,2834.800048828125,2835.699951171875,2834.39990234375,2834.5,170
2026-09-30 12:07:00-04:00,2833.800048828125,2833.800048828125,2834.800048828125,2833.800048828125,2834.800048828125,127
2026-09-30 12:08:00-04:00,2833.300048828125,2833.300048828125,2833.89990234375,2833.199951171875,2833.800048828125,167
2026-09-30 12:09:00-04:00,2833.0,2833.0,2833.60009765625,2832.5,2833.39990234375,202
2026-09-30 12:10:00-04:00,2833.5,2833.5,2833.5,2832.800048828125,2833.199951171875,209
2026-09-30 12:11:00-04:00,2834.10009765625,2834.10009765625,2835.10009765625,2833.199951171875,2833.60009765625,495
2026-09-30 12:12:00-04:00,2832.199951171875,2832.199951171875,2834.0,2832.0,2834.0,117
2026-09-30 12:13:00-04:00,2833.0,2833.0,2833.60009765625,2832.300048828125,2832.300048828125,109
2026-09-30 12:14:00-04:00,2833.10009765625,2833.10009765625,2833.39990234375,2832.89990234375,2833.0,72
2026-09-30 12:15:00-04:00,2832.39990234375,2832.39990234375,2833.199951171875,2831.89990234375,2833.10009765625,133
2026-09-30 12:16:00-04:00,2831.89990234375,2831.89990234375,2832.60009765625,2831.89990234375,2832.5,146
2026-09-30 12:17:00-04:00,2831.199951171875,2831.199951171875,2832.5,2831.0,2832.10009765625,224
2026-09-30 12:18:00-04:00,2831.5,2831.5,2831.60009765625,2830.39990234375,2831.199951171875,317
2026-09-30 12:19:00-04:00,2832.0,2832.0,2832.0,2831.300048828125,2831.5,133
2026-09-30 12:20:00-04:00,2832.10009765625,2832.10009765625,2832.10009765625,2831.300048828125,2832.0,140
2026-09-30 12:21:00-04:00,2832.699951171875,2832.699951171875,2832.89990234375,2832.0,2832.10009765625,114
2026-09-30 12:22:00-04:00,2833.5,2833.5,2833.800048828125,2832.60009765625,2832.60009765625,124
2026-09-30 12:23:00-04:00,2832.800048828125,2832.800048828125,2833.60009765625,2832.699951171875,2833.60009765625,162
2026-09-30 12:24:00-04:00,2832.39990234375,2832.39990234375,2833.10009765625,2832.199951171875,2832.800048828125,97
2026-09-30 12:25:00-04:00,2833.300048828125,2833.300048828125,2833.5,2832.39990234375,2832.39990234375,100
2026-09-30 12:26:00-04:00,2832.89990234375,2832.89990234375,2833.5,2832.5,2833.300048828125,107
2026-09-30 12:27:00-04:00,2833.5,2833.5,2833.5,2832.10009765625,2832.800048828125,151
2026-09-30 12:28:00-04:00,2833.800048828125,2833.800048828125,2833.800048828125,2833.10009765625,2833.300048828125,151
2026-09-30 12:29:00-04:00,2833.699951171875,2833.699951171875,2834.0,2833.300048828125,2833.89990234375,161
2026-09-30 12:30:00-04:00,2832.699951171875,2832.699951171875,2833.800048828125,2832.60009765625,2833.699951171875,141
2026-09-30 12:31:00-04:00,2832.5,2832.5,2833.300048828125,2832.199951171875,2832.800048828125,288
2026-09-30 12:32:00-04:00,2832.800048828125,2832.800048828125,2833.0,2832.300048828125,2832.5,109
2026-09-30 12:33:00-04:00,2832.39990234375,2832.39990234375,2833.300048828125,2832.300048828125,2832.89990234375,91
2026-09-30 12:34:00-04:00,2833.699951171875,2833.699951171875,2833.699951171875,2832.5,2832.5,111
2026-09-30 12:35:00-04:00,2832.5,2832.5,2833.800048828125,2832.39990234375,2833.5,226
2026-09-30 12:36:00-04:00,2830.699951171875,2830.699951171875,2832.699951171875,2830.699951171875,2832.699951171875,389
2026-09-30 12:37:00-04:00,2831.699951171875,2831.699951171875,2832.39990234375,2830.699951171875,2830.800048828125,178
2026-09-30 12:38:00-04:00,2832.699951171875,2832.699951171875,2832.699951171875,2831.5,2831.699951171875,123
2026-09-30 12:39:00-04:00,2833.10009765625,2833.10009765625,2833.39990234375,2832.39990234375,2832.699951171875,99
2026-09-30 12:40:00-04:00,2833.300048828125,2833.300048828125,2833.39990234375,2832.699951171875,2833.199951171875,76
2026-09-30 12:41:00-04:00,2833.699951171875,2833.699951171875,2834.60009765625,2833.300048828125,2833.39990234375,278
2026-09-30 12:42:00-04:00,2833.0,2833.0,2834.0,2832.89990234375,2833.699951171875,80
2026-09-30 12:43:00-04:00,2834.199951171875,2834.199951171875,2834.199951171875,2832.800048828125,2833.199951171875,129
2026-09-30 12:44:00-04:00,2833.89990234375,2833.89990234375,2834.5,2833.699951171875,2834.10009765625,108
2026-09-30 12:45:00-04:00,2832.300048828125,2832.300048828125,2834.0,2832.199951171875,2834.0,237
2026-09-30 12:46:00-04:00,2832.10009765625,2832.10009765625,2832.5,2831.800048828125,2832.300048828125,151
2026-09-30 12:47:00-04:00,2832.300048828125,2832.300048828125,2833.10009765625,2832.10009765625,2832.10009765625,122
2026-09-30 12:48:00-04:00,2830.89990234375,2830.89990234375,2832.199951171875,2830.800048828125,2832.199951171875,158
2026-09-30 12:49:00-04:00,2831.0,2831.0,2831.10009765625,2830.199951171875,2830.89990234375,163
2026-09-30 12:50:00-04:00,2831.699951171875,2831.699951171875,2831.699951171875,2831.0,2831.0,161
2026-09-30 12:51:00-04:00,2830.89990234375,2830.89990234375,2831.800048828125,2830.800048828125,2831.60009765625,156
2026-09-30 12:52:00-04:00,2831.199951171875,2831.199951171875,2831.699951171875,2830.800048828125,2831.0,138
2026-09-30 12:53:00-04:00,2831.89990234375,2831.89990234375,2832.10009765625,2831.0,2831.10009765625,130
2026-09-30 12:54:00-04:00,2831.60009765625,2831.60009765625,2832.0,2831.5,2831.89990234375,115
2026-09-30 12:55:00-04:00,2831.199951171875,2831.199951171875,2831.800048828125,2831.0,2831.699951171875,74
2026-09-30 12:56:00-04:00,2832.0,2832.0,2832.10009765625,2831.10009765625,2831.10009765625,83
2026-09-30 12:57:00-04:00,2831.800048828125,2831.800048828125,2832.39990234375,2831.800048828125,2832.10009765625,168
2026-09-30 12:58:00-04:00,2832.199951171875,2832.199951171875,2832.89990234375,2831.800048828125,2831.89990234375,277
2026-09-30 12:59:00-04:00,2831.89990234375,2831.89990234375,2832.300048828125,2831.699951171875,2832.10009765625,79
2026-09-30 13:00:00-04:00,2831.5,2831.5,2832.0,2831.10009765625,2831.89990234375,227
2026-09-30 13:01:00-04:00,2830.89990234375,2830.89990234375,2831.5,2830.699951171875,2831.5,303
2026-09-30 13:02:00-04:00,2830.39990234375,2830.39990234375,2831.5,2830.39990234375,2830.89990234375,229
2026-09-30 13:03:00-04:00,2830.699951171875,2830.699951171875,2830.800048828125,2829.89990234375,2830.39990234375,171
2026-09-30 13:04:00-04:00,2830.60009765625,2830.60009765625,2830.800048828125,2830.199951171875,2830.699951171875,127
2026-09-30 13:05:00-04:00,2831.0,2831.0,2831.5,2830.5,2830.5,195
2026-09-30 13:06:00-04:00,2831.199951171875,2831.199951171875,2831.5,2830.89990234375,2831.0,166
2026-09-30 13:07:00-04:00,2832.0,2832.0,2832.0,2831.0,2831.300048828125,129
2026-09-30 13:08:00-04:00,2831.89990234375,2831.89990234375,2832.199951171875,2831.800048828125,2831.89990234375,92
2026-09-30 13:09:00-04:00,2830.800048828125,2830.800048828125,2831.89990234375,2830.800048828125,2831.89990234375,73
2026-09-30 13:10:00-04:00,2831.5,2831.5,2831.699951171875,2831.199951171875,2831.199951171875,146
2026-09-30 13:11:00-04:00,2830.89990234375,2830.89990234375,2831.60009765625,2830.89990234375,2831.5,197
2026-09-30 13:12:00-04:00,2830.89990234375,2830.89990234375,2831.39990234375,2830.800048828125,2830.89990234375,125
2026-09-30 13:13:00-04:00,2829.60009765625,2829.60009765625,2830.800048828125,2829.5,2830.699951171875,800
2026-09-30 13:14:00-04:00,2829.699951171875,2829.699951171875,2830.199951171875,2829.5,2829.5,178
2026-09-30 13:15:00-04:00,2828.0,2828.0,2829.60009765625,2827.800048828125,2829.60009765625,339
2026-09-30 13:16:00-04:00,2828.300048828125,2828.300048828125,2828.300048828125,2827.0,2827.800048828125,363
2026-09-30 13:17:00-04:00,2828.39990234375,2828.39990234375,2828.60009765625,2827.800048828125,2828.39990234375,216
2026-09-30 13:18:00-04:00,2827.800048828125,2827.800048828125,2828.60009765625,2827.5,2828.5,229
2026-09-30 13:19:00-04:00,2826.5,2826.5,2828.10009765625,2826.39990234375,2827.699951171875,219
2026-09-30 13:20:00-04:00,2826.300048828125,2826.300048828125,2826.699951171875,2825.699951171875,2826.5,289
2026-09-30 13:21:00-04:00,2827.199951171875,2827.199951171875,2827.699951171875,2826.300048828125,2826.300048828125,234
2026-09-30 13:22:00-04:00,2826.199951171875,2826.199951171875,2827.5,2826.0,2827.300048828125,213
2026-09-30 13:23:00-04:00,2825.5,2825.5,2826.199951171875,2825.300048828125,2826.10009765625,322
2026-09-30 13:24:00-04:00,2826.5,2826.5,2826.5,2825.5,2825.5,99
2026-09-30 13:25:00-04:00,2825.60009765625,2825.60009765625,2826.39990234375,2825.300048828125,2826.39990234375,131
2026-09-30 13:26:00-04:00,2823.800048828125,2823.800048828125,2825.60009765625,2823.39990234375,2825.5,251
2026-09-30 13:27:00-04:00,2825.0,2825.0,2825.10009765625,2823.800048828125,2823.800048828125,330
2026-09-30 13:28:00-04:00,2825.39990234375,2825.39990234375,2825.39990234375,2824.800048828125,2824.89990234375,252
2026-09-30 13:29:00-04:00,2826.0,2826.0,2826.39990234375,2825.300048828125,2825.300048828125,162
2026-09-30 13:30:00-04:00,2826.300048828125,2826.300048828125,2826.699951171875,2825.89990234375,2826.0,422
2026-09-30 13:31:00-04:00,2826.10009765625,2826.10009765625,2826.39990234375,2825.39990234375,2826.39990234375,414
2026-09-30 13:32:00-04:00,2826.699951171875,2826.699951171875,2826.699951171875,2825.89990234375,2826.199951171875,310
2026-09-30 13:33:00-04:00,2827.10009765625,2827.10009765625,2827.300048828125,2826.5,2826.699951171875,153
2026-09-30 13:34:00-04:00,2827.0,2827.0,2827.60009765625,2826.5,2827.199951171875,173
2026-09-30 13:35:00-04:00,2827.10009765625,2827.10009765625,2827.89990234375,2827.10009765625,2827.199951171875,125
2026-09-30 13:36:00-04:00,2826.0,2826.0,2827.39990234375,2826.0,2827.10009765625,128
2026-09-30 13:37:00-04:00,2826.199951171875,2826.199951171875,2826.5,2825.39990234375,2825.89990234375,201
2026-09-30 13:38:00-04:00,2827.60009765625,2827.60009765625,2827.60009765625,2826.10009765625,2826.199951171875,151
2026-09-30 13:39:00-04:00,2828.5,2828.5,2828.800048828125,2827.60009765625,2827.60009765625,193
2026-09-30 13:40:00-04:00,2828.89990234375,2828.89990234375,2829.60009765625,2828.39990234375,2828.5,274
2026-09-30 13:41:00-04:00,2829.60009765625,2829.60009765625,2830.0,2828.89990234375,2829.0,206
2026-09-30 13:42:00-04:00,2830.39990234375,2830.39990234375,2830.60009765625,2829.39990234375,2829.60009765625,214
2026-09-30 13:43:00-04:00,2829.89990234375,2829.89990234375,2830.699951171875,2829.800048828125,2830.5,205
2026-09-30 13:44:00-04:00,2829.699951171875,2829.699951171875,2830.0,2829.300048828125,2829.89990234375,130
2026-09-30 13:45:00-04:00,2828.199951171875,2828.199951171875,2829.699951171875,2828.0,2829.699951171875,268
2026-09-30 13:46:00-04:00,2827.89990234375,2827.89990234375,2828.39990234375,2827.39990234375,2828.10009765625,182
2026-09-30 13:47:00-04:00,2828.39990234375,2828.39990234375,2830.5,2827.39990234375,2827.89990234375,841
2026-09-30 13:48:00-04:00,2829.39990234375,2829.39990234375,2829.5,2827.89990234375,2828.5,209
2026-09-30 13:49:00-04:00,2829.39990234375,2829.39990234375,2829.800048828125,2829.10009765625,2829.39990234375,100
2026-09-30 13:50:00-04:00,2829.39990234375,2829.39990234375,2829.699951171875,2829.10009765625,2829.60009765625,114
2026-09-30 13:51:00-04:00,2828.60009765625,2828.60009765625,2829.5,2828.39990234375,2829.300048828125,134
2026-09-30 13:52:00-04:00,2827.699951171875,2827.699951171875,2829.10009765625,2827.699951171875,2828.60009765625,97
2026-09-30 13:53:00-04:00,2827.699951171875,2827.699951171875,2827.800048828125,2827.10009765625,2827.60009765625,181
2026-09-30 13:54:00-04:00,2827.800048828125,2827.800048828125,2828.0,2827.39990234375,2827.60009765625,104
2026-09-30 13:55:00-04:00,2827.5,2827.5,2827.800048828125,2827.199951171875,2827.800048828125,205
2026-09-30 13:56:00-04:00,2827.699951171875,2827.699951171875,2827.89990234375,2827.300048828125,2827.39990234375,233
2026-09-30 13:57:00-04:00,2828.300048828125,2828.300048828125,2828.699951171875,2827.699951171875,2827.699951171875,243
2026-09-30 13:58:00-04:00,2828.699951171875,2828.699951171875,2829.0,2828.199951171875,2828.300048828125,230
2026-09-30 13:59:00-04:00,2829.300048828125,2829.300048828125,2829.5,2828.800048828125,2828.89990234375,153
2026-09-30 14:00:00-04:00,2828.5,2828.5,2829.39990234375,2828.10009765625,2829.199951171875,275
2026-09-30 14:01:00-04:00,2828.89990234375,2828.89990234375,2828.89990234375,2828.300048828125,2828.39990234375,253
2026-09-30 14:02:00-04:00,2829.300048828125,2829.300048828125,2829.5,2828.300048828125,2828.89990234375,212
2026-09-30 14:03:00-04:00,2829.89990234375,2829.89990234375,2830.199951171875,2829.39990234375,2829.39990234375,234
2026-09-30 14:04:00-04:00,2830.300048828125,2830.300048828125,2830.39990234375,2829.199951171875,2829.800048828125,185
2026-09-30 14:05:00-04:00,2830.10009765625,2830.10009765625,2830.699951171875,2829.89990234375,2830.199951171875,232
2026-09-30 14:06:00-04:00,2828.699951171875,2828.699951171875,2830.0,2828.5,2830.0,276
2026-09-30 14:07:00-04:00,2828.800048828125,2828.800048828125,2829.10009765625,2828.5,2828.60009765625,227
2026-09-30 14:08:00-04:00,2828.800048828125,2828.800048828125,2828.89990234375,2827.89990234375,2828.89990234375,275
2026-09-30 14:09:00-04:00,2828.699951171875,2828.699951171875,2828.800048828125,2827.699951171875,2828.800048828125,119
2026-09-30 14:10:00-04:00,2828.800048828125,2828.800048828125,2829.0,2828.39990234375,2828.60009765625,191
2026-09-30 14:11:00-04:00,2829.0,2829.0,2829.39990234375,2828.60009765625,2828.699951171875,135
2026-09-30 14:12:00-04:00,2829.0,2829.0,2829.199951171875,2828.699951171875,2829.0,187
2026-09-30 14:13:00-04:00,2828.60009765625,2828.60009765625,2829.0,2828.300048828125,2829.0,141
2026-09-30 14:14:00-04:00,2828.39990234375,2828.39990234375,2829.300048828125,2828.300048828125,2828.60009765625,133
2026-09-30 14:15:00-04:00,2828.199951171875,2828.199951171875,2828.60009765625,2827.699951171875,2828.5,115
2026-09-30 14:16:00-04:00,2828.5,2828.5,2828.89990234375,2827.89990234375,2828.300048828125,121
2026-09-30 14:17:00-04:00,2828.0,2828.0,2828.699951171875,2828.0,2828.300048828125,83
2026-09-30 14:18:00-04:00,2829.0,2829.0,2829.10009765625,2827.89990234375,2828.199951171875,143
2026-09-30 14:19:00-04:00,2828.800048828125,2828.800048828125,2829.60009765625,2828.60009765625,2829.0,172
2026-09-30 14:20:00-04:00,2828.699951171875,2828.699951171875,2829.10009765625,2828.39990234375,2828.699951171875,98
2026-09-30 14:21:00-04:00,2827.89990234375,2827.89990234375,2828.5,2827.60009765625,2828.39990234375,218
2026-09-30 14:22:00-04:00,2828.5,2828.5,2828.699951171875,2828.0,2828.0,152
2026-09-30 14:23:00-04:00,2828.5,2828.5,2828.699951171875,2828.10009765625,2828.5,142
2026-09-30 14:24:00-04:00,2827.800048828125,2827.800048828125,2828.699951171875,2827.800048828125,2828.60009765625,199
2026-09-30 14:25:00-04:00,2826.800048828125,2826.800048828125,2828.10009765625,2826.800048828125,2827.800048828125,200
2026-09-30 14:26:00-04:00,2827.39990234375,2827.39990234375,2827.699951171875,2826.60009765625,2826.800048828125,186
2026-09-30 14:27:00-04:00,2827.5,2827.5,2828.199951171875,2827.39990234375,2827.5,195
2026-09-30 14:28:00-04:00,2828.5,2828.5,2829.0,2827.60009765625,2827.60009765625,286
2026-09-30 14:29:00-04:00,2829.0,2829.0,2829.199951171875,2828.39990234375,2828.60009765625,198
2026-09-30 14:30:00-04:00,2829.199951171875,2829.199951171875,2829.89990234375,2828.89990234375,2828.89990234375,314
2026-09-30 14:31:00-04:00,2828.60009765625,2828.60009765625,2829.5,2828.10009765625,2829.199951171875,371
2026-09-30 14:32:00-04:00,2828.5,2828.5,2828.60009765625,2827.800048828125,2828.60009765625,234
2026-09-30 14:33:00-04:00,2827.5,2827.5,2828.800048828125,2827.300048828125,2828.39990234375,275
2026-09-30 14:34:00-04:00,2827.39990234375,2827.39990234375,2827.5,2826.89990234375,2827.5,250
2026-09-30 14:35:00-04:00,2827.60009765625,2827.60009765625,2827.60009765625,2826.800048828125,2827.39990234375,234
2026-09-30 14:36:00-04:00,2827.800048828125,2827.800048828125,2828.5,2827.199951171875,2827.39990234375,277
2026-09-30 14:37:00-04:00,2827.60009765625,2827.60009765625,2827.800048828125,2827.10009765625,2827.699951171875,228
2026-09-30 14:38:00-04:00,2828.300048828125,2828.300048828125,2828.300048828125,2827.300048828125,2827.60009765625,125
2026-09-30 14:39:00-04:00,2829.300048828125,2829.300048828125,2829.5,2828.10009765625,2828.199951171875,193
2026-09-30 14:40:00-04:00,2829.0,2829.0,2829.800048828125,2829.0,2829.300048828125,206
2026-09-30 14:41:00-04:00,2828.800048828125,2828.800048828125,2829.39990234375,2828.60009765625,2829.0,166
2026-09-30 14:42:00-04:00,2829.10009765625,2829.10009765625,2829.199951171875,2828.5,2828.800048828125,170
2026-09-30 14:43:00-04:00,2828.39990234375,2828.39990234375,2829.39990234375,2828.199951171875,2829.199951171875,189
2026-09-30 14:44:00-04:00,2828.60009765625,2828.60009765625,2828.699951171875,2828.10009765625,2828.39990234375,110
2026-09-30 14:45:00-04:00,2827.199951171875,2827.199951171875,2828.699951171875,2827.199951171875,2828.60009765625,197
2026-09-30 14:46:00-04:00,2827.800048828125,2827.800048828125,2828.0,2827.199951171875,2827.300048828125,226
2026-09-30 14:47:00-04:00,2827.699951171875,2827.699951171875,2828.0,2827.39990234375,2827.89990234375,243
2026-09-30 14:48:00-04:00,2826.60009765625,2826.60009765625,2827.699951171875,2826.39990234375,2827.699951171875,196
2026-09-30 14:49:00-04:00,2826.39990234375,2826.39990234375,2826.699951171875,2825.800048828125,2826.699951171875,162
2026-09-30 14:50:00-04:00,2826.39990234375,2826.39990234375,2826.60009765625,2826.199951171875,2826.5,135
2026-09-30 14:51:00-04:00,2826.5,2826.5,2826.800048828125,2826.199951171875,2826.39990234375,185
2026-09-30 14:52:00-04:00,2826.39990234375,2826.39990234375,2826.89990234375,2826.300048828125,2826.60009765625,134
2026-09-30 14:53:00-04:00,2826.0,2826.0,2826.699951171875,2826.0,2826.300048828125,165
2026-09-30 14:54:00-04:00,2826.5,2826.5,2826.699951171875,2825.89990234375,2825.89990234375,95
2026-09-30 14:55:00-04:00,2826.5,2826.5,2826.800048828125,2826.199951171875,2826.5,164
2026-09-30 14:56:00-04:00,2827.0,2827.0,2827.10009765625,2826.39990234375,2826.5,171
2026-09-30 14:57:00-04:00,2827.39990234375,2827.39990234375,2827.39990234375,2826.800048828125,2827.0,108
2026-09-30 14:58:00-04:00,2828.10009765625,2828.10009765625,2828.5,2827.10009765625,2827.39990234375,195
2026-09-30 14:59:00-04:00,2827.699951171875,2827.699951171875,2828.39990234375,2827.60009765625,2828.10009765625,212
2026-09-30 15:00:00-04:00,2827.699951171875,2827.699951171875,2828.300048828125,2827.300048828125,2827.800048828125,286
2026-09-30 15:01:00-04:00,2828.39990234375,2828.39990234375,2828.60009765625,2827.10009765625,2827.699951171875,226
2026-09-30 15:02:00-04:00,2828.0,2828.0,2828.39990234375,2827.699951171875,2828.39990234375,103
2026-09-30 15:03:00-04:00,2827.39990234375,2827.39990234375,2828.0,2827.199951171875,2828.0,117
2026-09-30 15:04:00-04:00,2827.199951171875,2827.199951171875,2827.39990234375,2826.699951171875,2827.39990234375,134
2026-09-30 15:05:00-04:00,2826.800048828125,2826.800048828125,2827.39990234375,2826.60009765625,2827.10009765625,230
2026-09-30 15:06:00-04:00,2826.39990234375,2826.39990234375,2826.89990234375,2826.39990234375,2826.800048828125,148
2026-09-30 15:07:00-04:00,2827.39990234375,2827.39990234375,2827.5,2826.39990234375,2826.5,129
2026-09-30 15:08:00-04:00,2827.39990234375,2827.39990234375,2827.60009765625,2827.10009765625,2827.300048828125,153
2026-09-30 15:09:00-04:00,2827.89990234375,2827.89990234375,2827.89990234375,2826.89990234375,2827.300048828125,153
2026-09-30 15:10:00-04:00,2828.10009765625,2828.10009765625,2828.10009765625,2827.5,2827.800048828125,283
2026-09-30 15:11:00-04:00,2827.699951171875,2827.699951171875,2828.699951171875,2827.699951171875,2828.0,146
2026-09-30 15:12:00-04:00,2827.699951171875,2827.699951171875,2827.89990234375,2827.60009765625,2827.699951171875,88
2026-09-30 15:13:00-04:00,2827.800048828125,2827.800048828125,2827.89990234375,2827.5,2827.699951171875,90
2026-09-30 15:14:00-04:00,2828.300048828125,2828.300048828125,2828.39990234375,2827.800048828125,2827.800048828125,112
2026-09-30 15:15:00-04:00,2827.800048828125,2827.800048828125,2828.300048828125,2827.699951171875,2828.300048828125,98
2026-09-30 15:16:00-04:00,2827.800048828125,2827.800048828125,2828.10009765625,2827.60009765625,2827.800048828125,90
2026-09-30 15:17:00-04:00,2827.699951171875,2827.699951171875,2827.89990234375,2827.39990234375,2827.800048828125,113
2026-09-30 15:18:00-04:00,2828.800048828125,2828.800048828125,2828.800048828125,2827.5,2827.60009765625,90
2026-09-30 15:19:00-04:00,2828.5,2828.5,2829.0,2828.5,2828.89990234375,119
2026-09-30 15:20:00-04:00,2828.0,2828.0,2828.5,2827.800048828125,2828.5,308
2026-09-30 15:21:00-04:00,2828.0,2828.0,2828.39990234375,2827.800048828125,2828.0,162
2026-09-30 15:22:00-04:00,2828.0,2828.0,2828.300048828125,2827.800048828125,2828.10009765625,215
2026-09-30 15:23:00-04:00,2826.800048828125,2826.800048828125,2827.89990234375,2826.699951171875,2827.89990234375,176
2026-09-30 15:24:00-04:00,2826.89990234375,2826.89990234375,2827.199951171875,2826.60009765625,2826.699951171875,247
2026-09-30 15:25:00-04:00,2827.300048828125,2827.300048828125,2827.699951171875,2826.800048828125,2826.800048828125,180
2026-09-30 15:26:00-04:00,2827.39990234375,2827.39990234375,2827.39990234375,2827.0,2827.199951171875,156
2026-09-30 15:27:00-04:00,2827.10009765625,2827.10009765625,2827.60009765625,2826.800048828125,2827.300048828125,182
2026-09-30 15:28:00-04:00,2826.60009765625,2826.60009765625,2827.199951171875,2826.199951171875,2827.10009765625,186
2026-09-30 15:29:00-04:00,2826.39990234375,2826.39990234375,2826.60009765625,2826.0,2826.5,353
2026-09-30 15:30:00-04:00,2826.60009765625,2826.60009765625,2826.89990234375,2826.10009765625,2826.39990234375,222
2026-09-30 15:31:00-04:00,2826.5,2826.5,2826.699951171875,2825.89990234375,2826.60009765625,162
2026-09-30 15:32:00-04:00,2827.5,2827.5,2827.60009765625,2826.5,2826.60009765625,239
2026-09-30 15:33:00-04:00,2827.699951171875,2827.699951171875,2827.800048828125,2827.300048828125,2827.39990234375,269
2026-09-30 15:34:00-04:00,2828.0,2828.0,2828.300048828125,2827.699951171875,2827.699951171875,379
2026-09-30 15:35:00-04:00,2828.89990234375,2828.89990234375,2829.199951171875,2827.89990234375,2828.0,610
2026-09-30 15:36:00-04:00,2828.800048828125,2828.800048828125,2829.199951171875,2828.699951171875,2828.89990234375,179
2026-09-30 15:37:00-04:00,2827.699951171875,2827.699951171875,2828.89990234375,2827.5,2828.800048828125,314
2026-09-30 15:38:00-04:00,2827.699951171875,2827.699951171875,2828.10009765625,2827.39990234375,2827.60009765625,166
2026-09-30 15:39:00-04:00,2828.800048828125,2828.800048828125,2829.300048828125,2827.199951171875,2827.699951171875,1044
2026-09-30 15:40:00-04:00,2828.5,2828.5,2829.0,2828.10009765625,2828.699951171875,355
2026-09-30 15:41:00-04:00,2827.39990234375,2827.39990234375,2828.699951171875,2827.39990234375,2828.60009765625,266
2026-09-30 15:42:00-04:00,2826.5,2826.5,2827.699951171875,2826.199951171875,2827.5,340
2026-09-30 15:43:00-04:00,2826.60009765625,2826.60009765625,2826.699951171875,2826.10009765625,2826.39990234375,223
2026-09-30 15:44:00-04:00,2827.10009765625,2827.10009765625,2827.199951171875,2826.300048828125,2826.60009765625,239
2026-09-30 15:45:00-04:00,2826.5,2826.5,2827.39990234375,2826.39990234375,2827.10009765625,519
2026-09-30 15:46:00-04:00,2826.39990234375,2826.39990234375,2827.0,2826.300048828125,2826.60009765625,416
2026-09-30 15:47:00-04:00,2826.0,2826.0,2826.699951171875,2825.89990234375,2826.5,309
2026-09-30 15:48:00-04:00,2826.0,2826.0,2827.0,2825.5,2825.89990234375,518
2026-09-30 15:49:00-04:00,2826.199951171875,2826.199951171875,2826.60009765625,2826.0,2826.10009765625,248
2026-09-30 15:50:00-04:00,2823.39990234375,2823.39990234375,2826.199951171875,2823.199951171875,2826.10009765625,1364
2026-09-30 15:51:00-04:00,2823.60009765625,2823.60009765625,2823.699951171875,2822.60009765625,2823.39990234375,464
2026-09-30 15:52:00-04:00,2824.89990234375,2824.89990234375,2824.89990234375,2823.39990234375,2823.60009765625,1083
2026-09-30 15:53:00-04:00,2825.39990234375,2825.39990234375,2826.60009765625,2824.699951171875,2824.699951171875,525
2026-09-30 15:54:00-04:00,2822.800048828125,2822.800048828125,2825.300048828125,2822.699951171875,2825.300048828125,643
2026-09-30 15:55:00-04:00,2822.800048828125,2822.800048828125,2822.800048828125,2821.10009765625,2822.800048828125,1326
2026-09-30 15:56:00-04:00,2821.800048828125,2821.800048828125,2823.0,2821.60009765625,2822.800048828125,964
2026-09-30 15:57:00-04:00,2821.10009765625,2821.10009765625,2822.0,2820.89990234375,2821.699951171875,1476
2026-09-30 15:58:00-04:00,2820.800048828125,2820.800048828125,2821.10009765625,2819.800048828125,2821.0,4304
2026-09-30 15:59:00-04:00,2816.89990234375,2816.89990234375,2822.5,2816.10009765625,2820.800048828125,17006
2026-09-30 16:00:00-04:00,2817.39990234375,2817.39990234375,2818.10009765625,2815.800048828125,2817.0,3364
2026-09-30 16:01:00-04:00,2817.89990234375,2817.89990234375,2818.0,2816.199951171875,2817.5,1601
2026-09-30 16:02:00-04:00,2816.60009765625,2816.60009765625,2818.199951171875,2815.60009765625,2817.89990234375,741
2026-09-30 16:03:00-04:00,2814.39990234375,2814.39990234375,2816.699951171875,2814.10009765625,2816.60009765625,753
2026-09-30 16:04:00-04:00,2814.39990234375,2814.39990234375,2815.199951171875,2813.10009765625,2814.5,750
2026-09-30 16:05:00-04:00,2813.89990234375,2813.89990234375,2814.39990234375,2812.800048828125,2814.39990234375,855
2026-09-30 16:06:00-04:00,2814.699951171875,2814.699951171875,2814.800048828125,2813.5,2813.800048828125,474
2026-09-30 16:07:00-04:00,2815.0,2815.0,2815.10009765625,2813.89990234375,2815.0,561
2026-09-30 16:08:00-04:00,2815.39990234375,2815.39990234375,2815.800048828125,2814.699951171875,2814.89990234375,261
2026-09-30 16:09:00-04:00,2815.800048828125,2815.800048828125,2816.199951171875,2815.199951171875,2815.5,371
2026-09-30 16:10:00-04:00,2816.0,2816.0,2816.39990234375,2815.60009765625,2815.800048828125,372
2026-09-30 16:11:00-04:00,2815.800048828125,2815.800048828125,2816.199951171875,2815.60009765625,2816.0,242
2026-09-30 16:12:00-04:00,2816.300048828125,2816.300048828125,2816.300048828125,2815.699951171875,2815.89990234375,186
2026-09-30 16:13:00-04:00,2817.199951171875,2817.199951171875,2817.5,2816.39990234375,2816.5,310
2026-09-30 16:14:00-04:00,2817.89990234375,2817.89990234375,2817.89990234375,2817.10009765625,2817.10009765625,300
2026-09-30 16:15:00-04:00,2818.699951171875,2818.699951171875,2818.800048828125,2817.89990234375,2818.0,296
2026-09-30 16:16:00-04:00,2818.60009765625,2818.60009765625,2818.800048828125,2818.39990234375,2818.699951171875,111
2026-09-30 16:17:00-04:00,2818.39990234375,2818.39990234375,2818.60009765625,2818.0,2818.5,163
2026-09-30 16:18:00-04:00,2818.300048828125,2818.300048828125,2818.699951171875,2818.199951171875,2818.39990234375,330
2026-09-30 16:19:00-04:00,2818.199951171875,2818.199951171875,2818.60009765625,2818.0,2818.300048828125,193
2026-09-30 16:20:00-04:00,2818.800048828125,2818.800048828125,2819.0,2818.199951171875,2818.199951171875,87
2026-09-30 16:21:00-04:00,2818.199951171875,2818.199951171875,2818.800048828125,2817.800048828125,2818.800048828125,142
2026-09-30 16:22:00-04:00,2819.0,2819.0,2819.199951171875,2818.199951171875,2818.199951171875,74
2026-09-30 16:23:00-04:00,2818.89990234375,2818.89990234375,2819.39990234375,2818.89990234375,2819.199951171875,40
2026-09-30 16:24:00-04:00,2819.199951171875,2819.199951171875,2819.5,2818.699951171875,2818.800048828125,284
2026-09-30 16:25:00-04:00,2819.60009765625,2819.60009765625,2819.89990234375,2819.300048828125,2819.300048828125,127
2026-09-30 16:26:00-04:00,2819.800048828125,2819.800048828125,2819.89990234375,2819.300048828125,2819.60009765625,68
2026-09-30 16:27:00-04:00,2819.699951171875,2819.699951171875,2820.0,2819.39990234375,2819.89990234375,80
2026-09-30 16:28:00-04:00,2819.89990234375,2819.89990234375,2820.0,2819.60009765625,2819.60009765625,69
2026-09-30 16:29:00-04:00,2819.300048828125,2819.300048828125,2820.199951171875,2819.300048828125,2820.0,134
2026-09-30 16:30:00-04:00,2819.10009765625,2819.10009765625,2819.199951171875,2818.89990234375,2819.10009765625,68
2026-09-30 16:31:00-04:00,2819.10009765625,2819.10009765625,2819.300048828125,2818.89990234375,2819.0,112
2026-09-30 16:32:00-04:00,2818.699951171875,2818.699951171875,2819.199951171875,2818.60009765625,2819.10009765625,115
2026-09-30 16:33:00-04:00,2818.300048828125,2818.300048828125,2818.699951171875,2818.300048828125,2818.60009765625,89
2026-09-30 16:34:00-04:00,2819.199951171875,2819.199951171875,2819.199951171875,2818.5,2818.60009765625,32
2026-09-30 16:35:00-04:00,2819.0,2819.0,2819.0,2818.5,2819.0,100
2026-09-30 16:36:00-04:00,2818.5,2818.5,2819.199951171875,2818.5,2819.0,30
2026-09-30 16:37:00-04:00,2818.5,2818.5,2818.699951171875,2818.10009765625,2818.39990234375,90
2026-09-30 16:38:00-04:00,2818.800048828125,2818.800048828125,2818.800048828125,2818.39990234375,2818.5,39
2026-09-30 16:39:00-04:00,2818.699951171875,2818.699951171875,2819.10009765625,2818.60009765625,2818.89990234375,43
2026-09-30 16:40:00-04:00,2818.199951171875,2818.199951171875,2818.699951171875,2818.199951171875,2818.39990234375,74
2026-09-30 16:41:00-04:00,2818.199951171875,2818.199951171875,2818.199951171875,2817.89990234375,2818.10009765625,91
2026-09-30 16:42:00-04:00,2818.699951171875,2818.699951171875,2818.699951171875,2818.10009765625,2818.10009765625,166
2026-09-30 16:43:00-04:00,2818.60009765625,2818.60009765625,2818.89990234375,2818.60009765625,2818.699951171875,45
2026-09-30 16:44:00-04:00,2818.39990234375,2818.39990234375,2818.60009765625,2818.199951171875,2818.60009765625,61
2026-09-30 16:45:00-04:00,2818.10009765625,2818.10009765625,2818.60009765625,2818.10009765625,2818.5,58
2026-09-30 16:46:00-04:00,2818.10009765625,2818.10009765625,2818.300048828125,2818.0,2818.199951171875,43
2026-09-30 16:47:00-04:00,2818.39990234375,2818.39990234375,2818.39990234375,2818.0,2818.199951171875,14
2026-09-30 16:48:00-04:00,2817.89990234375,2817.89990234375,2818.699951171875,2817.89990234375,2818.39990234375,116
2026-09-30 16:49:00-04:00,2818.5,2818.5,2818.5,2817.699951171875,2817.89990234375,109
2026-09-30 16:50:00-04:00,2818.800048828125,2818.800048828125,2818.89990234375,2818.39990234375,2818.5,86
2026-09-30 16:51:00-04:00,2818.39990234375,2818.39990234375,2818.699951171875,2818.39990234375,2818.699951171875,33
2026-09-30 16:52:00-04:00,2818.60009765625,2818.60009765625,2818.699951171875,2818.300048828125,2818.39990234375,37
2026-09-30 16:53:00-04:00,2818.5,2818.5,2818.699951171875,2818.39990234375,2818.699951171875,40
2026-09-30 16:54:00-04:00,2819.0,2819.0,2819.0,2818.5,2818.60009765625,75
2026-09-30 16:55:00-04:00,2819.5,2819.5,2819.699951171875,2819.0,2819.0,299
2026-09-30 16:56:00-04:00,2819.39990234375,2819.39990234375,2820.0,2819.0,2819.5,337
2026-09-30 16:57:00-04:00,2819.699951171875,2819.699951171875,2820.60009765625,2819.5,2819.5,481
2026-09-30 16:58:00-04:00,2819.300048828125,2819.300048828125,2820.0,2818.89990234375,2819.60009765625,197
2026-09-30 16:59:00-04:00,2819.199951171875,2819.199951171875,2819.699951171875,2818.5,2819.300048828125,340
2026-09-30 18:00:00-04:00,2820.300048828125,2820.300048828125,2820.800048828125,2819.10009765625,2819.60009765625,0
2026-09-30 18:01:00-04:00,2820.5,2820.5,2820.699951171875,2819.10009765625,2819.89990234375,85
2026-09-30 18:02:00-04:00,2821.300048828125,2821.300048828125,2821.300048828125,2819.800048828125,2820.300048828125,35
2026-09-30 18:03:00-04:00,2820.800048828125,2820.800048828125,2821.199951171875,2820.5,2821.10009765625,36
2026-09-30 18:04:00-04:00,2820.0,2820.0,2821.0,2819.5,2820.800048828125,64
2026-09-30 18:05:00-04:00,2821.10009765625,2821.10009765625,2821.199951171875,2819.800048828125,2819.89990234375,37
2026-09-30 18:06:00-04:00,2821.199951171875,2821.199951171875,2821.199951171875,2820.89990234375,2820.89990234375,16
2026-09-30 18:07:00-04:00,2821.0,2821.0,2821.10009765625,2820.89990234375,2821.10009765625,3
2026-09-30 18:08:00-04:00,2821.300048828125,2821.300048828125,2821.699951171875,2821.199951171875,2821.199951171875,20
2026-09-30 18:09:00-04:00,2821.199951171875,2821.199951171875,2821.800048828125,2821.199951171875,2821.800048828125,9
2026-09-30 18:10:00-04:00,2821.39990234375,2821.39990234375,2821.699951171875,2821.0,2821.300048828125,17
2026-09-30 18:11:00-04:00,2821.39990234375,2821.39990234375,2821.39990234375,2821.39990234375,2821.39990234375,2
2026-09-30 18:12:00-04:00,2822.199951171875,2822.199951171875,2822.199951171875,2821.60009765625,2821.60009765625,24
2026-09-30 18:13:00-04:00,2821.89990234375,2821.89990234375,2822.199951171875,2821.699951171875,2822.0,39
2026-09-30 18:14:00-04:00,2822.199951171875,2822.199951171875,2822.199951171875,2822.0,2822.0,2
2026-09-30 18:15:00-04:00,2822.0,2822.0,2822.0,2821.89990234375,2821.89990234375,3
2026-09-30 18:16:00-04:00,2822.199951171875,2822.199951171875,2822.60009765625,2822.0,2822.0,38
2026-09-30 18:17:00-04:00,2822.5,2822.5,2822.60009765625,2822.199951171875,2822.300048828125,10
2026-09-30 18:18:00-04:00,2822.300048828125,2822.300048828125,2822.699951171875,2822.300048828125,2822.60009765625,4
2026-09-30 18:19:00-04:00,2822.800048828125,2822.800048828125,2823.199951171875,2822.39990234375,2822.39990234375,28
2026-09-30 18:20:00-04:00,2823.0,2823.0,2823.199951171875,2822.800048828125,2822.800048828125,12
2026-09-30 18:21:00-04:00,2822.800048828125,2822.800048828125,2822.89990234375,2822.699951171875,2822.800048828125,12
2026-09-30 18:22:00-04:00,2823.39990234375,2823.39990234375,2823.39990234375,2822.89990234375,2822.89990234375,28
2026-09-30 18:23:00-04:00,2823.199951171875,2823.199951171875,2823.39990234375,2823.199951171875,2823.39990234375,3
2026-09-30 18:24:00-04:00,2822.800048828125,2822.800048828125,2823.199951171875,2822.60009765625,2823.0,54
2026-09-30 18:25:00-04:00,2822.800048828125,2822.800048828125,2823.0,2822.699951171875,2822.699951171875,19
2026-09-30 18:26:00-04:00,2823.0,2823.0,2823.39990234375,2822.800048828125,2822.89990234375,16
2026-09-30 18:27:00-04:00,2823.300048828125,2823.300048828125,2823.300048828125,2823.300048828125,2823.300048828125,3
2026-09-30 18:28:00-04:00,2822.699951171875,2822.699951171875,2823.0,2822.699951171875,2823.0,8
2026-09-30 18:29:00-04:00,2822.89990234375,2822.89990234375,2823.0,2822.60009765625,2822.699951171875,37
2026-09-30 18:30:00-04:00,2823.10009765625,2823.10009765625,2823.10009765625,2822.800048828125,2822.800048828125,20
2026-09-30 18:31:00-04:00,2822.5,2822.5,2822.89990234375,2822.39990234375,2822.89990234375,12
2026-09-30 18:32:00-04:00,2823.0,2823.0,2823.0,2822.5,2822.60009765625,14
2026-09-30 18:33:00-04:00,2822.800048828125,2822.800048828125,2823.10009765625,2822.800048828125,2823.10009765625,9
2026-09-30 18:34:00-04:00,2822.199951171875,2822.199951171875,2822.699951171875,2822.10009765625,2822.699951171875,46
2026-09-30 18:35:00-04:00,2822.0,2822.0,2822.39990234375,2822.0,2822.300048828125,9
2026-09-30 18:36:00-04:00,2822.800048828125,2822.800048828125,2822.800048828125,2822.300048828125,2822.300048828125,4
2026-09-30 18:37:00-04:00,2822.5,2822.5,2822.699951171875,2822.39990234375,2822.60009765625,11
2026-09-30 18:38:00-04:00,2822.39990234375,2822.39990234375,2822.60009765625,2822.39990234375,2822.5,10
2026-09-30 18:39:00-04:00,2822.60009765625,2822.60009765625,2822.699951171875,2822.5,2822.60009765625,12
2026-09-30 18:40:00-04:00,2822.89990234375,2822.89990234375,2823.10009765625,2822.5,2822.60009765625,23
2026-09-30 18:41:00-04:00,2823.5,2823.5,2823.5,2823.0,2823.0,30
2026-09-30 18:42:00-04:00,2823.60009765625,2823.60009765625,2824.0,2823.60009765625,2823.60009765625,38
2026-09-30 18:43:00-04:00,2822.89990234375,2822.89990234375,2823.5,2822.89990234375,2823.5,11
2026-09-30 18:44:00-04:00,2822.699951171875,2822.699951171875,2823.0,2822.699951171875,2823.0,21
2026-09-30 18:45:00-04:00,2823.199951171875,2823.199951171875,2823.300048828125,2822.699951171875,2822.800048828125,39
2026-09-30 18:46:00-04:00,2822.800048828125,2822.800048828125,2823.0,2822.800048828125,2822.89990234375,3
2026-09-30 18:47:00-04:00,2822.800048828125,2822.800048828125,2822.800048828125,2822.800048828125,2822.800048828125,1
2026-09-30 18:48:00-04:00,2823.199951171875,2823.199951171875,2823.199951171875,2822.89990234375,2822.89990234375,6
2026-09-30 18:49:00-04:00,2823.300048828125,2823.300048828125,2823.39990234375,2823.300048828125,2823.39990234375,10
2026-09-30 18:50:00-04:00,2823.199951171875,2823.199951171875,2823.300048828125,2823.199951171875,2823.300048828125,2
2026-09-30 18:51:00-04:00,2823.10009765625,2823.10009765625,2823.300048828125,2823.10009765625,2823.199951171875,11
2026-09-30 18:52:00-04:00,2823.199951171875,2823.199951171875,2823.199951171875,2823.10009765625,2823.10009765625,6
2026-09-30 18:53:00-04:00,2822.89990234375,2822.89990234375,2822.89990234375,2822.89990234375,2822.89990234375,1
2026-09-30 18:54:00-04:00,2823.10009765625,2823.10009765625,2823.10009765625,2823.10009765625,2823.10009765625,5
2026-09-30 18:55:00-04:00,2823.10009765625,2823.10009765625,2823.300048828125,2823.0,2823.0,11
2026-09-30 18:58:00-04:00,2822.800048828125,2822.800048828125,2823.0,2822.800048828125,2823.0,15
2026-09-30 18:59:00-04:00,2823.0,2823.0,2823.0,2822.699951171875,2822.699951171875,3
2026-09-30 19:00:00-04:00,2822.699951171875,2822.699951171875,2822.89990234375,2822.699951171875,2822.89990234375,6
2026-09-30 19:01:00-04:00,2822.699951171875,2822.699951171875,2822.89990234375,2822.699951171875,2822.89990234375,2
2026-09-30 19:02:00-04:00,2822.800048828125,2822.800048828125,2822.800048828125,2822.60009765625,2822.60009765625,10
2026-09-30 19:03:00-04:00,2822.800048828125,2822.800048828125,2822.89990234375,2822.699951171875,2822.699951171875,8
2026-09-30 19:04:00-04:00,2822.699951171875,2822.699951171875,2822.800048828125,2822.699951171875,2822.699951171875,5
2026-09-30 19:05:00-04:00,2822.800048828125,2822.800048828125,2822.800048828125,2822.699951171875,2822.699951171875,3
2026-09-30 19:06:00-04:00,2822.5,2822.5,2822.60009765625,2822.5,2822.60009765625,5
2026-09-30 19:07:00-04:00,2822.39990234375,2822.39990234375,2822.60009765625,2822.39990234375,2822.60009765625,26
2026-09-30 19:08:00-04:00,2822.39990234375,2822.39990234375,2822.60009765625,2822.199951171875,2822.60009765625,11
2026-09-30 19:09:00-04:00,2822.5,2822.5,2822.5,2822.300048828125,2822.300048828125,7
2026-09-30 19:10:00-04:00,2822.39990234375,2822.39990234375,2822.39990234375,2822.39990234375,2822.39990234375,1
2026-09-30 19:11:00-04:00,2822.300048828125,2822.300048828125,2822.39990234375,2822.300048828125,2822.39990234375,5
2026-09-30 19:13:00-04:00,2822.5,2822.5,2822.5,2822.300048828125,2822.300048828125,11
2026-09-30 19:14:00-04:00,2822.5,2822.5,2822.5,2822.39990234375,2822.39990234375,3
2026-09-30 19:15:00-04:00,2822.89990234375,2822.89990234375,2823.10009765625,2822.60009765625,2822.60009765625,59
2026-09-30 19:16:00-04:00,2823.10009765625,2823.10009765625,2823.10009765625,2822.800048828125,2822.800048828125,10
2026-09-30 19:17:00-04:00,2823.10009765625,2823.10009765625,2823.10009765625,2823.10009765625,2823.10009765625,3
2026-09-30 19:18:00-04:00,2823.39990234375,2823.39990234375,2823.699951171875,2823.199951171875,2823.199951171875,44
2026-09-30 19:19:00-04:00,2823.199951171875,2823.199951171875,2823.39990234375,2823.199951171875,2823.39990234375,11
2026-09-30 19:20:00-04:00,2823.300048828125,2823.300048828125,2823.39990234375,2823.300048828125,2823.300048828125,6
2026-09-30 19:21:00-04:00,2823.60009765625,2823.60009765625,2823.699951171875,2823.300048828125,2823.300048828125,19
2026-09-30 19:22:00-04:00,2823.800048828125,2823.800048828125,2823.800048828125,2823.699951171875,2823.699951171875,27
2026-09-30 19:23:00-04:00,2823.60009765625,2823.60009765625,2823.699951171875,2823.60009765625,2823.699951171875,8
2026-09-30 19:24:00-04:00,2823.800048828125,2823.800048828125,2823.89990234375,2823.699951171875,2823.699951171875,4
2026-09-30 19:25:00-04:00,2823.10009765625,2823.10009765625,2823.699951171875,2823.10009765625,2823.699951171875,5
2026-09-30 19:26:00-04:00,2823.10009765625,2823.10009765625,2823.10009765625,2823.10009765625,2823.10009765625,2
2026-09-30 19:27:00-04:00,2823.0,2823.0,2823.0,2822.89990234375,2822.89990234375,2
2026-09-30 19:28:00-04:00,2823.10009765625,2823.10009765625,2823.199951171875,2823.10009765625,2823.10009765625,4
2026-09-30 19:29:00-04:00,2823.199951171875,2823.199951171875,2823.300048828125,2823.199951171875,2823.199951171875,7
2026-09-30 19:30:00-04:00,2823.699951171875,2823.699951171875,2823.800048828125,2823.300048828125,2823.300048828125,13
2026-09-30 19:31:00-04:00,2823.699951171875,2823.699951171875,2823.800048828125,2823.699951171875,2823.699951171875,3
2026-09-30 19:32:00-04:00,2824.0,2824.0,2824.199951171875,2823.89990234375,2823.89990234375,6
2026-09-30 19:33:00-04:00,2824.10009765625,2824.10009765625,2824.10009765625,2824.10009765625,2824.10009765625,1
2026-09-30 19:34:00-04:00,2824.10009765625,2824.10009765625,2824.199951171875,2824.10009765625,2824.199951171875,4
2026-09-30 19:35:00-04:00,2824.199951171875,2824.199951171875,2824.199951171875,2824.10009765625,2824.199951171875,10
2026-09-30 19:36:00-04:00,2825.5,2825.5,2825.5,2824.300048828125,2824.39990234375,92
2026-09-30 19:37:00-04:00,2825.800048828125,2825.800048828125,2825.800048828125,2825.60009765625,2825.60009765625,27
2026-09-30 19:38:00-04:00,2826.199951171875,2826.199951171875,2826.39990234375,2825.699951171875,2825.89990234375,52
2026-09-30 19:39:00-04:00,2825.699951171875,2825.699951171875,2826.10009765625,2825.699951171875,2826.10009765625,12
2026-09-30 19:40:00-04:00,2826.39990234375,2826.39990234375,2826.39990234375,2826.199951171875,2826.199951171875,19
2026-09-30 19:41:00-04:00,2826.5,2826.5,2826.89990234375,2826.39990234375,2826.39990234375,19
2026-09-30 19:42:00-04:00,2826.39990234375,2826.39990234375,2826.60009765625,2826.300048828125,2826.5,24
2026-09-30 19:43:00-04:00,2826.5,2826.5,2826.60009765625,2826.39990234375,2826.60009765625,5
2026-09-30 19:44:00-04:00,2826.199951171875,2826.199951171875,2826.39990234375,2826.199951171875,2826.39990234375,5
2026-09-30 19:45:00-04:00,2826.0,2826.0,2826.5,2826.0,2826.39990234375,21
2026-09-30 19:46:00-04:00,2826.0,2826.0,2826.0,2825.800048828125,2826.0,16
2026-09-30 19:47:00-04:00,2826.300048828125,2826.300048828125,2826.300048828125,2825.89990234375,2826.0,17
2026-09-30 19:48:00-04:00,2826.39990234375,2826.39990234375,2826.60009765625,2826.199951171875,2826.300048828125,15
2026-09-30 19:49:00-04:00,2826.300048828125,2826.300048828125,2826.300048828125,2826.300048828125,2826.300048828125,3
2026-09-30 19:50:00-04:00,2826.39990234375,2826.39990234375,2826.5,2826.300048828125,2826.5,7
2026-09-30 19:51:00-04:00,2826.60009765625,2826.60009765625,2826.800048828125,2826.39990234375,2826.60009765625,18
2026-09-30 19:52:00-04:00,2826.699951171875,2826.699951171875,2826.699951171875,2826.39990234375,2826.39990234375,14
2026-09-30 19:53:00-04:00,2826.89990234375,2826.89990234375,2826.89990234375,2826.699951171875,2826.699951171875,9
2026-09-30 19:54:00-04:00,2826.5,2826.5,2826.89990234375,2826.5,2826.800048828125,17
2026-09-30 19:55:00-04:00,2826.60009765625,2826.60009765625,2826.699951171875,2826.39990234375,2826.60009765625,7
2026-09-30 19:56:00-04:00,2826.199951171875,2826.199951171875,2826.39990234375,2826.10009765625,2826.39990234375,6
2026-09-30 19:57:00-04:00,2826.10009765625,2826.10009765625,2826.199951171875,2826.10009765625,2826.199951171875,3
2026-09-30 19:58:00-04:00,2826.10009765625,2826.10009765625,2826.199951171875,2826.0,2826.0,9
2026-09-30 19:59:00-04:00,2826.199951171875,2826.199951171875,2826.5,2826.199951171875,2826.199951171875,5
2026-09-30 20:00:00-04:00,2826.0,2826.0,2826.300048828125,2825.699951171875,2826.199951171875,108
2026-09-30 20:01:00-04:00,2825.699951171875,2825.699951171875,2826.199951171875,2825.300048828125,2826.199951171875,143
2026-09-30 20:02:00-04:00,2825.300048828125,2825.300048828125,2826.0,2825.300048828125,2825.89990234375,9
2026-09-30 20:03:00-04:00,2825.0,2825.0,2825.199951171875,2824.699951171875,2825.199951171875,21
2026-09-30 20:04:00-04:00,2824.800048828125,2824.800048828125,2825.10009765625,2824.800048828125,2824.800048828125,22
2026-09-30 20:05:00-04:00,2824.39990234375,2824.39990234375,2824.800048828125,2824.300048828125,2824.699951171875,23
2026-09-30 20:06:00-04:00,2824.89990234375,2824.89990234375,2824.89990234375,2824.10009765625,2824.300048828125,56
2026-09-30 20:07:00-04:00,2824.800048828125,2824.800048828125,2825.0,2824.699951171875,2825.0,25
2026-09-30 20:08:00-04:00,2824.699951171875,2824.699951171875,2824.800048828125,2824.60009765625,2824.699951171875,18
2026-09-30 20:09:00-04:00,2824.39990234375,2824.39990234375,2824.699951171875,2823.199951171875,2824.60009765625,163
2026-09-30 20:10:00-04:00,2824.699951171875,2824.699951171875,2825.0,2824.199951171875,2824.5,79
2026-09-30 20:11:00-04:00,2824.5,2824.5,2824.699951171875,2824.0,2824.39990234375,38
2026-09-30 20:12:00-04:00,2824.800048828125,2824.800048828125,2825.199951171875,2824.60009765625,2824.60009765625,24
2026-09-30 20:13:00-04:00,2824.39990234375,2824.39990234375,2824.60009765625,2824.199951171875,2824.60009765625,26
2026-09-30 20:14:00-04:00,2824.699951171875,2824.699951171875,2824.800048828125,2824.300048828125,2824.5,18
2026-09-30 20:15:00-04:00,2823.89990234375,2823.89990234375,2824.800048828125,2823.699951171875,2824.699951171875,63
2026-09-30 20:16:00-04:00,2823.699951171875,2823.699951171875,2824.0,2823.300048828125,2823.800048828125,42
2026-09-30 20:17:00-04:00,2823.699951171875,2823.699951171875,2823.89990234375,2823.199951171875,2823.89990234375,61
2026-09-30 20:18:00-04:00,2823.199951171875,2823.199951171875,2823.89990234375,2823.199951171875,2823.800048828125,31
2026-09-30 20:19:00-04:00,2823.39990234375,2823.39990234375,2823.60009765625,2823.10009765625,2823.10009765625,52
2026-09-30 20:20:00-04:00,2823.699951171875,2823.699951171875,2823.800048828125,2823.300048828125,2823.300048828125,29
2026-09-30 20:21:00-04:00,2823.300048828125,2823.300048828125,2823.800048828125,2823.300048828125,2823.699951171875,44
2026-09-30 20:22:00-04:00,2823.699951171875,2823.699951171875,2823.800048828125,2823.39990234375,2823.60009765625,86
2026-09-30 20:23:00-04:00,2823.699951171875,2823.699951171875,2824.10009765625,2823.39990234375,2823.60009765625,46
2026-09-30 20:24:00-04:00,2823.89990234375,2823.89990234375,2824.199951171875,2823.60009765625,2823.800048828125,29
2026-09-30 20:25:00-04:00,2823.89990234375,2823.89990234375,2823.89990234375,2823.39990234375,2823.89990234375,34
2026-09-30 20:26:00-04:00,2823.89990234375,2823.89990234375,2824.0,2823.699951171875,2824.0,18
2026-09-30 20:27:00-04:00,2823.89990234375,2823.89990234375,2824.199951171875,2823.699951171875,2823.89990234375,19
2026-09-30 20:28:00-04:00,2824.0,2824.0,2824.0,2823.699951171875,2823.89990234375,22
2026-09-30 20:29:00-04:00,2823.699951171875,2823.699951171875,2824.0,2823.39990234375,2824.0,11
2026-09-30 20:30:00-04:00,2822.5,2822.5,2823.5,2822.199951171875,2823.5,108
2026-09-30 20:31:00-04:00,2822.10009765625,2822.10009765625,2822.39990234375,2821.60009765625,2822.39990234375,60
2026-09-30 20:32:00-04:00,2822.5,2822.5,2822.5,2822.10009765625,2822.199951171875,16
2026-09-30 20:33:00-04:00,2821.699951171875,2821.699951171875,2822.5,2821.699951171875,2822.300048828125,14
2026-09-30 20:34:00-04:00,2820.300048828125,2820.300048828125,2821.60009765625,2820.300048828125,2821.5,53
2026-09-30 20:35:00-04:00,2819.89990234375,2819.89990234375,2820.5,2819.89990234375,2820.300048828125,64
2026-09-30 20:36:00-04:00,2821.0,2821.0,2821.0,2819.800048828125,2819.800048828125,39
2026-09-30 20:37:00-04:00,2820.60009765625,2820.60009765625,2821.0,2820.0,2821.0,10
2026-09-30 20:38:00-04:00,2820.10009765625,2820.10009765625,2820.60009765625,2820.10009765625,2820.60009765625,12
2026-09-30 20:39:00-04:00,2820.39990234375,2820.39990234375,2820.39990234375,2820.10009765625,2820.10009765625,6
2026-09-30 20:40:00-04:00,2820.5,2820.5,2820.699951171875,2820.5,2820.5,10
2026-09-30 20:41:00-04:00,2820.5,2820.5,2821.39990234375,2820.300048828125,2820.5,71
2026-09-30 20:42:00-04:00,2821.300048828125,2821.300048828125,2821.300048828125,2820.39990234375,2820.5,11
2026-09-30 20:43:00-04:00,2822.199951171875,2822.199951171875,2822.300048828125,2821.10009765625,2821.199951171875,32
2026-09-30 20:44:00-04:00,2823.0,2823.0,2823.10009765625,2822.300048828125,2822.300048828125,25
2026-09-30 20:45:00-04:00,2821.89990234375,2821.89990234375,2822.89990234375,2821.89990234375,2822.89990234375,16
2026-09-30 20:46:00-04:00,2821.5,2821.5,2821.60009765625,2821.300048828125,2821.60009765625,16
2026-09-30 20:47:00-04:00,2820.800048828125,2820.800048828125,2821.5,2820.60009765625,2821.5,20
2026-09-30 20:48:00-04:00,2821.39990234375,2821.39990234375,2821.60009765625,2820.800048828125,2820.800048828125,30
2026-09-30 20:49:00-04:00,2821.199951171875,2821.199951171875,2821.39990234375,2821.10009765625,2821.39990234375,8
2026-09-30 20:50:00-04:00,2820.60009765625,2820.60009765625,2821.10009765625,2820.5,2821.10009765625,16
2026-09-30 20:51:00-04:00,2820.60009765625,2820.60009765625,2820.60009765625,2820.300048828125,2820.60009765625,4
2026-09-30 20:52:00-04:00,2820.0,2820.0,2820.39990234375,2819.800048828125,2820.39990234375,45
2026-09-30 20:53:00-04:00,2819.300048828125,2819.300048828125,2820.10009765625,2819.199951171875,2820.10009765625,87
2026-09-30 20:54:00-04:00,2819.199951171875,2819.199951171875,2819.699951171875,2819.10009765625,2819.699951171875,39
2026-09-30 20:55:00-04:00,2819.699951171875,2819.699951171875,2819.800048828125,2819.199951171875,2819.199951171875,16
2026-09-30 20:56:00-04:00,2820.199951171875,2820.199951171875,2820.39990234375,2819.699951171875,2819.699951171875,10
2026-09-30 20:57:00-04:00,2820.699951171875,2820.699951171875,2820.699951171875,2820.39990234375,2820.39990234375,10
2026-09-30 20:58:00-04:00,2820.800048828125,2820.800048828125,2821.39990234375,2820.60009765625,2820.60009765625,23
2026-09-30 20:59:00-04:00,2820.39990234375,2820.39990234375,2820.89990234375,2820.199951171875,2820.800048828125,24
2026-09-30 21:00:00-04:00,2820.5,2820.5,2821.10009765625,2820.39990234375,2820.5,27
2026-09-30 21:01:00-04:00,2820.89990234375,2820.89990234375,2820.89990234375,2820.199951171875,2820.699951171875,38
2026-09-30 21:02:00-04:00,2820.60009765625,2820.60009765625,2821.5,2820.60009765625,2821.10009765625,11
2026-09-30 21:03:00-04:00,2820.5,2820.5,2820.60009765625,2820.5,2820.5,12
2026-09-30 21:04:00-04:00,2821.0,2821.0,2821.300048828125,2820.699951171875,2820.699951171875,24
2026-09-30 21:05:00-04:00,2821.800048828125,2821.800048828125,2821.800048828125,2821.0,2821.0,15
2026-09-30 21:06:00-04:00,2821.699951171875,2821.699951171875,2821.89990234375,2821.5,2821.800048828125,28
2026-09-30 21:07:00-04:00,2821.60009765625,2821.60009765625,2822.0,2821.60009765625,2821.699951171875,18
2026-09-30 21:08:00-04:00,2821.800048828125,2821.800048828125,2821.800048828125,2821.300048828125,2821.39990234375,13
2026-09-30 21:09:00-04:00,2821.60009765625,2821.60009765625,2821.699951171875,2821.300048828125,2821.60009765625,17
2026-09-30 21:10:00-04:00,2821.699951171875,2821.699951171875,2821.800048828125,2821.39990234375,2821.60009765625,11
2026-09-30 21:11:00-04:00,2821.699951171875,2821.699951171875,2821.89990234375,2821.199951171875,2821.89990234375,10
2026-09-30 21:12:00-04:00,2822.39990234375,2822.39990234375,2822.39990234375,2821.39990234375,2822.0,17
2026-09-30 21:13:00-04:00,2822.39990234375,2822.39990234375,2822.39990234375,2822.0,2822.39990234375,16
2026-09-30 21:14:00-04:00,2821.800048828125,2821.800048828125,2822.199951171875,2821.5,2822.199951171875,29
2026-09-30 21:15:00-04:00,2821.89990234375,2821.89990234375,2821.89990234375,2821.10009765625,2821.5,29
2026-09-30 21:16:00-04:00,2822.300048828125,2822.300048828125,2822.5,2821.699951171875,2821.800048828125,67
2026-09-30 21:17:00-04:00,2822.10009765625,2822.10009765625,2822.39990234375,2822.0,2822.39990234375,4
2026-09-30 21:18:00-04:00,2822.39990234375,2822.39990234375,2822.5,2822.39990234375,2822.39990234375,8
2026-09-30 21:19:00-04:00,2823.300048828125,2823.300048828125,2823.5,2822.5,2822.5,19
2026-09-30 21:20:00-04:00,2823.89990234375,2823.89990234375,2824.300048828125,2823.5,2823.5,28
2026-09-30 21:21:00-04:00,2823.39990234375,2823.39990234375,2824.0,2823.199951171875,2824.0,22
2026-09-30 21:22:00-04:00,2823.5,2823.5,2823.5,2823.199951171875,2823.39990234375,9
2026-09-30 21:23:00-04:00,2824.10009765625,2824.10009765625,2824.10009765625,2823.39990234375,2823.60009765625,32
2026-09-30 21:24:00-04:00,2824.10009765625,2824.10009765625,2824.199951171875,2824.0,2824.0,10
2026-09-30 21:25:00-04:00,2824.5,2824.5,2824.5,2824.10009765625,2824.10009765625,31
2026-09-30 21:26:00-04:00,2824.199951171875,2824.199951171875,2824.5,2824.199951171875,2824.5,7
2026-09-30 21:27:00-04:00,2823.60009765625,2823.60009765625,2824.0,2823.60009765625,2823.89990234375,5
2026-09-30 21:28:00-04:00,2823.60009765625,2823.60009765625,2823.699951171875,2823.60009765625,2823.699951171875,5
2026-09-30 21:29:00-04:00,2822.89990234375,2822.89990234375,2823.60009765625,2822.89990234375,2823.60009765625,7
2026-09-30 21:30:00-04:00,2822.800048828125,2822.800048828125,2822.89990234375,2822.699951171875,2822.699951171875,5
2026-09-30 21:31:00-04:00,2823.0,2823.0,2823.300048828125,2822.699951171875,2822.89990234375,11
2026-09-30 21:32:00-04:00,2823.300048828125,2823.300048828125,2823.300048828125,2822.89990234375,2823.10009765625,6
2026-09-30 21:33:00-04:00,2823.10009765625,2823.10009765625,2823.300048828125,2823.10009765625,2823.199951171875,14
2026-09-30 21:34:00-04:00,2823.0,2823.0,2823.300048828125,2823.0,2823.300048828125,23
2026-09-30 21:35:00-04:00,2823.199951171875,2823.199951171875,2823.199951171875,2822.89990234375,2822.89990234375,31
2026-09-30 21:36:00-04:00,2822.89990234375,2822.89990234375,2822.89990234375,2822.699951171875,2822.800048828125,4
2026-09-30 21:37:00-04:00,2822.39990234375,2822.39990234375,2822.89990234375,2822.300048828125,2822.89990234375,9
2026-09-30 21:38:00-04:00,2822.60009765625,2822.60009765625,2822.60009765625,2822.5,2822.5,5
2026-09-30 21:39:00-04:00,2823.10009765625,2823.10009765625,2823.199951171875,2822.699951171875,2822.699951171875,10
2026-09-30 21:40:00-04:00,2822.60009765625,2822.60009765625,2822.60009765625,2822.60009765625,2822.60009765625,3
2026-09-30 21:41:00-04:00,2822.39990234375,2822.39990234375,2822.39990234375,2821.800048828125,2822.39990234375,19
2026-09-30 21:42:00-04:00,2822.300048828125,2822.300048828125,2822.5,2822.300048828125,2822.5,6
2026-09-30 21:43:00-04:00,2822.39990234375,2822.39990234375,2822.5,2822.300048828125,2822.5,5
2026-09-30 21:44:00-04:00,2822.199951171875,2822.199951171875,2822.39990234375,2822.199951171875,2822.300048828125,3
2026-09-30 21:45:00-04:00,2821.89990234375,2821.89990234375,2822.39990234375,2821.800048828125,2822.199951171875,13
2026-09-30 21:46:00-04:00,2821.60009765625,2821.60009765625,2822.10009765625,2821.60009765625,2822.0,12
2026-09-30 21:47:00-04:00,2821.300048828125,2821.300048828125,2821.60009765625,2821.300048828125,2821.60009765625,9
2026-09-30 21:48:00-04:00,2821.0,2821.0,2821.300048828125,2820.699951171875,2821.300048828125,13
2026-09-30 21:49:00-04:00,2820.699951171875,2820.699951171875,2820.89990234375,2820.300048828125,2820.800048828125,12
2026-09-30 21:50:00-04:00,2821.5,2821.5,2821.5,2820.800048828125,2821.0,16
2026-09-30 21:51:00-04:00,2821.199951171875,2821.199951171875,2821.5,2821.10009765625,2821.300048828125,6
2026-09-30 21:52:00-04:00,2821.39990234375,2821.39990234375,2821.39990234375,2821.39990234375,2821.39990234375,3
2026-09-30 21:53:00-04:00,2821.10009765625,2821.10009765625,2821.199951171875,2821.0,2821.199951171875,4
2026-09-30 21:54:00-04:00,2821.300048828125,2821.300048828125,2821.39990234375,2821.300048828125,2821.39990234375,4
2026-09-30 21:55:00-04:00,2820.89990234375,2820.89990234375,2820.89990234375,2820.699951171875,2820.89990234375,13
2026-09-30 21:56:00-04:00,2820.39990234375,2820.39990234375,2820.89990234375,2820.39990234375,2820.89990234375,11
2026-09-30 21:57:00-04:00,2820.199951171875,2820.199951171875,2820.5,2820.10009765625,2820.300048828125,10
2026-09-30 21:58:00-04:00,2819.89990234375,2819.89990234375,2819.89990234375,2819.89990234375,2819.89990234375,1
2026-09-30 21:59:00-04:00,2820.10009765625,2820.10009765625,2820.39990234375,2820.10009765625,2820.39990234375,10
2026-09-30 22:00:00-04:00,2820.5,2820.5,2820.699951171875,2820.199951171875,2820.300048828125,28
2026-09-30 22:01:00-04:00,2820.0,2820.0,2820.39990234375,2819.800048828125,2820.39990234375,17
2026-09-30 22:02:00-04:00,2819.699951171875,2819.699951171875,2820.0,2819.39990234375,2820.0,28
2026-09-30 22:03:00-04:00,2819.5,2819.5,2819.800048828125,2819.5,2819.60009765625,7
2026-09-30 22:04:00-04:00,2819.5,2819.5,2820.0,2819.39990234375,2819.60009765625,18
2026-09-30 22:05:00-04:00,2819.199951171875,2819.199951171875,2819.800048828125,2819.199951171875,2819.699951171875,10
2026-09-30 22:06:00-04:00,2819.300048828125,2819.300048828125,2820.0,2819.300048828125,2819.39990234375,18
2026-09-30 22:07:00-04:00,2819.300048828125,2819.300048828125,2819.39990234375,2818.800048828125,2819.39990234375,14
2026-09-30 22:08:00-04:00,2819.39990234375,2819.39990234375,2819.39990234375,2819.39990234375,2819.39990234375,3
2026-09-30 22:09:00-04:00,2819.300048828125,2819.300048828125,2819.39990234375,2819.300048828125,2819.39990234375,5
2026-09-30 22:10:00-04:00,2820.0,2820.0,2820.0,2819.89990234375,2819.89990234375,3
2026-09-30 22:11:00-04:00,2820.0,2820.0,2820.10009765625,2819.800048828125,2819.800048828125,6
2026-09-30 22:12:00-04:00,2819.60009765625,2819.60009765625,2820.199951171875,2819.60009765625,2820.0,11
2026-09-30 22:13:00-04:00,2819.60009765625,2819.60009765625,2819.699951171875,2819.60009765625,2819.699951171875,2
2026-09-30 22:14:00-04:00,2819.199951171875,2819.199951171875,2819.60009765625,2819.10009765625,2819.60009765625,31
2026-09-30 22:15:00-04:00,2819.300048828125,2819.300048828125,2819.300048828125,2819.300048828125,2819.300048828125,1
2026-09-30 22:16:00-04:00,2820.0,2820.0,2820.0,2819.800048828125,2819.800048828125,3
2026-09-30 22:17:00-04:00,2819.89990234375,2819.89990234375,2819.89990234375,2819.699951171875,2819.89990234375,4
2026-09-30 22:18:00-04:00,2819.10009765625,2819.10009765625,2819.5,2818.89990234375,2819.5,25
2026-09-30 22:19:00-04:00,2819.60009765625,2819.60009765625,2819.800048828125,2819.199951171875,2819.199951171875,28
2026-09-30 22:20:00-04:00,2819.199951171875,2819.199951171875,2819.39990234375,2819.10009765625,2819.300048828125,11
2026-09-30 22:21:00-04:00,2818.800048828125,2818.800048828125,2819.199951171875,2818.800048828125,2819.199951171875,9
2026-09-30 22:22:00-04:00,2819.800048828125,2819.800048828125,2819.800048828125,2819.199951171875,2819.199951171875,30
2026-09-30 22:23:00-04:00,2819.89990234375,2819.89990234375,2820.10009765625,2819.800048828125,2819.800048828125,12
2026-09-30 22:24:00-04:00,2820.199951171875,2820.199951171875,2820.800048828125,2820.10009765625,2820.10009765625,32
2026-09-30 22:25:00-04:00,2820.0,2820.0,2820.0,2819.800048828125,2819.800048828125,7
2026-09-30 22:27:00-04:00,2819.699951171875,2819.699951171875,2820.199951171875,2819.699951171875,2820.199951171875,10
2026-09-30 22:28:00-04:00,2820.89990234375,2820.89990234375,2820.89990234375,2819.800048828125,2819.800048828125,6
2026-09-30 22:29:00-04:00,2821.39990234375,2821.39990234375,2821.39990234375,2820.89990234375,2821.0,12
2026-09-30 22:30:00-04:00,2821.5,2821.5,2821.89990234375,2821.199951171875,2821.39990234375,20
2026-09-30 22:31:00-04:00,2821.5,2821.5,2821.5,2821.199951171875,2821.199951171875,10
2026-09-30 22:32:00-04:00,2821.800048828125,2821.800048828125,2822.10009765625,2821.5,2821.5,16
2026-09-30 22:33:00-04:00,2822.0,2822.0,2822.0,2821.89990234375,2821.89990234375,2
2026-09-30 22:34:00-04:00,2821.60009765625,2821.60009765625,2821.800048828125,2821.5,2821.800048828125,5
2026-09-30 22:35:00-04:00,2821.60009765625,2821.60009765625,2821.699951171875,2821.60009765625,2821.60009765625,8
2026-09-30 22:36:00-04:00,2821.39990234375,2821.39990234375,2821.699951171875,2821.39990234375,2821.699951171875,5
2026-09-30 22:37:00-04:00,2821.60009765625,2821.60009765625,2821.699951171875,2821.300048828125,2821.39990234375,17
2026-09-30 22:38:00-04:00,2821.0,2821.0,2821.199951171875,2821.0,2821.199951171875,3
2026-09-30 22:39:00-04:00,2821.300048828125,2821.300048828125,2821.300048828125,2821.199951171875,2821.199951171875,3
2026-09-30 22:40:00-04:00,2821.39990234375,2821.39990234375,2821.39990234375,2821.39990234375,2821.39990234375,1
2026-09-30 22:42:00-04:00,2821.300048828125,2821.300048828125,2821.39990234375,2821.10009765625,2821.10009765625,7
2026-09-30 22:43:00-04:00,2821.89990234375,2821.89990234375,2821.89990234375,2821.5,2821.5,10
2026-09-30 22:44:00-04:00,2821.699951171875,2821.699951171875,2821.89990234375,2821.699951171875,2821.89990234375,11
2026-09-30 22:45:00-04:00,2821.60009765625,2821.60009765625,2821.89990234375,2821.60009765625,2821.60009765625,14
2026-09-30 22:46:00-04:00,2822.10009765625,2822.10009765625,2822.300048828125,2821.800048828125,2821.800048828125,24
2026-09-30 22:47:00-04:00,2822.300048828125,2822.300048828125,2822.5,2822.10009765625,2822.10009765625,21
2026-09-30 22:48:00-04:00,2822.10009765625,2822.10009765625,2822.5,2822.0,2822.300048828125,25
2026-09-30 22:49:00-04:00,2821.89990234375,2821.89990234375,2822.0,2821.800048828125,2822.0,7
2026-09-30 22:50:00-04:00,2821.89990234375,2821.89990234375,2822.0,2821.800048828125,2821.89990234375,18
2026-09-30 22:51:00-04:00,2822.800048828125,2822.800048828125,2823.0,2821.89990234375,2822.0,52
2026-09-30 22:52:00-04:00,2822.89990234375,2822.89990234375,2823.10009765625,2822.60009765625,2822.60009765625,18
2026-09-30 22:53:00-04:00,2822.89990234375,2822.89990234375,2823.10009765625,2822.800048828125,2823.0,25
2026-09-30 22:54:00-04:00,2823.199951171875,2823.199951171875,2823.199951171875,2822.89990234375,2822.89990234375,8
2026-09-30 22:55:00-04:00,2823.10009765625,2823.10009765625,2823.199951171875,2823.10009765625,2823.10009765625,9
2026-09-30 22:56:00-04:00,2823.300048828125,2823.300048828125,2823.60009765625,2822.89990234375,2823.0,29
2026-09-30 22:57:00-04:00,2823.300048828125,2823.300048828125,2823.39990234375,2823.199951171875,2823.199951171875,20
2026-09-30 22:58:00-04:00,2824.0,2824.0,2824.0,2823.300048828125,2823.300048828125,31
2026-09-30 22:59:00-04:00,2824.5,2824.5,2824.60009765625,2823.89990234375,2823.89990234375,57
2026-09-30 23:00:00-04:00,2825.0,2825.0,2825.199951171875,2824.39990234375,2824.39990234375,70
2026-09-30 23:01:00-04:00,2824.5,2824.5,2825.10009765625,2824.5,2824.800048828125,23
2026-09-30 23:02:00-04:00,2824.699951171875,2824.699951171875,2824.800048828125,2824.39990234375,2824.39990234375,14
2026-09-30 23:03:00-04:00,2824.300048828125,2824.300048828125,2824.800048828125,2824.300048828125,2824.800048828125,24
2026-09-30 23:04:00-04:00,2824.10009765625,2824.10009765625,2824.39990234375,2824.10009765625,2824.39990234375,9
2026-09-30 23:05:00-04:00,2824.39990234375,2824.39990234375,2824.5,2824.300048828125,2824.300048828125,8
2026-09-30 23:06:00-04:00,2823.800048828125,2823.800048828125,2824.39990234375,2823.800048828125,2824.300048828125,9
2026-09-30 23:07:00-04:00,2824.60009765625,2824.60009765625,2824.89990234375,2824.10009765625,2824.199951171875,66
2026-09-30 23:08:00-04:00,2824.5,2824.5,2824.60009765625,2824.300048828125,2824.5,17
2026-09-30 23:09:00-04:00,2824.5,2824.5,2824.699951171875,2824.5,2824.699951171875,4
2026-09-30 23:10:00-04:00,2824.5,2824.5,2824.60009765625,2824.5,2824.60009765625,3
2026-09-30 23:11:00-04:00,2825.0,2825.0,2825.199951171875,2824.5,2824.5,30
2026-09-30 23:12:00-04:00,2824.800048828125,2824.800048828125,2825.10009765625,2824.800048828125,2825.0,26
2026-09-30 23:13:00-04:00,2824.89990234375,2824.89990234375,2824.89990234375,2824.60009765625,2824.60009765625,22
2026-09-30 23:14:00-04:00,2824.60009765625,2824.60009765625,2824.800048828125,2824.60009765625,2824.800048828125,7
2026-09-30 23:15:00-04:00,2824.5,2824.5,2824.699951171875,2824.5,2824.5,15
2026-09-30 23:16:00-04:00,2824.39990234375,2824.39990234375,2824.5,2824.39990234375,2824.5,5
2026-09-30 23:17:00-04:00,2824.300048828125,2824.300048828125,2825.0,2824.300048828125,2824.5,38
2026-09-30 23:18:00-04:00,2824.199951171875,2824.199951171875,2824.39990234375,2824.0,2824.300048828125,20
2026-09-30 23:19:00-04:00,2824.300048828125,2824.300048828125,2824.300048828125,2823.89990234375,2824.0,9
2026-09-30 23:20:00-04:00,2824.300048828125,2824.300048828125,2824.300048828125,2824.300048828125,2824.300048828125,6
2026-09-30 23:21:00-04:00,2824.10009765625,2824.10009765625,2824.39990234375,2824.10009765625,2824.39990234375,4
2026-09-30 23:22:00-04:00,2824.0,2824.0,2824.0,2823.89990234375,2824.0,3
2026-09-30 23:23:00-04:00,2824.300048828125,2824.300048828125,2824.300048828125,2824.0,2824.10009765625,11
2026-09-30 23:24:00-04:00,2824.60009765625,2824.60009765625,2824.60009765625,2824.300048828125,2824.300048828125,9
2026-09-30 23:25:00-04:00,2824.5,2824.5,2824.60009765625,2824.39990234375,2824.39990234375,5
2026-09-30 23:26:00-04:00,2825.0,2825.0,2825.0,2824.39990234375,2824.39990234375,8
2026-09-30 23:27:00-04:00,2824.39990234375,2824.39990234375,2824.800048828125,2824.39990234375,2824.800048828125,5
2026-09-30 23:28:00-04:00,2824.699951171875,2824.699951171875,2824.800048828125,2824.60009765625,2824.60009765625,5
2026-09-30 23:29:00-04:00,2825.0,2825.0,2825.0,2824.89990234375,2824.89990234375,5
2026-09-30 23:30:00-04:00,2824.39990234375,2824.39990234375,2824.89990234375,2824.39990234375,2824.89990234375,4
2026-09-30 23:31:00-04:00,2824.300048828125,2824.300048828125,2824.300048828125,2824.10009765625,2824.10009765625,6
2026-09-30 23:32:00-04:00,2824.0,2824.0,2824.0,2823.800048828125,2823.89990234375,4
2026-09-30 23:33:00-04:00,2824.0,2824.0,2824.0,2823.800048828125,2823.800048828125,2
2026-09-30 23:34:00-04:00,2823.800048828125,2823.800048828125,2823.89990234375,2823.800048828125,2823.800048828125,5
2026-09-30 23:35:00-04:00,2824.10009765625,2824.10009765625,2824.300048828125,2824.0,2824.0,18
2026-09-30 23:36:00-04:00,2824.300048828125,2824.300048828125,2824.300048828125,2824.0,2824.0,5
2026-09-30 23:37:00-04:00,2824.5,2824.5,2824.5,2824.39990234375,2824.39990234375,7
2026-09-30 23:38:00-04:00,2824.60009765625,2824.60009765625,2824.60009765625,2824.60009765625,2824.60009765625,3
2026-09-30 23:39:00-04:00,2824.699951171875,2824.699951171875,2824.699951171875,2824.5,2824.5,3
2026-09-30 23:40:00-04:00,2825.0,2825.0,2825.10009765625,2824.60009765625,2824.699951171875,10
2026-09-30 23:41:00-04:00,2825.0,2825.0,2825.0,2824.5,2824.699951171875,11
2026-09-30 23:42:00-04:00,2825.199951171875,2825.199951171875,2825.300048828125,2825.0,2825.10009765625,29
2026-09-30 23:43:00-04:00,2825.300048828125,2825.300048828125,2825.39990234375,2825.10009765625,2825.10009765625,8
2026-09-30 23:44:00-04:00,2825.300048828125,2825.300048828125,2825.300048828125,2825.10009765625,2825.199951171875,4
2026-09-30 23:45:00-04:00,2825.199951171875,2825.199951171875,2825.5,2825.199951171875,2825.39990234375,11
2026-09-30 23:46:00-04:00,2825.300048828125,2825.300048828125,2825.60009765625,2825.300048828125,2825.39990234375,18
2026-09-30 23:47:00-04:00,2825.300048828125,2825.300048828125,2825.300048828125,2825.300048828125,2825.300048828125,5
2026-09-30 23:48:00-04:00,2825.10009765625,2825.10009765625,2825.39990234375,2825.10009765625,2825.199951171875,10
2026-09-30 23:49:00-04:00,2825.199951171875,2825.199951171875,2825.199951171875,2825.0,2825.0,11
2026-09-30 23:50:00-04:00,2825.5,2825.5,2825.5,2825.199951171875,2825.199951171875,26
2026-09-30 23:51:00-04:00,2825.199951171875,2825.199951171875,2825.39990234375,2825.10009765625,2825.300048828125,30
2026-09-30 23:52:00-04:00,2825.199951171875,2825.199951171875,2825.39990234375,2825.199951171875,2825.300048828125,6
2026-09-30 23:53:00-04:00,2825.300048828125,2825.300048828125,2825.39990234375,2825.10009765625,2825.39990234375,21
2026-09-30 23:54:00-04:00,2826.5,2826.5,2826.60009765625,2825.5,2825.5,86
2026-09-30 23:55:00-04:00,2826.39990234375,2826.39990234375,2826.60009765625,2826.199951171875,2826.5,38
2026-09-30 23:56:00-04:00,2826.39990234375,2826.39990234375,2826.5,2826.300048828125,2826.5,12
2026-09-30 23:57:00-04:00,2827.39990234375,2827.39990234375,2827.39990234375,2826.5,2826.5,82
2026-09-30 23:58:00-04:00,2828.0,2828.0,2828.0,2827.199951171875,2827.39990234375,112
2026-10-01 00:09:00-04:00,2828.5,2828.5,2828.5,2828.199951171875,2828.300048828125,17
2026-10-01 00:10:00-04:00,2828.10009765625,2828.10009765625,2828.300048828125,2828.10009765625,2828.199951171875,5
2026-10-01 00:11:00-04:00,2828.300048828125,2828.300048828125,2828.60009765625,2828.300048828125,2828.300048828125,27
2026-10-01 00:12:00-04:00,2828.199951171875,2828.199951171875,2828.199951171875,2828.199951171875,2828.199951171875,3
2026-10-01 00:13:00-04:00,2828.60009765625,2828.60009765625,2828.60009765625,2828.199951171875,2828.300048828125,4
2026-10-01 00:14:00-04:00,2828.699951171875,2828.699951171875,2828.89990234375,2828.699951171875,2828.800048828125,5
2026-10-01 00:15:00-04:00,2828.10009765625,2828.10009765625,2828.60009765625,2828.0,2828.60009765625,9
2026-10-01 00:16:00-04:00,2827.800048828125,2827.800048828125,2828.10009765625,2827.800048828125,2828.10009765625,5
2026-10-01 00:17:00-04:00,2827.89990234375,2827.89990234375,2827.89990234375,2827.89990234375,2827.89990234375,1
2026-10-01 00:18:00-04:00,2827.800048828125,2827.800048828125,2827.800048828125,2827.60009765625,2827.699951171875,6
2026-10-01 00:19:00-04:00,2827.699951171875,2827.699951171875,2827.699951171875,2827.60009765625,2827.699951171875,6
2026-10-01 00:20:00-04:00,2827.60009765625,2827.60009765625,2827.699951171875,2827.60009765625,2827.699951171875,5
2026-10-01 00:21:00-04:00,2827.699951171875,2827.699951171875,2827.699951171875,2827.699951171875,2827.699951171875,2
2026-10-01 00:23:00-04:00,2828.0,2828.0,2828.0,2828.0,2828.0,3
2026-10-01 00:24:00-04:00,2827.800048828125,2827.800048828125,2828.0,2827.800048828125,2827.89990234375,6
2026-10-01 00:25:00-04:00,2827.89990234375,2827.89990234375,2827.89990234375,2827.60009765625,2827.699951171875,10
2026-10-01 00:26:00-04:00,2827.89990234375,2827.89990234375,2827.89990234375,2827.89990234375,2827.89990234375,3
2026-10-01 00:27:00-04:00,2828.0,2828.0,2828.0,2827.89990234375,2827.89990234375,11
2026-10-01 00:28:00-04:00,2828.10009765625,2828.10009765625,2828.300048828125,2827.89990234375,2827.89990234375,5
2026-10-01 00:29:00-04:00,2828.0,2828.0,2828.10009765625,2828.0,2828.10009765625,4
2026-10-01 00:30:00-04:00,2827.89990234375,2827.89990234375,2827.89990234375,2827.800048828125,2827.800048828125,7
2026-10-01 00:31:00-04:00,2828.10009765625,2828.10009765625,2828.10009765625,2828.0,2828.0,2
2026-10-01 00:34:00-04:00,2829.0,2829.0,2829.0,2828.39990234375,2828.39990234375,22
2026-10-01 00:35:00-04:00,2829.0,2829.0,2829.0,2828.89990234375,2828.89990234375,3
2026-10-01 00:36:00-04:00,2829.10009765625,2829.10009765625,2829.10009765625,2829.10009765625,2829.10009765625,1
2026-10-01 00:37:00-04:00,2829.300048828125,2829.300048828125,2829.300048828125,2829.300048828125,2829.300048828125,1
2026-10-01 00:38:00-04:00,2829.0,2829.0,2829.199951171875,2829.0,2829.199951171875,3
2026-10-01 00:39:00-04:00,2828.89990234375,2828.89990234375,2828.89990234375,2828.89990234375,2828.89990234375,1
2026-10-01 00:40:00-04:00,2828.89990234375,2828.89990234375,2829.0,2828.800048828125,2828.89990234375,6
2026-10-01 00:41:00-04:00,2828.5,2828.5,2828.800048828125,2828.5,2828.800048828125,5
2026-10-01 00:42:00-04:00,2828.10009765625,2828.10009765625,2828.199951171875,2828.10009765625,2828.199951171875,2
2026-10-01 00:43:00-04:00,2828.5,2828.5,2828.5,2828.199951171875,2828.39990234375,4
2026-10-01 00:44:00-04:00,2828.60009765625,2828.60009765625,2828.60009765625,2828.60009765625,2828.60009765625,3
2026-10-01 00:45:00-04:00,2828.699951171875,2828.699951171875,2828.699951171875,2828.5,2828.699951171875,10
2026-10-01 00:46:00-04:00,2829.0,2829.0,2829.0,2828.800048828125,2828.800048828125,2
2026-10-01 00:47:00-04:00,2829.10009765625,2829.10009765625,2829.10009765625,2829.10009765625,2829.10009765625,1
2026-10-01 00:48:00-04:00,2829.199951171875,2829.199951171875,2829.199951171875,2829.199951171875,2829.199951171875,3
2026-10-01 00:49:00-04:00,2829.60009765625,2829.60009765625,2829.699951171875,2829.10009765625,2829.10009765625,22
2026-10-01 00:50:00-04:00,2829.60009765625,2829.60009765625,2829.699951171875,2829.5,2829.5,33
2026-10-01 00:51:00-04:00,2829.89990234375,2829.89990234375,2830.0,2829.699951171875,2829.699951171875,59
2026-10-01 00:52:00-04:00,2829.800048828125,2829.800048828125,2829.89990234375,2829.699951171875,2829.89990234375,16
2026-10-01 00:53:00-04:00,2829.699951171875,2829.699951171875,2829.89990234375,2829.699951171875,2829.699951171875,22
2026-10-01 00:54:00-04:00,2830.0,2830.0,2830.10009765625,2829.800048828125,2829.800048828125,43
2026-10-01 00:55:00-04:00,2830.0,2830.0,2830.300048828125,2829.89990234375,2830.10009765625,35
2026-10-01 00:56:00-04:00,2830.300048828125,2830.300048828125,2830.300048828125,2829.60009765625,2829.89990234375,80
2026-10-01 00:57:00-04:00,2830.60009765625,2830.60009765625,2830.89990234375,2830.300048828125,2830.300048828125,102
2026-10-01 00:58:00-04:00,2830.60009765625,2830.60009765625,2830.699951171875,2830.5,2830.60009765625,25
2026-10-01 00:59:00-04:00,2832.10009765625,2832.10009765625,2832.10009765625,2830.699951171875,2830.800048828125,58
2026-10-01 01:00:00-04:00,2832.39990234375,2832.39990234375,2832.39990234375,2832.0,2832.10009765625,48
2026-10-01 01:01:00-04:00,2831.89990234375,2831.89990234375,2832.60009765625,2831.89990234375,2832.5,98
2026-10-01 01:02:00-04:00,2832.0,2832.0,2832.199951171875,2831.800048828125,2831.89990234375,26
2026-10-01 01:03:00-04:00,2832.800048828125,2832.800048828125,2832.800048828125,2832.39990234375,2832.39990234375,7
2026-10-01 01:04:00-04:00,2833.89990234375,2833.89990234375,2833.89990234375,2832.60009765625,2832.89990234375,100
2026-10-01 01:05:00-04:00,2834.800048828125,2834.800048828125,2834.89990234375,2833.800048828125,2833.89990234375,137
2026-10-01 01:06:00-04:00,2834.89990234375,2834.89990234375,2835.199951171875,2834.39990234375,2834.699951171875,58
2026-10-01 01:07:00-04:00,2834.300048828125,2834.300048828125,2834.800048828125,2834.10009765625,2834.800048828125,64
2026-10-01 01:08:00-04:00,2833.800048828125,2833.800048828125,2834.10009765625,2833.39990234375,2834.10009765625,51
2026-10-01 01:09:00-04:00,2833.300048828125,2833.300048828125,2833.60009765625,2833.300048828125,2833.39990234375,15
2026-10-01 01:10:00-04:00,2833.800048828125,2833.800048828125,2833.800048828125,2833.300048828125,2833.300048828125,12
2026-10-01 01:11:00-04:00,2833.199951171875,2833.199951171875,2833.699951171875,2833.199951171875,2833.699951171875,7
2026-10-01 01:12:00-04:00,2832.800048828125,2832.800048828125,2833.0,2832.60009765625,2833.0,20
2026-10-01 01:13:00-04:00,2833.0,2833.0,2833.0,2832.89990234375,2832.89990234375,25
2026-10-01 01:14:00-04:00,2833.0,2833.0,2833.0,2832.800048828125,2832.89990234375,8
2026-10-01 01:15:00-04:00,2832.800048828125,2832.800048828125,2833.300048828125,2832.699951171875,2833.300048828125,15
2026-10-01 01:16:00-04:00,2833.10009765625,2833.10009765625,2833.10009765625,2832.89990234375,2832.89990234375,9
2026-10-01 01:17:00-04:00,2833.199951171875,2833.199951171875,2833.5,2833.10009765625,2833.39990234375,12
2026-10-01 01:18:00-04:00,2833.0,2833.0,2833.10009765625,2832.89990234375,2833.10009765625,7
2026-10-01 01:19:00-04:00,2833.199951171875,2833.199951171875,2833.199951171875,2832.800048828125,2832.800048828125,7
2026-10-01 01:20:00-04:00,2833.39990234375,2833.39990234375,2833.39990234375,2833.10009765625,2833.300048828125,14
2026-10-01 01:21:00-04:00,2833.5,2833.5,2833.699951171875,2833.5,2833.60009765625,9
2026-10-01 01:22:00-04:00,2833.5,2833.5,2833.800048828125,2833.5,2833.60009765625,14
2026-10-01 01:23:00-04:00,2833.5,2833.5,2833.5,2833.39990234375,2833.39990234375,13
2026-10-01 01:24:00-04:00,2833.39990234375,2833.39990234375,2833.800048828125,2833.39990234375,2833.60009765625,7
2026-10-01 01:25:00-04:00,2833.699951171875,2833.699951171875,2833.89990234375,2833.5,2833.5,25
2026-10-01 01:26:00-04:00,2833.89990234375,2833.89990234375,2834.10009765625,2833.5,2833.5,9
2026-10-01 01:27:00-04:00,2833.699951171875,2833.699951171875,2834.0,2833.5,2834.0,11
2026-10-01 01:28:00-04:00,2834.300048828125,2834.300048828125,2834.300048828125,2833.800048828125,2833.800048828125,28
2026-10-01 01:29:00-04:00,2834.5,2834.5,2834.89990234375,2834.39990234375,2834.5,55
2026-10-01 01:30:00-04:00,2834.0,2834.0,2834.5,2833.89990234375,2834.5,17
2026-10-01 01:31:00-04:00,2833.60009765625,2833.60009765625,2834.0,2833.5,2834.0,12
2026-10-01 01:32:00-04:00,2833.5,2833.5,2833.699951171875,2833.5,2833.5,17
2026-10-01 01:33:00-04:00,2833.60009765625,2833.60009765625,2833.699951171875,2833.10009765625,2833.199951171875,46
2026-10-01 01:34:00-04:00,2833.89990234375,2833.89990234375,2833.89990234375,2833.5,2833.5,23
2026-10-01 01:35:00-04:00,2834.39990234375,2834.39990234375,2834.39990234375,2833.89990234375,2834.10009765625,19
2026-10-01 01:36:00-04:00,2833.699951171875,2833.699951171875,2834.699951171875,2833.699951171875,2834.699951171875,18
2026-10-01 01:37:00-04:00,2833.60009765625,2833.60009765625,2833.800048828125,2833.5,2833.60009765625,36
2026-10-01 01:38:00-04:00,2833.699951171875,2833.699951171875,2833.699951171875,2833.300048828125,2833.300048828125,43
2026-10-01 01:39:00-04:00,2833.5,2833.5,2833.699951171875,2833.5,2833.699951171875,14
2026-10-01 01:40:00-04:00,2834.0,2834.0,2834.10009765625,2833.699951171875,2833.699951171875,19
2026-10-01 01:41:00-04:00,2834.199951171875,2834.199951171875,2834.300048828125,2833.89990234375,2833.89990234375,8
2026-10-01 01:42:00-04:00,2833.5,2833.5,2834.10009765625,2833.5,2834.10009765625,27
2026-10-01 01:43:00-04:00,2833.300048828125,2833.300048828125,2833.60009765625,2833.300048828125,2833.60009765625,8
2026-10-01 01:44:00-04:00,2833.0,2833.0,2833.300048828125,2833.0,2833.10009765625,11
2026-10-01 01:45:00-04:00,2832.60009765625,2832.60009765625,2833.199951171875,2832.60009765625,2833.10009765625,15
2026-10-01 01:46:00-04:00,2831.60009765625,2831.60009765625,2832.39990234375,2831.39990234375,2832.39990234375,303
2026-10-01 01:47:00-04:00,2831.300048828125,2831.300048828125,2831.5,2831.199951171875,2831.5,28
2026-10-01 01:48:00-04:00,2831.300048828125,2831.300048828125,2831.60009765625,2831.300048828125,2831.300048828125,16
2026-10-01 01:49:00-04:00,2831.300048828125,2831.300048828125,2831.300048828125,2830.60009765625,2830.89990234375,78
2026-10-01 01:50:00-04:00,2831.60009765625,2831.60009765625,2831.699951171875,2831.39990234375,2831.5,39
2026-10-01 01:51:00-04:00,2831.89990234375,2831.89990234375,2832.10009765625,2831.699951171875,2831.699951171875,24
2026-10-01 01:52:00-04:00,2831.800048828125,2831.800048828125,2831.89990234375,2831.60009765625,2831.89990234375,6
2026-10-01 01:53:00-04:00,2832.0,2832.0,2832.0,2831.800048828125,2831.800048828125,4
2026-10-01 01:54:00-04:00,2832.0,2832.0,2832.199951171875,2832.0,2832.10009765625,9
2026-10-01 01:55:00-04:00,2831.60009765625,2831.60009765625,2832.0,2831.300048828125,2832.0,41
2026-10-01 01:56:00-04:00,2831.5,2831.5,2831.5,2831.39990234375,2831.5,6
2026-10-01 01:57:00-04:00,2831.300048828125,2831.300048828125,2831.39990234375,2831.300048828125,2831.39990234375,7
2026-10-01 01:58:00-04:00,2831.699951171875,2831.699951171875,2831.699951171875,2831.10009765625,2831.10009765625,7
2026-10-01 01:59:00-04:00,2831.699951171875,2831.699951171875,2831.699951171875,2831.699951171875,2831.699951171875,2
2026-10-01 02:00:00-04:00,2832.60009765625,2832.60009765625,2833.10009765625,2831.800048828125,2831.800048828125,29
2026-10-01 02:01:00-04:00,2831.800048828125,2831.800048828125,2832.60009765625,2831.800048828125,2832.60009765625,37
2026-10-01 02:02:00-04:00,2831.60009765625,2831.60009765625,2832.0,2831.5,2832.0,27
2026-10-01 02:03:00-04:00,2831.5,2831.5,2831.800048828125,2831.39990234375,2831.60009765625,21
2026-10-01 02:04:00-04:00,2831.5,2831.5,2831.60009765625,2831.0,2831.60009765625,13
2026-10-01 02:05:00-04:00,2831.5,2831.5,2831.5,2831.300048828125,2831.5,17
2026-10-01 02:06:00-04:00,2830.89990234375,2830.89990234375,2831.39990234375,2830.699951171875,2831.39990234375,11
2026-10-01 02:07:00-04:00,2831.0,2831.0,2831.10009765625,2830.800048828125,2831.0,15
2026-10-01 02:08:00-04:00,2830.89990234375,2830.89990234375,2831.0,2830.800048828125,2831.0,11
2026-10-01 02:09:00-04:00,2830.5,2830.5,2831.0,2830.5,2830.89990234375,15
2026-10-01 02:10:00-04:00,2830.199951171875,2830.199951171875,2830.5,2829.89990234375,2830.5,38
2026-10-01 02:11:00-04:00,2830.39990234375,2830.39990234375,2830.60009765625,2829.800048828125,2830.300048828125,16
2026-10-01 02:12:00-04:00,2830.300048828125,2830.300048828125,2830.800048828125,2830.300048828125,2830.39990234375,34
2026-10-01 02:13:00-04:00,2829.89990234375,2829.89990234375,2830.300048828125,2829.89990234375,2830.300048828125,31
2026-10-01 02:14:00-04:00,2829.89990234375,2829.89990234375,2830.10009765625,2829.800048828125,2829.800048828125,11
2026-10-01 02:15:00-04:00,2829.39990234375,2829.39990234375,2829.89990234375,2829.39990234375,2829.89990234375,13
2026-10-01 02:16:00-04:00,2829.60009765625,2829.60009765625,2829.60009765625,2829.10009765625,2829.39990234375,13
2026-10-01 02:17:00-04:00,2829.5,2829.5,2829.699951171875,2829.5,2829.699951171875,7
2026-10-01 02:18:00-04:00,2829.199951171875,2829.199951171875,2829.39990234375,2828.89990234375,2829.39990234375,16
2026-10-01 02:19:00-04:00,2828.800048828125,2828.800048828125,2829.0,2828.60009765625,2829.0,9
2026-10-01 02:20:00-04:00,2828.199951171875,2828.199951171875,2828.699951171875,2828.10009765625,2828.699951171875,55
2026-10-01 02:21:00-04:00,2827.60009765625,2827.60009765625,2828.10009765625,2827.5,2828.10009765625,112
2026-10-01 02:22:00-04:00,2828.0,2828.0,2828.199951171875,2827.39990234375,2827.60009765625,77
2026-10-01 02:23:00-04:00,2827.89990234375,2827.89990234375,2828.199951171875,2827.60009765625,2828.10009765625,48
2026-10-01 02:24:00-04:00,2827.5,2827.5,2828.10009765625,2827.5,2828.10009765625,52
2026-10-01 02:25:00-04:00,2827.5,2827.5,2827.699951171875,2827.0,2827.5,68
2026-10-01 02:26:00-04:00,2826.89990234375,2826.89990234375,2827.5,2826.89990234375,2827.5,67
2026-10-01 02:27:00-04:00,2827.39990234375,2827.39990234375,2827.699951171875,2827.10009765625,2827.10009765625,52
2026-10-01 02:28:00-04:00,2828.199951171875,2828.199951171875,2828.5,2827.300048828125,2827.60009765625,57
2026-10-01 02:29:00-04:00,2829.10009765625,2829.10009765625,2829.199951171875,2828.10009765625,2828.300048828125,55
2026-10-01 02:30:00-04:00,2829.10009765625,2829.10009765625,2829.699951171875,2828.89990234375,2829.10009765625,29
2026-10-01 02:31:00-04:00,2828.5,2828.5,2829.199951171875,2828.5,2829.199951171875,14
2026-10-01 02:32:00-04:00,2828.0,2828.0,2828.39990234375,2828.0,2828.199951171875,12
2026-10-01 02:33:00-04:00,2827.699951171875,2827.699951171875,2827.800048828125,2827.39990234375,2827.699951171875,16
2026-10-01 02:34:00-04:00,2827.5,2827.5,2827.5,2827.10009765625,2827.39990234375,79
2026-10-01 02:35:00-04:00,2827.800048828125,2827.800048828125,2827.800048828125,2827.10009765625,2827.300048828125,15
2026-10-01 02:36:00-04:00,2826.10009765625,2826.10009765625,2827.300048828125,2826.10009765625,2827.199951171875,13
2026-10-01 02:37:00-04:00,2825.800048828125,2825.800048828125,2826.300048828125,2825.800048828125,2826.300048828125,28
2026-10-01 02:38:00-04:00,2825.699951171875,2825.699951171875,2826.0,2825.60009765625,2825.699951171875,28
2026-10-01 02:39:00-04:00,2823.60009765625,2823.60009765625,2825.699951171875,2823.60009765625,2825.699951171875,137
2026-10-01 02:40:00-04:00,2822.0,2822.0,2823.699951171875,2822.0,2823.699951171875,133
2026-10-01 02:41:00-04:00,2822.300048828125,2822.300048828125,2822.39990234375,2821.60009765625,2822.199951171875,106
2026-10-01 02:42:00-04:00,2822.699951171875,2822.699951171875,2823.0,2822.10009765625,2822.5,64
2026-10-01 02:43:00-04:00,2822.39990234375,2822.39990234375,2822.699951171875,2822.39990234375,2822.39990234375,18
2026-10-01 02:44:00-04:00,2823.699951171875,2823.699951171875,2823.699951171875,2822.39990234375,2822.5,39
2026-10-01 02:45:00-04:00,2823.39990234375,2823.39990234375,2823.5,2822.89990234375,2823.39990234375,19
2026-10-01 02:46:00-04:00,2822.699951171875,2822.699951171875,2824.10009765625,2822.699951171875,2823.699951171875,138
2026-10-01 02:47:00-04:00,2822.89990234375,2822.89990234375,2823.10009765625,2822.89990234375,2822.89990234375,11
2026-10-01 02:48:00-04:00,2823.300048828125,2823.300048828125,2823.60009765625,2823.300048828125,2823.5,16
2026-10-01 02:49:00-04:00,2822.39990234375,2822.39990234375,2823.300048828125,2822.0,2823.300048828125,44
2026-10-01 02:50:00-04:00,2822.5,2822.5,2822.60009765625,2822.39990234375,2822.39990234375,17
2026-10-01 02:51:00-04:00,2824.10009765625,2824.10009765625,2824.60009765625,2823.0,2823.0,54
2026-10-01 02:52:00-04:00,2823.60009765625,2823.60009765625,2824.39990234375,2823.60009765625,2824.199951171875,16
2026-10-01 02:53:00-04:00,2823.300048828125,2823.300048828125,2823.39990234375,2823.300048828125,2823.39990234375,9
2026-10-01 02:54:00-04:00,2822.5,2822.5,2823.10009765625,2822.5,2823.10009765625,17
2026-10-01 02:55:00-04:00,2822.5,2822.5,2822.800048828125,2822.39990234375,2822.699951171875,10
2026-10-01 02:56:00-04:00,2822.89990234375,2822.89990234375,2822.89990234375,2822.300048828125,2822.60009765625,15
2026-10-01 02:57:00-04:00,2822.10009765625,2822.10009765625,2822.699951171875,2821.699951171875,2822.699951171875,24
2026-10-01 02:58:00-04:00,2820.800048828125,2820.800048828125,2822.5,2820.800048828125,2822.10009765625,51
2026-10-01 02:59:00-04:00,2820.5,2820.5,2821.10009765625,2820.39990234375,2820.699951171875,45
2026-10-01 03:00:00-04:00,2822.10009765625,2822.10009765625,2822.699951171875,2820.199951171875,2820.5,134
2026-10-01 03:01:00-04:00,2820.89990234375,2820.89990234375,2821.699951171875,2820.800048828125,2821.60009765625,57
2026-10-01 03:02:00-04:00,2820.800048828125,2820.800048828125,2821.10009765625,2820.5,2821.10009765625,50
2026-10-01 03:03:00-04:00,2822.10009765625,2822.10009765625,2822.5,2820.60009765625,2820.699951171875,108
2026-10-01 03:04:00-04:00,2821.89990234375,2821.89990234375,2822.300048828125,2821.300048828125,2822.199951171875,92
2026-10-01 03:05:00-04:00,2821.300048828125,2821.300048828125,2822.300048828125,2821.10009765625,2822.199951171875,172
2026-10-01 03:06:00-04:00,2821.300048828125,2821.300048828125,2822.0,2820.89990234375,2820.89990234375,75
2026-10-01 03:07:00-04:00,2821.199951171875,2821.199951171875,2821.39990234375,2820.800048828125,2821.199951171875,54
2026-10-01 03:08:00-04:00,2822.0,2822.0,2822.199951171875,2821.10009765625,2821.39990234375,44
2026-10-01 03:09:00-04:00,2822.300048828125,2822.300048828125,2822.800048828125,2821.89990234375,2821.89990234375,77
2026-10-01 03:10:00-04:00,2821.5,2821.5,2822.5,2821.39990234375,2822.5,98
2026-10-01 03:11:00-04:00,2821.300048828125,2821.300048828125,2822.0,2821.300048828125,2821.800048828125,33
2026-10-01 03:12:00-04:00,2819.0,2819.0,2821.300048828125,2818.89990234375,2821.0,100
2026-10-01 03:13:00-04:00,2818.199951171875,2818.199951171875,2819.39990234375,2818.199951171875,2818.89990234375,67
2026-10-01 03:14:00-04:00,2816.300048828125,2816.300048828125,2818.300048828125,2815.89990234375,2818.199951171875,174
2026-10-01 03:15:00-04:00,2815.699951171875,2815.699951171875,2816.800048828125,2815.39990234375,2816.39990234375,158
2026-10-01 03:16:00-04:00,2815.60009765625,2815.60009765625,2816.39990234375,2814.800048828125,2815.699951171875,163
2026-10-01 03:17:00-04:00,2813.300048828125,2813.300048828125,2815.699951171875,2813.199951171875,2815.60009765625,171
2026-10-01 03:18:00-04:00,2814.39990234375,2814.39990234375,2814.699951171875,2813.10009765625,2813.300048828125,60
2026-10-01 03:19:00-04:00,2812.5,2812.5,2814.300048828125,2811.89990234375,2814.300048828125,159
2026-10-01 03:20:00-04:00,2811.699951171875,2811.699951171875,2812.800048828125,2811.60009765625,2812.39990234375,53
2026-10-01 03:21:00-04:00,2811.199951171875,2811.199951171875,2811.89990234375,2810.5,2811.60009765625,93
2026-10-01 03:22:00-04:00,2811.10009765625,2811.10009765625,2811.5,2809.89990234375,2811.300048828125,97
2026-10-01 03:23:00-04:00,2809.89990234375,2809.89990234375,2811.300048828125,2809.699951171875,2811.10009765625,76
2026-10-01 03:24:00-04:00,2808.199951171875,2808.199951171875,2809.800048828125,2807.800048828125,2809.800048828125,136
2026-10-01 03:25:00-04:00,2806.60009765625,2806.60009765625,2808.300048828125,2806.5,2808.10009765625,169
2026-10-01 03:26:00-04:00,2805.10009765625,2805.10009765625,2806.60009765625,2804.199951171875,2806.5,140
2026-10-01 03:27:00-04:00,2804.699951171875,2804.699951171875,2805.89990234375,2804.39990234375,2804.699951171875,121
2026-10-01 03:28:00-04:00,2804.199951171875,2804.199951171875,2805.300048828125,2804.0,2804.60009765625,87
2026-10-01 03:29:00-04:00,2803.699951171875,2803.699951171875,2804.699951171875,2803.199951171875,2804.300048828125,106
2026-10-01 03:30:00-04:00,2804.5,2804.5,2804.800048828125,2803.199951171875,2803.5,111
2026-10-01 03:31:00-04:00,2805.89990234375,2805.89990234375,2806.300048828125,2803.60009765625,2804.5,132
2026-10-01 03:32:00-04:00,2807.39990234375,2807.39990234375,2807.800048828125,2805.60009765625,2806.0,96
2026-10-01 03:33:00-04:00,2807.60009765625,2807.60009765625,2809.0,2807.10009765625,2807.10009765625,47
2026-10-01 03:34:00-04:00,2809.199951171875,2809.199951171875,2809.199951171875,2807.60009765625,2808.10009765625,80
2026-10-01 03:35:00-04:00,2808.5,2808.5,2809.5,2808.300048828125,2809.199951171875,43
2026-10-01 03:36:00-04:00,2808.300048828125,2808.300048828125,2809.199951171875,2807.800048828125,2808.5,19
2026-10-01 03:37:00-04:00,2807.10009765625,2807.10009765625,2808.199951171875,2807.10009765625,2808.10009765625,46
2026-10-01 03:38:00-04:00,2808.199951171875,2808.199951171875,2808.60009765625,2807.300048828125,2807.300048828125,31
2026-10-01 03:39:00-04:00,2806.800048828125,2806.800048828125,2808.5,2806.800048828125,2808.39990234375,82
2026-10-01 03:40:00-04:00,2805.89990234375,2805.89990234375,2806.89990234375,2805.39990234375,2806.89990234375,73
2026-10-01 03:41:00-04:00,2806.10009765625,2806.10009765625,2806.199951171875,2805.5,2805.800048828125,20
2026-10-01 03:42:00-04:00,2805.300048828125,2805.300048828125,2806.5,2804.89990234375,2806.199951171875,71
2026-10-01 03:43:00-04:00,2805.39990234375,2805.39990234375,2805.89990234375,2804.60009765625,2805.199951171875,54
2026-10-01 03:44:00-04:00,2806.699951171875,2806.699951171875,2809.10009765625,2805.10009765625,2805.60009765625,241
2026-10-01 03:45:00-04:00,2806.39990234375,2806.39990234375,2806.699951171875,2806.10009765625,2806.699951171875,49
2026-10-01 03:46:00-04:00,2806.300048828125,2806.300048828125,2806.699951171875,2805.39990234375,2806.699951171875,30
2026-10-01 03:47:00-04:00,2806.39990234375,2806.39990234375,2806.89990234375,2806.39990234375,2806.699951171875,17
2026-10-01 03:48:00-04:00,2805.699951171875,2805.699951171875,2807.60009765625,2804.800048828125,2807.5,66
2026-10-01 03:49:00-04:00,2805.699951171875,2805.699951171875,2806.0,2805.10009765625,2805.800048828125,107
2026-10-01 03:50:00-04:00,2806.300048828125,2806.300048828125,2807.199951171875,2805.89990234375,2806.0,88
2026-10-01 03:51:00-04:00,2807.10009765625,2807.10009765625,2808.199951171875,2806.39990234375,2806.39990234375,287
2026-10-01 03:52:00-04:00,2805.60009765625,2805.60009765625,2807.0,2805.60009765625,2806.89990234375,66
2026-10-01 03:53:00-04:00,2808.10009765625,2808.10009765625,2808.10009765625,2805.699951171875,2805.800048828125,60
2026-10-01 03:54:00-04:00,2807.60009765625,2807.60009765625,2808.60009765625,2807.5,2808.0,78
2026-10-01 03:55:00-04:00,2807.60009765625,2807.60009765625,2807.800048828125,2807.199951171875,2807.199951171875,35
2026-10-01 03:56:00-04:00,2806.699951171875,2806.699951171875,2808.39990234375,2806.60009765625,2808.0,40
2026-10-01 03:57:00-04:00,2805.199951171875,2805.199951171875,2806.699951171875,2805.199951171875,2806.699951171875,25
2026-10-01 03:58:00-04:00,2805.199951171875,2805.199951171875,2805.5,2804.5,2805.10009765625,78
2026-10-01 03:59:00-04:00,2803.699951171875,2803.699951171875,2805.199951171875,2803.39990234375,2805.0,413
2026-10-01 04:00:00-04:00,2805.300048828125,2805.300048828125,2805.5,2803.39990234375,2803.60009765625,207
2026-10-01 04:01:00-04:00,2804.60009765625,2804.60009765625,2805.699951171875,2804.5,2805.300048828125,111
2026-10-01 04:02:00-04:00,2806.89990234375,2806.89990234375,2807.699951171875,2804.60009765625,2804.60009765625,102
2026-10-01 04:03:00-04:00,2808.10009765625,2808.10009765625,2809.10009765625,2806.89990234375,2807.10009765625,67
2026-10-01 04:04:00-04:00,2808.60009765625,2808.60009765625,2808.699951171875,2807.800048828125,2808.0,62
2026-10-01 04:05:00-04:00,2807.5,2807.5,2809.10009765625,2807.5,2808.39990234375,61
2026-10-01 04:06:00-04:00,2807.300048828125,2807.300048828125,2807.699951171875,2806.60009765625,2807.60009765625,69
2026-10-01 04:07:00-04:00,2807.0,2807.0,2807.699951171875,2806.699951171875,2807.0,75
2026-10-01 04:08:00-04:00,2805.5,2805.5,2806.89990234375,2805.5,2806.89990234375,64
2026-10-01 04:09:00-04:00,2803.89990234375,2803.89990234375,2805.60009765625,2803.39990234375,2805.5,68
2026-10-01 04:10:00-04:00,2804.800048828125,2804.800048828125,2804.89990234375,2804.10009765625,2804.699951171875,29
2026-10-01 04:11:00-04:00,2804.10009765625,2804.10009765625,2805.300048828125,2803.699951171875,2805.10009765625,52
2026-10-01 04:12:00-04:00,2804.0,2804.0,2804.60009765625,2803.5,2804.199951171875,45
2026-10-01 04:13:00-04:00,2803.699951171875,2803.699951171875,2804.39990234375,2803.60009765625,2803.89990234375,25
2026-10-01 04:14:00-04:00,2804.0,2804.0,2804.300048828125,2803.5,2803.89990234375,63
2026-10-01 04:15:00-04:00,2803.39990234375,2803.39990234375,2804.10009765625,2802.39990234375,2803.89990234375,226
2026-10-01 04:16:00-04:00,2803.0,2803.0,2803.5,2802.800048828125,2803.199951171875,22
2026-10-01 04:17:00-04:00,2802.199951171875,2802.199951171875,2803.0,2802.0,2802.89990234375,157
2026-10-01 04:18:00-04:00,2802.800048828125,2802.800048828125,2803.39990234375,2802.300048828125,2802.39990234375,127
2026-10-01 04:19:00-04:00,2802.0,2802.0,2802.800048828125,2801.800048828125,2802.699951171875,100
2026-10-01 04:20:00-04:00,2801.10009765625,2801.10009765625,2802.10009765625,2801.0,2802.10009765625,80
2026-10-01 04:21:00-04:00,2801.5,2801.5,2802.60009765625,2801.300048828125,2801.300048828125,48
2026-10-01 04:22:00-04:00,2802.60009765625,2802.60009765625,2802.89990234375,2801.5,2801.60009765625,38
2026-10-01 04:23:00-04:00,2803.0,2803.0,2803.5,2802.39990234375,2803.0,47
2026-10-01 04:24:00-04:00,2802.10009765625,2802.10009765625,2803.0,2802.0,2803.0,34
2026-10-01 04:25:00-04:00,2802.199951171875,2802.199951171875,2802.5,2801.699951171875,2802.0,156
2026-10-01 04:26:00-04:00,2802.5,2802.5,2802.89990234375,2801.89990234375,2802.199951171875,63
2026-10-01 04:27:00-04:00,2802.39990234375,2802.39990234375,2803.89990234375,2802.39990234375,2803.0,51
2026-10-01 04:28:00-04:00,2801.199951171875,2801.199951171875,2802.5,2800.699951171875,2802.39990234375,75
2026-10-01 04:29:00-04:00,2798.89990234375,2798.89990234375,2801.199951171875,2798.89990234375,2800.89990234375,211
2026-10-01 04:30:00-04:00,2799.0,2799.0,2799.39990234375,2798.39990234375,2798.699951171875,127
2026-10-01 04:31:00-04:00,2798.10009765625,2798.10009765625,2799.5,2797.89990234375,2799.199951171875,121
2026-10-01 04:32:00-04:00,2798.60009765625,2798.60009765625,2798.89990234375,2797.89990234375,2798.10009765625,120
2026-10-01 04:33:00-04:00,2799.800048828125,2799.800048828125,2799.800048828125,2798.60009765625,2798.60009765625,74
2026-10-01 04:34:00-04:00,2800.10009765625,2800.10009765625,2800.5,2799.0,2799.39990234375,85
2026-10-01 04:35:00-04:00,2800.0,2800.0,2800.39990234375,2799.60009765625,2800.10009765625,142
2026-10-01 04:36:00-04:00,2801.60009765625,2801.60009765625,2801.60009765625,2799.800048828125,2799.800048828125,80
2026-10-01 04:37:00-04:00,2802.60009765625,2802.60009765625,2802.800048828125,2801.39990234375,2801.5,89
2026-10-01 04:38:00-04:00,2803.5,2803.5,2803.60009765625,2802.300048828125,2802.39990234375,136
2026-10-01 04:39:00-04:00,2803.5,2803.5,2804.199951171875,2803.39990234375,2803.39990234375,44
2026-10-01 04:40:00-04:00,2804.89990234375,2804.89990234375,2805.300048828125,2803.699951171875,2803.699951171875,109
2026-10-01 04:41:00-04:00,2806.0,2806.0,2806.199951171875,2804.89990234375,2804.89990234375,72
2026-10-01 04:42:00-04:00,2805.800048828125,2805.800048828125,2806.300048828125,2805.699951171875,2805.699951171875,28
2026-10-01 04:43:00-04:00,2805.300048828125,2805.300048828125,2805.699951171875,2804.60009765625,2805.699951171875,46
2026-10-01 04:44:00-04:00,2804.199951171875,2804.199951171875,2805.39990234375,2804.0,2805.39990234375,49
2026-10-01 04:45:00-04:00,2803.39990234375,2803.39990234375,2804.300048828125,2803.10009765625,2804.300048828125,86
2026-10-01 04:46:00-04:00,2803.5,2803.5,2803.5,2802.699951171875,2803.0,44
2026-10-01 04:47:00-04:00,2804.10009765625,2804.10009765625,2804.199951171875,2803.60009765625,2803.60009765625,36
2026-10-01 04:48:00-04:00,2804.0,2804.0,2804.60009765625,2803.300048828125,2804.199951171875,25
2026-10-01 04:49:00-04:00,2805.10009765625,2805.10009765625,2805.199951171875,2804.300048828125,2804.60009765625,87
2026-10-01 04:50:00-04:00,2805.699951171875,2805.699951171875,2806.10009765625,2804.89990234375,2805.199951171875,28
2026-10-01 04:51:00-04:00,2805.699951171875,2805.699951171875,2805.89990234375,2803.89990234375,2805.699951171875,150
2026-10-01 04:52:00-04:00,2805.300048828125,2805.300048828125,2806.300048828125,2805.199951171875,2805.800048828125,39
2026-10-01 04:53:00-04:00,2804.300048828125,2804.300048828125,2805.10009765625,2804.0,2805.0,40
2026-10-01 04:54:00-04:00,2803.699951171875,2803.699951171875,2804.60009765625,2803.10009765625,2804.300048828125,39
2026-10-01 04:55:00-04:00,2805.300048828125,2805.300048828125,2805.300048828125,2804.0,2804.10009765625,48
2026-10-01 04:56:00-04:00,2805.39990234375,2805.39990234375,2806.10009765625,2805.199951171875,2805.39990234375,64
2026-10-01 04:57:00-04:00,2805.60009765625,2805.60009765625,2806.39990234375,2805.199951171875,2805.199951171875,34
2026-10-01 04:58:00-04:00,2803.5,2803.5,2805.60009765625,2803.39990234375,2805.39990234375,62
2026-10-01 04:59:00-04:00,2805.800048828125,2805.800048828125,2805.800048828125,2803.39990234375,2803.39990234375,44
2026-10-01 05:00:00-04:00,2807.0,2807.0,2807.199951171875,2806.0,2806.300048828125,64
2026-10-01 05:01:00-04:00,2807.699951171875,2807.699951171875,2807.800048828125,2807.10009765625,2807.60009765625,34
2026-10-01 05:02:00-04:00,2807.699951171875,2807.699951171875,2808.300048828125,2807.699951171875,2808.0,13
2026-10-01 05:03:00-04:00,2808.300048828125,2808.300048828125,2808.300048828125,2806.89990234375,2807.300048828125,32
2026-10-01 05:04:00-04:00,2809.60009765625,2809.60009765625,2809.60009765625,2808.300048828125,2808.300048828125,37
2026-10-01 05:05:00-04:00,2810.10009765625,2810.10009765625,2810.300048828125,2809.5,2809.89990234375,144
2026-10-01 05:06:00-04:00,2809.800048828125,2809.800048828125,2810.199951171875,2809.199951171875,2810.199951171875,36
2026-10-01 05:07:00-04:00,2810.10009765625,2810.10009765625,2810.10009765625,2809.39990234375,2810.10009765625,40
2026-10-01 05:08:00-04:00,2809.699951171875,2809.699951171875,2810.5,2809.300048828125,2810.10009765625,60
2026-10-01 05:09:00-04:00,2810.39990234375,2810.39990234375,2810.5,2809.699951171875,2809.699951171875,21
2026-10-01 05:10:00-04:00,2810.800048828125,2810.800048828125,2811.0,2810.39990234375,2810.5,29
2026-10-01 05:11:00-04:00,2810.800048828125,2810.800048828125,2811.199951171875,2810.5,2810.800048828125,20
2026-10-01 05:12:00-04:00,2811.39990234375,2811.39990234375,2811.39990234375,2810.89990234375,2811.0,20
2026-10-01 05:13:00-04:00,2811.39990234375,2811.39990234375,2811.699951171875,2810.699951171875,2811.199951171875,46
2026-10-01 05:14:00-04:00,2810.800048828125,2810.800048828125,2811.300048828125,2810.300048828125,2811.199951171875,36
2026-10-01 05:15:00-04:00,2810.5,2810.5,2811.0,2810.199951171875,2810.800048828125,21
2026-10-01 05:16:00-04:00,2810.89990234375,2810.89990234375,2811.0,2810.5,2810.699951171875,13
2026-10-01 05:17:00-04:00,2810.89990234375,2810.89990234375,2811.5,2810.39990234375,2810.39990234375,79
2026-10-01 05:18:00-04:00,2810.89990234375,2810.89990234375,2811.10009765625,2810.39990234375,2811.0,31
2026-10-01 05:19:00-04:00,2810.10009765625,2810.10009765625,2810.699951171875,2809.800048828125,2810.60009765625,26
2026-10-01 05:20:00-04:00,2810.39990234375,2810.39990234375,2811.0,2810.10009765625,2810.10009765625,22
2026-10-01 05:21:00-04:00,2811.89990234375,2811.89990234375,2813.300048828125,2810.39990234375,2810.699951171875,305
2026-10-01 05:22:00-04:00,2811.800048828125,2811.800048828125,2812.39990234375,2811.199951171875,2811.699951171875,121
2026-10-01 05:23:00-04:00,2812.0,2812.0,2812.300048828125,2812.0,2812.0,18
2026-10-01 05:24:00-04:00,2813.199951171875,2813.199951171875,2813.699951171875,2812.199951171875,2812.199951171875,85
2026-10-01 05:25:00-04:00,2813.10009765625,2813.10009765625,2813.5,2812.60009765625,2812.89990234375,33
2026-10-01 05:26:00-04:00,2812.800048828125,2812.800048828125,2813.199951171875,2812.800048828125,2812.89990234375,10
2026-10-01 05:27:00-04:00,2813.699951171875,2813.699951171875,2813.89990234375,2813.10009765625,2813.10009765625,31
2026-10-01 05:28:00-04:00,2813.300048828125,2813.300048828125,2813.800048828125,2813.300048828125,2813.5,12
2026-10-01 05:29:00-04:00,2813.699951171875,2813.699951171875,2813.89990234375,2813.0,2813.199951171875,18
2026-10-01 05:30:00-04:00,2813.89990234375,2813.89990234375,2814.39990234375,2813.800048828125,2813.800048828125,50
2026-10-01 05:31:00-04:00,2814.10009765625,2814.10009765625,2814.300048828125,2813.699951171875,2813.699951171875,15
2026-10-01 05:32:00-04:00,2813.89990234375,2813.89990234375,2814.5,2813.89990234375,2814.199951171875,8
2026-10-01 05:33:00-04:00,2814.300048828125,2814.300048828125,2814.60009765625,2813.89990234375,2814.0,20
2026-10-01 05:34:00-04:00,2814.60009765625,2814.60009765625,2814.800048828125,2814.0,2814.199951171875,17
2026-10-01 05:35:00-04:00,2814.89990234375,2814.89990234375,2815.300048828125,2814.60009765625,2814.60009765625,14
2026-10-01 05:36:00-04:00,2813.699951171875,2813.699951171875,2814.800048828125,2813.60009765625,2814.800048828125,59
2026-10-01 05:37:00-04:00,2813.89990234375,2813.89990234375,2814.0,2813.300048828125,2813.60009765625,26
2026-10-01 05:38:00-04:00,2813.699951171875,2813.699951171875,2814.10009765625,2813.199951171875,2814.0,67
2026-10-01 05:39:00-04:00,2813.5,2813.5,2813.699951171875,2813.199951171875,2813.5,16
2026-10-01 05:40:00-04:00,2812.699951171875,2812.699951171875,2813.300048828125,2812.699951171875,2813.199951171875,13
2026-10-01 05:41:00-04:00,2812.60009765625,2812.60009765625,2813.10009765625,2812.10009765625,2812.699951171875,46
2026-10-01 05:42:00-04:00,2812.5,2812.5,2812.5,2812.300048828125,2812.5,15
2026-10-01 05:43:00-04:00,2812.199951171875,2812.199951171875,2812.60009765625,2812.10009765625,2812.39990234375,20
2026-10-01 05:44:00-04:00,2812.199951171875,2812.199951171875,2812.60009765625,2811.800048828125,2812.60009765625,47
2026-10-01 05:45:00-04:00,2812.39990234375,2812.39990234375,2812.39990234375,2811.699951171875,2811.800048828125,11
2026-10-01 05:46:00-04:00,2812.699951171875,2812.699951171875,2812.699951171875,2811.89990234375,2812.5,21
2026-10-01 05:47:00-04:00,2814.10009765625,2814.10009765625,2814.10009765625,2812.5,2812.699951171875,37
2026-10-01 05:48:00-04:00,2813.89990234375,2813.89990234375,2814.699951171875,2813.89990234375,2814.199951171875,41
2026-10-01 05:49:00-04:00,2812.89990234375,2812.89990234375,2813.800048828125,2812.89990234375,2813.800048828125,23
2026-10-01 05:50:00-04:00,2812.89990234375,2812.89990234375,2813.10009765625,2812.199951171875,2812.89990234375,34
2026-10-01 05:51:00-04:00,2812.89990234375,2812.89990234375,2813.199951171875,2812.699951171875,2813.199951171875,21
2026-10-01 05:52:00-04:00,2813.300048828125,2813.300048828125,2813.300048828125,2812.800048828125,2813.199951171875,26
2026-10-01 05:53:00-04:00,2812.39990234375,2812.39990234375,2813.39990234375,2812.199951171875,2813.39990234375,32
2026-10-01 05:54:00-04:00,2811.199951171875,2811.199951171875,2812.39990234375,2811.199951171875,2812.39990234375,41
2026-10-01 05:55:00-04:00,2810.699951171875,2810.699951171875,2811.300048828125,2810.5,2811.199951171875,84
2026-10-01 05:56:00-04:00,2811.39990234375,2811.39990234375,2811.60009765625,2810.699951171875,2810.800048828125,21
2026-10-01 05:57:00-04:00,2812.300048828125,2812.300048828125,2812.300048828125,2811.39990234375,2811.39990234375,35
2026-10-01 05:58:00-04:00,2812.0,2812.0,2812.10009765625,2811.699951171875,2812.0,38
2026-10-01 05:59:00-04:00,2811.5,2811.5,2812.199951171875,2811.39990234375,2812.10009765625,44
2026-10-01 06:00:00-04:00,2809.800048828125,2809.800048828125,2812.699951171875,2809.60009765625,2811.5,213
2026-10-01 06:01:00-04:00,2809.800048828125,2809.800048828125,2810.60009765625,2809.699951171875,2810.0,97
2026-10-01 06:02:00-04:00,2809.0,2809.0,2809.699951171875,2808.800048828125,2809.699951171875,49
2026-10-01 06:03:00-04:00,2808.89990234375,2808.89990234375,2809.39990234375,2808.800048828125,2809.0,35
2026-10-01 06:04:00-04:00,2808.89990234375,2808.89990234375,2809.199951171875,2808.699951171875,2808.89990234375,38
2026-10-01 06:05:00-04:00,2808.39990234375,2808.39990234375,2809.0,2808.0,2808.800048828125,49
2026-10-01 06:06:00-04:00,2809.800048828125,2809.800048828125,2809.800048828125,2808.39990234375,2808.5,63
2026-10-01 06:07:00-04:00,2810.60009765625,2810.60009765625,2811.0,2809.5,2809.699951171875,80
2026-10-01 06:08:00-04:00,2810.699951171875,2810.699951171875,2810.800048828125,2810.300048828125,2810.5,43
2026-10-01 06:09:00-04:00,2812.0,2812.0,2812.39990234375,2810.89990234375,2810.89990234375,80
2026-10-01 06:10:00-04:00,2812.800048828125,2812.800048828125,2812.89990234375,2812.0,2812.0,43
2026-10-01 06:11:00-04:00,2813.199951171875,2813.199951171875,2813.199951171875,2812.199951171875,2812.699951171875,112
2026-10-01 06:12:00-04:00,2813.5,2813.5,2813.5,2812.300048828125,2813.0,74
2026-10-01 06:13:00-04:00,2814.10009765625,2814.10009765625,2814.300048828125,2813.5,2813.5,22
2026-10-01 06:14:00-04:00,2814.39990234375,2814.39990234375,2814.60009765625,2813.89990234375,2814.10009765625,75
2026-10-01 06:15:00-04:00,2814.89990234375,2814.89990234375,2815.0,2814.0,2814.300048828125,61
2026-10-01 06:16:00-04:00,2814.0,2814.0,2814.89990234375,2813.60009765625,2814.800048828125,67
2026-10-01 06:17:00-04:00,2815.199951171875,2815.199951171875,2815.89990234375,2814.0,2814.0,195
2026-10-01 06:18:00-04:00,2817.0,2817.0,2817.60009765625,2814.89990234375,2815.0,163
2026-10-01 06:19:00-04:00,2816.0,2816.0,2816.800048828125,2815.60009765625,2816.800048828125,62
2026-10-01 06:20:00-04:00,2817.5,2817.5,2817.5,2815.89990234375,2815.89990234375,90
2026-10-01 06:21:00-04:00,2816.5,2816.5,2818.199951171875,2816.39990234375,2817.39990234375,220
2026-10-01 06:22:00-04:00,2815.800048828125,2815.800048828125,2816.699951171875,2815.5,2816.699951171875,31
2026-10-01 06:23:00-04:00,2816.199951171875,2816.199951171875,2816.39990234375,2815.60009765625,2815.60009765625,19
2026-10-01 06:24:00-04:00,2816.39990234375,2816.39990234375,2816.39990234375,2815.89990234375,2816.0,26
2026-10-01 06:25:00-04:00,2817.0,2817.0,2817.0,2816.199951171875,2816.300048828125,48
2026-10-01 06:26:00-04:00,2817.0,2817.0,2817.699951171875,2817.0,2817.300048828125,39
2026-10-01 06:27:00-04:00,2817.5,2817.5,2817.89990234375,2817.0,2817.10009765625,31
2026-10-01 06:28:00-04:00,2817.39990234375,2817.39990234375,2818.10009765625,2817.39990234375,2817.39990234375,26
2026-10-01 06:29:00-04:00,2817.199951171875,2817.199951171875,2817.199951171875,2816.89990234375,2817.199951171875,25
2026-10-01 06:30:00-04:00,2818.300048828125,2818.300048828125,2818.89990234375,2817.199951171875,2817.300048828125,233
2026-10-01 06:31:00-04:00,2819.199951171875,2819.199951171875,2819.39990234375,2818.5,2818.5,221
2026-10-01 06:32:00-04:00,2819.0,2819.0,2819.300048828125,2818.699951171875,2819.199951171875,92
2026-10-01 06:33:00-04:00,2818.800048828125,2818.800048828125,2819.0,2818.5,2819.0,62
2026-10-01 06:34:00-04:00,2819.800048828125,2819.800048828125,2819.800048828125,2818.800048828125,2818.800048828125,150
2026-10-01 06:35:00-04:00,2820.10009765625,2820.10009765625,2820.300048828125,2819.60009765625,2819.89990234375,60
2026-10-01 06:36:00-04:00,2820.199951171875,2820.199951171875,2820.5,2819.699951171875,2820.10009765625,55
2026-10-01 06:37:00-04:00,2819.699951171875,2819.699951171875,2820.10009765625,2819.699951171875,2820.10009765625,34
2026-10-01 06:38:00-04:00,2819.39990234375,2819.39990234375,2819.699951171875,2819.10009765625,2819.699951171875,45
2026-10-01 06:39:00-04:00,2819.199951171875,2819.199951171875,2819.39990234375,2818.800048828125,2819.300048828125,49
2026-10-01 06:40:00-04:00,2818.800048828125,2818.800048828125,2819.10009765625,2818.699951171875,2819.10009765625,71
2026-10-01 06:41:00-04:00,2819.10009765625,2819.10009765625,2819.10009765625,2818.300048828125,2818.800048828125,49
2026-10-01 06:42:00-04:00,2822.60009765625,2822.60009765625,2822.699951171875,2819.199951171875,2819.199951171875,241
2026-10-01 06:43:00-04:00,2822.199951171875,2822.199951171875,2822.699951171875,2822.0,2822.300048828125,84
2026-10-01 06:44:00-04:00,2822.39990234375,2822.39990234375,2822.60009765625,2821.800048828125,2822.10009765625,144
2026-10-01 06:45:00-04:00,2822.800048828125,2822.800048828125,2823.0,2822.300048828125,2822.39990234375,71
2026-10-01 06:46:00-04:00,2822.89990234375,2822.89990234375,2823.0,2822.699951171875,2822.800048828125,39
2026-10-01 06:47:00-04:00,2823.199951171875,2823.199951171875,2823.5,2822.800048828125,2823.0,78
2026-10-01 06:48:00-04:00,2823.10009765625,2823.10009765625,2823.39990234375,2823.0,2823.39990234375,36
2026-10-01 06:49:00-04:00,2823.39990234375,2823.39990234375,2823.699951171875,2822.800048828125,2823.0,138
2026-10-01 06:50:00-04:00,2823.300048828125,2823.300048828125,2823.60009765625,2822.699951171875,2823.60009765625,48
2026-10-01 06:51:00-04:00,2823.5,2823.5,2823.699951171875,2823.300048828125,2823.39990234375,47
2026-10-01 06:52:00-04:00,2823.199951171875,2823.199951171875,2824.300048828125,2823.199951171875,2823.5,74
2026-10-01 06:53:00-04:00,2823.39990234375,2823.39990234375,2824.5,2822.89990234375,2823.5,134
2026-10-01 06:54:00-04:00,2824.300048828125,2824.300048828125,2824.39990234375,2823.300048828125,2823.300048828125,43
2026-10-01 06:55:00-04:00,2822.89990234375,2822.89990234375,2823.699951171875,2822.89990234375,2823.699951171875,23
2026-10-01 06:56:00-04:00,2822.39990234375,2822.39990234375,2822.89990234375,2822.199951171875,2822.800048828125,27
2026-10-01 06:57:00-04:00,2822.699951171875,2822.699951171875,2823.10009765625,2822.10009765625,2822.39990234375,45
2026-10-01 06:58:00-04:00,2822.300048828125,2822.300048828125,2822.5,2822.0,2822.39990234375,29
2026-10-01 06:59:00-04:00,2822.89990234375,2822.89990234375,2823.0,2822.199951171875,2822.39990234375,51
2026-10-01 07:00:00-04:00,2821.800048828125,2821.800048828125,2823.199951171875,2821.800048828125,2822.89990234375,61
2026-10-01 07:01:00-04:00,2821.5,2821.5,2822.699951171875,2821.199951171875,2821.699951171875,51
2026-10-01 07:02:00-04:00,2821.39990234375,2821.39990234375,2822.199951171875,2821.300048828125,2821.39990234375,49
2026-10-01 07:03:00-04:00,2821.800048828125,2821.800048828125,2822.199951171875,2821.199951171875,2821.5,39
2026-10-01 07:04:00-04:00,2821.199951171875,2821.199951171875,2821.89990234375,2821.0,2821.699951171875,42
2026-10-01 07:05:00-04:00,2820.89990234375,2820.89990234375,2821.300048828125,2819.60009765625,2821.10009765625,284
2026-10-01 07:06:00-04:00,2821.0,2821.0,2821.300048828125,2820.39990234375,2820.89990234375,60
2026-10-01 07:07:00-04:00,2820.60009765625,2820.60009765625,2821.300048828125,2820.39990234375,2821.300048828125,31
2026-10-01 07:08:00-04:00,2820.199951171875,2820.199951171875,2820.800048828125,2819.60009765625,2820.800048828125,30
2026-10-01 07:09:00-04:00,2819.5,2819.5,2820.300048828125,2819.39990234375,2820.0,47
2026-10-01 07:10:00-04:00,2818.800048828125,2818.800048828125,2819.300048828125,2817.89990234375,2819.300048828125,74
2026-10-01 07:11:00-04:00,2818.5,2818.5,2819.10009765625,2818.10009765625,2818.699951171875,46
2026-10-01 07:12:00-04:00,2818.5,2818.5,2818.699951171875,2818.0,2818.60009765625,39
2026-10-01 07:13:00-04:00,2818.800048828125,2818.800048828125,2819.10009765625,2818.0,2818.60009765625,87
2026-10-01 07:14:00-04:00,2817.39990234375,2817.39990234375,2818.800048828125,2817.300048828125,2818.60009765625,67
2026-10-01 07:15:00-04:00,2816.699951171875,2816.699951171875,2817.10009765625,2816.0,2817.10009765625,54
2026-10-01 07:16:00-04:00,2816.199951171875,2816.199951171875,2816.699951171875,2816.0,2816.699951171875,28
2026-10-01 07:17:00-04:00,2815.699951171875,2815.699951171875,2816.39990234375,2815.300048828125,2816.0,130
2026-10-01 07:18:00-04:00,2815.89990234375,2815.89990234375,2816.0,2815.60009765625,2815.699951171875,24
2026-10-01 07:19:00-04:00,2815.39990234375,2815.39990234375,2815.89990234375,2815.199951171875,2815.89990234375,84
2026-10-01 07:20:00-04:00,2814.699951171875,2814.699951171875,2815.5,2814.60009765625,2815.300048828125,97
2026-10-01 07:21:00-04:00,2814.89990234375,2814.89990234375,2814.89990234375,2814.199951171875,2814.699951171875,65
2026-10-01 07:22:00-04:00,2815.800048828125,2815.800048828125,2816.60009765625,2814.39990234375,2814.5,160
2026-10-01 07:23:00-04:00,2815.10009765625,2815.10009765625,2815.89990234375,2815.10009765625,2815.60009765625,22
2026-10-01 07:24:00-04:00,2814.800048828125,2814.800048828125,2815.5,2814.699951171875,2815.0,34
2026-10-01 07:25:00-04:00,2815.10009765625,2815.10009765625,2815.10009765625,2814.800048828125,2814.89990234375,13
2026-10-01 07:26:00-04:00,2815.39990234375,2815.39990234375,2815.5,2815.0,2815.10009765625,28
2026-10-01 07:27:00-04:00,2815.800048828125,2815.800048828125,2815.89990234375,2815.60009765625,2815.60009765625,14
2026-10-01 07:28:00-04:00,2816.199951171875,2816.199951171875,2816.39990234375,2815.699951171875,2816.0,33
2026-10-01 07:29:00-04:00,2817.0,2817.0,2817.10009765625,2815.89990234375,2816.10009765625,58
2026-10-01 07:30:00-04:00,2817.89990234375,2817.89990234375,2817.89990234375,2816.89990234375,2816.89990234375,58
2026-10-01 07:31:00-04:00,2817.300048828125,2817.300048828125,2818.0,2817.0,2818.0,75
2026-10-01 07:32:00-04:00,2817.5,2817.5,2817.699951171875,2816.699951171875,2817.199951171875,58
2026-10-01 07:33:00-04:00,2817.5,2817.5,2817.800048828125,2816.699951171875,2817.800048828125,40
2026-10-01 07:34:00-04:00,2817.5,2817.5,2817.699951171875,2817.199951171875,2817.60009765625,91
2026-10-01 07:35:00-04:00,2818.10009765625,2818.10009765625,2818.800048828125,2817.5,2817.5,43
2026-10-01 07:36:00-04:00,2818.5,2818.5,2819.199951171875,2818.0,2818.0,48
2026-10-01 07:37:00-04:00,2819.300048828125,2819.300048828125,2819.89990234375,2818.699951171875,2818.699951171875,33
2026-10-01 07:38:00-04:00,2818.800048828125,2818.800048828125,2819.300048828125,2818.10009765625,2819.300048828125,25
2026-10-01 07:39:00-04:00,2820.60009765625,2820.60009765625,2821.0,2818.60009765625,2818.699951171875,371
2026-10-01 07:40:00-04:00,2820.89990234375,2820.89990234375,2820.89990234375,2820.10009765625,2820.5,85
2026-10-01 07:41:00-04:00,2822.300048828125,2822.300048828125,2822.5,2820.800048828125,2821.0,202
2026-10-01 07:42:00-04:00,2822.5,2822.5,2823.10009765625,2821.89990234375,2822.0,122
2026-10-01 07:43:00-04:00,2822.5,2822.5,2823.699951171875,2822.300048828125,2822.39990234375,169
2026-10-01 07:44:00-04:00,2822.39990234375,2822.39990234375,2822.89990234375,2822.300048828125,2822.800048828125,87
2026-10-01 07:45:00-04:00,2823.199951171875,2823.199951171875,2823.199951171875,2822.699951171875,2822.89990234375,49
2026-10-01 07:46:00-04:00,2823.699951171875,2823.699951171875,2824.10009765625,2822.89990234375,2822.89990234375,54
2026-10-01 07:47:00-04:00,2824.60009765625,2824.60009765625,2824.60009765625,2823.5,2823.800048828125,39
2026-10-01 07:48:00-04:00,2824.699951171875,2824.699951171875,2824.89990234375,2824.10009765625,2824.60009765625,53
2026-10-01 07:49:00-04:00,2824.699951171875,2824.699951171875,2824.800048828125,2824.199951171875,2824.800048828125,163
2026-10-01 07:50:00-04:00,2826.10009765625,2826.10009765625,2826.10009765625,2824.5,2824.60009765625,178
2026-10-01 07:51:00-04:00,2825.300048828125,2825.300048828125,2826.199951171875,2825.199951171875,2826.0,82
2026-10-01 07:52:00-04:00,2825.5,2825.5,2825.5,2824.39990234375,2825.300048828125,63
2026-10-01 07:53:00-04:00,2825.199951171875,2825.199951171875,2825.800048828125,2825.0,2825.5,87
2026-10-01 07:54:00-04:00,2825.800048828125,2825.800048828125,2826.199951171875,2825.0,2825.0,48
2026-10-01 07:55:00-04:00,2826.5,2826.5,2826.5,2826.0,2826.199951171875,63
2026-10-01 07:56:00-04:00,2826.60009765625,2826.60009765625,2826.800048828125,2826.199951171875,2826.300048828125,92
2026-10-01 07:57:00-04:00,2826.39990234375,2826.39990234375,2826.89990234375,2826.199951171875,2826.5,46
2026-10-01 07:58:00-04:00,2825.89990234375,2825.89990234375,2826.60009765625,2825.699951171875,2826.39990234375,56
2026-10-01 07:59:00-04:00,2826.10009765625,2826.10009765625,2826.10009765625,2825.5,2825.89990234375,39
2026-10-01 08:00:00-04:00,2827.0,2827.0,2827.199951171875,2825.5,2826.0,118
2026-10-01 08:01:00-04:00,2827.199951171875,2827.199951171875,2827.699951171875,2826.800048828125,2826.89990234375,105
2026-10-01 08:02:00-04:00,2827.800048828125,2827.800048828125,2827.89990234375,2826.60009765625,2827.10009765625,139
2026-10-01 08:03:00-04:00,2828.300048828125,2828.300048828125,2828.5,2827.60009765625,2827.699951171875,162
2026-10-01 08:04:00-04:00,2826.800048828125,2826.800048828125,2828.60009765625,2826.800048828125,2828.5,67
2026-10-01 08:05:00-04:00,2827.10009765625,2827.10009765625,2827.199951171875,2826.199951171875,2826.699951171875,134
2026-10-01 08:06:00-04:00,2827.60009765625,2827.60009765625,2827.800048828125,2826.800048828125,2827.0,82
2026-10-01 08:07:00-04:00,2826.60009765625,2826.60009765625,2827.699951171875,2826.60009765625,2827.60009765625,50
2026-10-01 08:08:00-04:00,2826.39990234375,2826.39990234375,2826.800048828125,2826.39990234375,2826.699951171875,27
2026-10-01 08:09:00-04:00,2826.800048828125,2826.800048828125,2826.89990234375,2826.300048828125,2826.300048828125,51
2026-10-01 08:10:00-04:00,2827.699951171875,2827.699951171875,2828.0,2826.699951171875,2826.699951171875,56
2026-10-01 08:11:00-04:00,2827.699951171875,2827.699951171875,2827.89990234375,2827.60009765625,2827.800048828125,57
2026-10-01 08:12:00-04:00,2827.300048828125,2827.300048828125,2828.300048828125,2827.199951171875,2827.800048828125,60
2026-10-01 08:13:00-04:00,2826.300048828125,2826.300048828125,2827.300048828125,2826.0,2827.199951171875,36
2026-10-01 08:14:00-04:00,2826.5,2826.5,2826.5,2825.89990234375,2826.300048828125,38
2026-10-01 08:15:00-04:00,2826.800048828125,2826.800048828125,2827.10009765625,2826.300048828125,2826.39990234375,42
2026-10-01 08:16:00-04:00,2826.699951171875,2826.699951171875,2827.0,2826.199951171875,2826.699951171875,121
2026-10-01 08:17:00-04:00,2827.199951171875,2827.199951171875,2827.300048828125,2825.39990234375,2826.699951171875,383
2026-10-01 08:18:00-04:00,2827.60009765625,2827.60009765625,2828.5,2826.89990234375,2827.10009765625,259
2026-10-01 08:19:00-04:00,2827.39990234375,2827.39990234375,2827.89990234375,2827.300048828125,2827.5,46
2026-10-01 08:20:00-04:00,2827.10009765625,2827.10009765625,2827.699951171875,2827.10009765625,2827.39990234375,121
2026-10-01 08:21:00-04:00,2828.0,2828.0,2828.0,2827.10009765625,2827.199951171875,55
2026-10-01 08:22:00-04:00,2827.199951171875,2827.199951171875,2828.199951171875,2827.199951171875,2828.0,65
2026-10-01 08:23:00-04:00,2826.10009765625,2826.10009765625,2827.60009765625,2825.800048828125,2827.0,135
2026-10-01 08:24:00-04:00,2826.199951171875,2826.199951171875,2826.199951171875,2825.800048828125,2826.0,42
2026-10-01 08:25:00-04:00,2826.60009765625,2826.60009765625,2826.699951171875,2825.800048828125,2825.89990234375,58
2026-10-01 08:26:00-04:00,2825.89990234375,2825.89990234375,2827.0,2824.5,2826.60009765625,450
2026-10-01 08:27:00-04:00,2825.699951171875,2825.699951171875,2826.10009765625,2825.10009765625,2825.699951171875,24
2026-10-01 08:28:00-04:00,2825.800048828125,2825.800048828125,2825.89990234375,2825.39990234375,2825.60009765625,27
2026-10-01 08:29:00-04:00,2826.800048828125,2826.800048828125,2827.699951171875,2824.800048828125,2825.800048828125,175
2026-10-01 08:30:00-04:00,2827.300048828125,2827.300048828125,2827.699951171875,2826.300048828125,2826.699951171875,161
2026-10-01 08:31:00-04:00,2828.300048828125,2828.300048828125,2828.300048828125,2826.5,2827.300048828125,86
2026-10-01 08:32:00-04:00,2827.800048828125,2827.800048828125,2829.10009765625,2827.800048828125,2828.199951171875,74
2026-10-01 08:33:00-04:00,2828.10009765625,2828.10009765625,2828.39990234375,2827.800048828125,2827.89990234375,39
2026-10-01 08:34:00-04:00,2829.199951171875,2829.199951171875,2829.39990234375,2828.0,2828.0,79
2026-10-01 08:35:00-04:00,2829.89990234375,2829.89990234375,2830.10009765625,2828.39990234375,2828.800048828125,122
2026-10-01 08:36:00-04:00,2829.60009765625,2829.60009765625,2830.800048828125,2829.199951171875,2829.89990234375,159
2026-10-01 08:37:00-04:00,2828.199951171875,2828.199951171875,2829.39990234375,2828.0,2829.300048828125,47
2026-10-01 08:38:00-04:00,2827.800048828125,2827.800048828125,2828.199951171875,2827.60009765625,2828.199951171875,51
2026-10-01 08:39:00-04:00,2828.800048828125,2828.800048828125,2829.0,2827.699951171875,2827.89990234375,43
2026-10-01 08:40:00-04:00,2828.39990234375,2828.39990234375,2829.39990234375,2828.39990234375,2828.89990234375,40
2026-10-01 08:41:00-04:00,2828.60009765625,2828.60009765625,2829.10009765625,2828.39990234375,2828.5,85
2026-10-01 08:42:00-04:00,2827.699951171875,2827.699951171875,2828.39990234375,2827.5,2828.39990234375,69
2026-10-01 08:43:00-04:00,2827.199951171875,2827.199951171875,2828.300048828125,2826.89990234375,2827.89990234375,113
2026-10-01 08:44:00-04:00,2825.89990234375,2825.89990234375,2827.199951171875,2825.800048828125,2827.10009765625,83
2026-10-01 08:45:00-04:00,2826.199951171875,2826.199951171875,2826.60009765625,2825.800048828125,2825.89990234375,39
2026-10-01 08:46:00-04:00,2825.89990234375,2825.89990234375,2826.199951171875,2825.5,2826.199951171875,54
2026-10-01 08:47:00-04:00,2824.800048828125,2824.800048828125,2826.199951171875,2824.800048828125,2825.89990234375,70
2026-10-01 08:48:00-04:00,2825.5,2825.5,2825.699951171875,2824.199951171875,2825.199951171875,32
2026-10-01 08:49:00-04:00,2825.199951171875,2825.199951171875,2825.300048828125,2824.800048828125,2825.199951171875,36
2026-10-01 08:50:00-04:00,2824.89990234375,2824.89990234375,2825.800048828125,2824.699951171875,2825.5,115
2026-10-01 08:51:00-04:00,2824.0,2824.0,2825.0,2823.800048828125,2825.0,103
2026-10-01 08:52:00-04:00,2822.800048828125,2822.800048828125,2824.0,2822.800048828125,2823.800048828125,104
2026-10-01 08:53:00-04:00,2822.199951171875,2822.199951171875,2822.89990234375,2822.10009765625,2822.60009765625,157
2026-10-01 08:54:00-04:00,2821.699951171875,2821.699951171875,2822.699951171875,2821.39990234375,2822.0,260
2026-10-01 08:55:00-04:00,2820.5,2820.5,2821.699951171875,2820.199951171875,2821.699951171875,381
2026-10-01 08:56:00-04:00,2818.10009765625,2818.10009765625,2821.10009765625,2817.89990234375,2820.60009765625,1136
2026-10-01 08:57:00-04:00,2819.199951171875,2819.199951171875,2819.300048828125,2818.0,2818.199951171875,320
2026-10-01 08:58:00-04:00,2819.300048828125,2819.300048828125,2819.60009765625,2818.60009765625,2819.199951171875,150
2026-10-01 08:59:00-04:00,2819.199951171875,2819.199951171875,2819.800048828125,2819.10009765625,2819.199951171875,105
2026-10-01 09:00:00-04:00,2818.60009765625,2818.60009765625,2820.199951171875,2818.39990234375,2819.199951171875,373
2026-10-01 09:01:00-04:00,2819.199951171875,2819.199951171875,2819.60009765625,2818.10009765625,2818.699951171875,135
2026-10-01 09:02:00-04:00,2819.699951171875,2819.699951171875,2820.10009765625,2819.10009765625,2819.199951171875,139
2026-10-01 09:03:00-04:00,2818.5,2818.5,2819.89990234375,2818.5,2819.699951171875,148
2026-10-01 09:04:00-04:00,2818.60009765625,2818.60009765625,2819.39990234375,2818.60009765625,2818.60009765625,62
2026-10-01 09:05:00-04:00,2819.199951171875,2819.199951171875,2819.300048828125,2818.699951171875,2818.699951171875,73
2026-10-01 09:06:00-04:00,2818.800048828125,2818.800048828125,2819.300048828125,2818.5,2819.300048828125,53
2026-10-01 09:07:00-04:00,2820.60009765625,2820.60009765625,2820.699951171875,2818.89990234375,2818.89990234375,197
2026-10-01 09:08:00-04:00,2820.39990234375,2820.39990234375,2820.800048828125,2819.60009765625,2820.60009765625,49
2026-10-01 09:09:00-04:00,2819.0,2819.0,2820.39990234375,2818.800048828125,2820.199951171875,108
2026-10-01 09:10:00-04:00,2818.800048828125,2818.800048828125,2819.0,2818.199951171875,2819.0,101
2026-10-01 09:11:00-04:00,2818.300048828125,2818.300048828125,2819.39990234375,2818.10009765625,2819.10009765625,62
2026-10-01 09:12:00-04:00,2818.39990234375,2818.39990234375,2818.39990234375,2817.39990234375,2818.300048828125,74
2026-10-01 09:13:00-04:00,2816.699951171875,2816.699951171875,2818.60009765625,2816.39990234375,2818.300048828125,498
2026-10-01 09:14:00-04:00,2815.39990234375,2815.39990234375,2817.0,2815.300048828125,2816.800048828125,350
2026-10-01 09:15:00-04:00,2815.300048828125,2815.300048828125,2816.39990234375,2815.300048828125,2815.5,145
2026-10-01 09:16:00-04:00,2814.0,2814.0,2815.300048828125,2813.699951171875,2815.300048828125,391
2026-10-01 09:17:00-04:00,2814.699951171875,2814.699951171875,2814.800048828125,2813.699951171875,2813.89990234375,118
2026-10-01 09:18:00-04:00,2814.89990234375,2814.89990234375,2814.89990234375,2813.699951171875,2814.699951171875,223
2026-10-01 09:19:00-04:00,2814.300048828125,2814.300048828125,2815.0,2814.10009765625,2814.800048828125,109
2026-10-01 09:20:00-04:00,2814.89990234375,2814.89990234375,2815.199951171875,2813.5,2814.199951171875,244
2026-10-01 09:21:00-04:00,2813.800048828125,2813.800048828125,2815.0,2813.800048828125,2814.800048828125,121
2026-10-01 09:22:00-04:00,2814.39990234375,2814.39990234375,2814.5,2813.699951171875,2813.89990234375,70
2026-10-01 09:23:00-04:00,2813.800048828125,2813.800048828125,2814.89990234375,2813.800048828125,2814.5,84
2026-10-01 09:24:00-04:00,2812.300048828125,2812.300048828125,2813.800048828125,2812.0,2813.800048828125,189
2026-10-01 09:25:00-04:00,2811.199951171875,2811.199951171875,2812.699951171875,2811.0,2812.10009765625,418
2026-10-01 09:26:00-04:00,2813.10009765625,2813.10009765625,2813.10009765625,2811.10009765625,2811.10009765625,497
2026-10-01 09:27:00-04:00,2811.60009765625,2811.60009765625,2813.199951171875,2811.60009765625,2813.0,274
2026-10-01 09:28:00-04:00,2810.0,2810.0,2812.5,2810.0,2811.699951171875,631
2026-10-01 09:29:00-04:00,2810.39990234375,2810.39990234375,2812.5,2809.39990234375,2809.89990234375,789
2026-10-01 09:30:00-04:00,2813.199951171875,2813.199951171875,2814.699951171875,2809.199951171875,2810.60009765625,3164
2026-10-01 09:31:00-04:00,2812.89990234375,2812.89990234375,2815.0,2811.10009765625,2813.199951171875,1514
2026-10-01 09:32:00-04:00,2816.300048828125,2816.300048828125,2817.10009765625,2810.199951171875,2813.10009765625,1549
2026-10-01 09:33:00-04:00,2820.199951171875,2820.199951171875,2820.699951171875,2816.10009765625,2816.300048828125,1214
2026-10-01 09:34:00-04:00,2818.39990234375,2818.39990234375,2820.39990234375,2817.60009765625,2820.300048828125,918
2026-10-01 09:35:00-04:00,2818.300048828125,2818.300048828125,2819.300048828125,2816.10009765625,2818.39990234375,1643
2026-10-01 09:36:00-04:00,2816.199951171875,2816.199951171875,2819.60009765625,2815.199951171875,2818.300048828125,1761
2026-10-01 09:37:00-04:00,2816.199951171875,2816.199951171875,2816.39990234375,2814.800048828125,2816.300048828125,660
2026-10-01 09:38:00-04:00,2814.39990234375,2814.39990234375,2816.39990234375,2813.89990234375,2816.10009765625,785
2026-10-01 09:39:00-04:00,2810.5,2810.5,2814.60009765625,2810.300048828125,2814.300048828125,870
2026-10-01 09:40:00-04:00,2808.60009765625,2808.60009765625,2811.199951171875,2808.300048828125,2810.60009765625,1061
2026-10-01 09:41:00-04:00,2806.800048828125,2806.800048828125,2810.800048828125,2806.60009765625,2808.699951171875,1094
2026-10-01 09:42:00-04:00,2804.60009765625,2804.60009765625,2807.699951171875,2804.300048828125,2806.699951171875,1426
2026-10-01 09:43:00-04:00,2804.199951171875,2804.199951171875,2805.699951171875,2803.89990234375,2804.699951171875,1253
2026-10-01 09:44:00-04:00,2805.10009765625,2805.10009765625,2805.89990234375,2803.5,2804.10009765625,552
2026-10-01 09:45:00-04:00,2803.800048828125,2803.800048828125,2806.89990234375,2803.699951171875,2804.800048828125,1130
2026-10-01 09:46:00-04:00,2803.300048828125,2803.300048828125,2805.800048828125,2802.699951171875,2803.699951171875,568
2026-10-01 09:47:00-04:00,2803.0,2803.0,2804.0,2801.39990234375,2803.60009765625,758
2026-10-01 09:48:00-04:00,2801.5,2801.5,2803.199951171875,2801.0,2802.89990234375,412
2026-10-01 09:49:00-04:00,2799.89990234375,2799.89990234375,2801.89990234375,2798.800048828125,2801.5,710
2026-10-01 09:50:00-04:00,2802.800048828125,2802.800048828125,2803.300048828125,2799.89990234375,2800.0,717
2026-10-01 09:51:00-04:00,2803.39990234375,2803.39990234375,2803.39990234375,2801.300048828125,2802.699951171875,662
2026-10-01 09:52:00-04:00,2807.60009765625,2807.60009765625,2807.89990234375,2803.199951171875,2803.300048828125,675
2026-10-01 09:53:00-04:00,2808.0,2808.0,2808.199951171875,2805.699951171875,2807.60009765625,508
2026-10-01 09:54:00-04:00,2807.699951171875,2807.699951171875,2809.800048828125,2807.300048828125,2808.10009765625,623
2026-10-01 09:55:00-04:00,2805.89990234375,2805.89990234375,2809.89990234375,2805.300048828125,2807.699951171875,551
2026-10-01 09:56:00-04:00,2806.0,2806.0,2807.10009765625,2805.10009765625,2806.0,482
2026-10-01 09:57:00-04:00,2806.10009765625,2806.10009765625,2807.39990234375,2805.60009765625,2805.699951171875,440
2026-10-01 09:58:00-04:00,2806.0,2806.0,2806.5,2804.5,2806.0,497
2026-10-01 09:59:00-04:00,2803.60009765625,2803.60009765625,2806.0,2803.199951171875,2805.699951171875,683
2026-10-01 10:00:00-04:00,2800.199951171875,2800.199951171875,2804.5,2799.10009765625,2803.800048828125,1469
2026-10-01 10:01:00-04:00,2797.10009765625,2797.10009765625,2800.10009765625,2796.39990234375,2800.10009765625,1250
2026-10-01 10:02:00-04:00,2797.199951171875,2797.199951171875,2797.89990234375,2795.10009765625,2796.89990234375,799
2026-10-01 10:03:00-04:00,2796.10009765625,2796.10009765625,2797.89990234375,2795.39990234375,2797.300048828125,513
2026-10-01 10:04:00-04:00,2793.5,2793.5,2797.60009765625,2793.5,2796.199951171875,718
2026-10-01 10:05:00-04:00,2792.5,2792.5,2793.699951171875,2791.5,2793.5,807
2026-10-01 10:06:00-04:00,2795.39990234375,2795.39990234375,2795.699951171875,2792.300048828125,2792.5,800
2026-10-01 10:07:00-04:00,2796.699951171875,2796.699951171875,2797.10009765625,2795.10009765625,2795.39990234375,752
2026-10-01 10:08:00-04:00,2798.39990234375,2798.39990234375,2800.5,2796.5,2796.60009765625,1845
2026-10-01 10:09:00-04:00,2801.39990234375,2801.39990234375,2801.60009765625,2798.0,2798.39990234375,885
2026-10-01 10:10:00-04:00,2800.199951171875,2800.199951171875,2801.800048828125,2799.39990234375,2801.5,769
2026-10-01 10:11:00-04:00,2799.5,2799.5,2801.199951171875,2799.0,2800.39990234375,609
2026-10-01 10:12:00-04:00,2800.10009765625,2800.10009765625,2802.39990234375,2798.5,2799.60009765625,918
2026-10-01 10:13:00-04:00,2800.5,2800.5,2801.39990234375,2797.5,2800.199951171875,760
2026-10-01 10:14:00-04:00,2800.89990234375,2800.89990234375,2800.89990234375,2798.39990234375,2800.5,315
2026-10-01 10:15:00-04:00,2803.0,2803.0,2803.60009765625,2800.60009765625,2800.800048828125,632
2026-10-01 10:16:00-04:00,2802.5,2802.5,2803.5,2802.10009765625,2803.10009765625,388
2026-10-01 10:17:00-04:00,2804.10009765625,2804.10009765625,2805.699951171875,2802.39990234375,2802.5,632
2026-10-01 10:18:00-04:00,2801.300048828125,2801.300048828125,2804.0,2800.5,2804.0,494
2026-10-01 10:19:00-04:00,2801.800048828125,2801.800048828125,2802.39990234375,2799.60009765625,2801.39990234375,1334
2026-10-01 10:20:00-04:00,2802.89990234375,2802.89990234375,2803.5,2801.800048828125,2801.800048828125,657
2026-10-01 10:21:00-04:00,2800.60009765625,2800.60009765625,2803.699951171875,2799.89990234375,2803.0,451
2026-10-01 10:22:00-04:00,2799.10009765625,2799.10009765625,2801.199951171875,2798.89990234375,2800.300048828125,322
2026-10-01 10:23:00-04:00,2800.39990234375,2800.39990234375,2801.0,2798.300048828125,2799.199951171875,337
2026-10-01 10:24:00-04:00,2801.199951171875,2801.199951171875,2801.300048828125,2799.199951171875,2800.39990234375,295
2026-10-01 10:25:00-04:00,2801.10009765625,2801.10009765625,2801.800048828125,2799.699951171875,2801.10009765625,495
2026-10-01 10:26:00-04:00,2802.300048828125,2802.300048828125,2803.0,2800.199951171875,2801.199951171875,522
2026-10-01 10:27:00-04:00,2801.5,2801.5,2802.5,2800.39990234375,2802.5,413
2026-10-01 10:28:00-04:00,2799.199951171875,2799.199951171875,2801.699951171875,2798.39990234375,2801.699951171875,460
2026-10-01 10:29:00-04:00,2799.199951171875,2799.199951171875,2800.39990234375,2799.10009765625,2799.199951171875,406
2026-10-01 10:30:00-04:00,2801.699951171875,2801.699951171875,2802.10009765625,2798.699951171875,2799.199951171875,802
2026-10-01 10:31:00-04:00,2800.199951171875,2800.199951171875,2802.10009765625,2798.300048828125,2801.5,392
2026-10-01 10:32:00-04:00,2801.0,2801.0,2802.39990234375,2799.60009765625,2800.10009765625,539
2026-10-01 10:33:00-04:00,2801.0,2801.0,2804.39990234375,2800.800048828125,2801.39990234375,577
2026-10-01 10:34:00-04:00,2802.39990234375,2802.39990234375,2802.60009765625,2799.39990234375,2800.89990234375,503
2026-10-01 10:35:00-04:00,2800.89990234375,2800.89990234375,2802.699951171875,2799.39990234375,2802.39990234375,450
2026-10-01 10:36:00-04:00,2803.89990234375,2803.89990234375,2804.199951171875,2800.89990234375,2800.89990234375,311
2026-10-01 10:37:00-04:00,2803.0,2803.0,2805.10009765625,2802.89990234375,2804.199951171875,549
2026-10-01 10:38:00-04:00,2804.39990234375,2804.39990234375,2804.89990234375,2802.39990234375,2803.0,309
2026-10-01 10:39:00-04:00,2804.699951171875,2804.699951171875,2805.300048828125,2804.10009765625,2804.199951171875,390
2026-10-01 10:40:00-04:00,2803.89990234375,2803.89990234375,2805.0,2802.199951171875,2804.5,667
2026-10-01 10:41:00-04:00,2802.199951171875,2802.199951171875,2803.89990234375,2801.10009765625,2803.89990234375,523
2026-10-01 10:42:00-04:00,2802.5,2802.5,2803.5,2801.89990234375,2802.10009765625,306
2026-10-01 10:43:00-04:00,2803.60009765625,2803.60009765625,2804.10009765625,2801.699951171875,2802.39990234375,346
2026-10-01 10:44:00-04:00,2803.60009765625,2803.60009765625,2804.300048828125,2802.699951171875,2803.60009765625,547
2026-10-01 10:45:00-04:00,2806.60009765625,2806.60009765625,2806.60009765625,2802.5,2803.60009765625,769
2026-10-01 10:46:00-04:00,2803.699951171875,2803.699951171875,2807.60009765625,2803.0,2806.5,762
2026-10-01 10:47:00-04:00,2800.699951171875,2800.699951171875,2803.89990234375,2800.300048828125,2803.60009765625,362
2026-10-01 10:48:00-04:00,2800.10009765625,2800.10009765625,2801.300048828125,2799.60009765625,2800.800048828125,517
2026-10-01 10:49:00-04:00,2802.199951171875,2802.199951171875,2803.10009765625,2799.800048828125,2800.10009765625,603
2026-10-01 10:50:00-04:00,2801.5,2801.5,2802.39990234375,2799.89990234375,2802.39990234375,414
2026-10-01 10:51:00-04:00,2799.60009765625,2799.60009765625,2803.10009765625,2799.39990234375,2801.60009765625,445
2026-10-01 10:52:00-04:00,2799.199951171875,2799.199951171875,2800.800048828125,2798.0,2799.699951171875,652
2026-10-01 10:53:00-04:00,2798.60009765625,2798.60009765625,2801.60009765625,2797.89990234375,2799.199951171875,919
2026-10-01 10:54:00-04:00,2798.699951171875,2798.699951171875,2799.5,2797.39990234375,2798.699951171875,293
2026-10-01 10:55:00-04:00,2800.39990234375,2800.39990234375,2800.699951171875,2798.39990234375,2798.89990234375,338
2026-10-01 10:56:00-04:00,2801.60009765625,2801.60009765625,2802.39990234375,2799.39990234375,2800.5,367
2026-10-01 10:57:00-04:00,2803.199951171875,2803.199951171875,2803.699951171875,2801.0,2801.5,767
2026-10-01 10:58:00-04:00,2801.5,2801.5,2807.39990234375,2800.39990234375,2803.10009765625,1395
2026-10-01 10:59:00-04:00,2803.0,2803.0,2803.60009765625,2800.699951171875,2801.5,557
2026-10-01 11:00:00-04:00,2801.0,2801.0,2803.60009765625,2800.5,2803.10009765625,417
2026-10-01 11:01:00-04:00,2797.699951171875,2797.699951171875,2800.89990234375,2796.800048828125,2800.800048828125,504
2026-10-01 11:02:00-04:00,2797.60009765625,2797.60009765625,2799.0,2797.10009765625,2797.89990234375,180
2026-10-01 11:03:00-04:00,2798.60009765625,2798.60009765625,2799.60009765625,2797.39990234375,2797.699951171875,425
2026-10-01 11:04:00-04:00,2799.10009765625,2799.10009765625,2800.5,2798.60009765625,2798.699951171875,280
2026-10-01 11:05:00-04:00,2799.89990234375,2799.89990234375,2801.0,2799.199951171875,2799.300048828125,362
2026-10-01 11:06:00-04:00,2799.60009765625,2799.60009765625,2800.5,2799.60009765625,2799.89990234375,328
2026-10-01 11:07:00-04:00,2799.699951171875,2799.699951171875,2801.60009765625,2799.60009765625,2799.60009765625,334
2026-10-01 11:08:00-04:00,2799.800048828125,2799.800048828125,2800.39990234375,2797.89990234375,2799.800048828125,491
2026-10-01 11:09:00-04:00,2800.39990234375,2800.39990234375,2801.10009765625,2799.60009765625,2799.89990234375,218
2026-10-01 11:10:00-04:00,2799.300048828125,2799.300048828125,2800.39990234375,2798.199951171875,2800.39990234375,362
2026-10-01 11:11:00-04:00,2799.300048828125,2799.300048828125,2799.800048828125,2798.0,2799.199951171875,325
2026-10-01 11:12:00-04:00,2799.300048828125,2799.300048828125,2799.89990234375,2798.60009765625,2799.10009765625,424
2026-10-01 11:13:00-04:00,2800.39990234375,2800.39990234375,2801.60009765625,2799.300048828125,2799.39990234375,542
2026-10-01 11:14:00-04:00,2801.60009765625,2801.60009765625,2802.39990234375,2800.39990234375,2800.39990234375,534
2026-10-01 11:15:00-04:00,2801.89990234375,2801.89990234375,2802.199951171875,2800.0,2801.5,454
2026-10-01 11:16:00-04:00,2803.199951171875,2803.199951171875,2803.199951171875,2801.89990234375,2802.0,409
2026-10-01 11:17:00-04:00,2804.89990234375,2804.89990234375,2805.0,2802.89990234375,2803.300048828125,724
2026-10-01 11:18:00-04:00,2801.699951171875,2801.699951171875,2805.39990234375,2801.699951171875,2805.0,383
2026-10-01 11:19:00-04:00,2802.89990234375,2802.89990234375,2804.39990234375,2801.60009765625,2801.89990234375,335
2026-10-01 11:20:00-04:00,2802.5,2802.5,2804.800048828125,2802.300048828125,2803.199951171875,986
2026-10-01 11:21:00-04:00,2805.0,2805.0,2805.5,2802.39990234375,2802.60009765625,411
2026-10-01 11:22:00-04:00,2803.800048828125,2803.800048828125,2805.300048828125,2803.60009765625,2804.89990234375,357
2026-10-01 11:23:00-04:00,2803.699951171875,2803.699951171875,2804.89990234375,2803.10009765625,2804.0,141
2026-10-01 11:24:00-04:00,2801.89990234375,2801.89990234375,2804.0,2801.89990234375,2803.699951171875,166
2026-10-01 11:25:00-04:00,2802.60009765625,2802.60009765625,2803.5,2801.699951171875,2802.0,447
2026-10-01 11:26:00-04:00,2804.5,2804.5,2804.5,2801.800048828125,2802.60009765625,436
2026-10-01 11:27:00-04:00,2805.10009765625,2805.10009765625,2805.199951171875,2804.0,2804.60009765625,465
2026-10-01 11:28:00-04:00,2802.300048828125,2802.300048828125,2805.300048828125,2802.300048828125,2804.89990234375,531
2026-10-01 11:29:00-04:00,2800.800048828125,2800.800048828125,2802.39990234375,2800.699951171875,2802.199951171875,517
2026-10-01 11:30:00-04:00,2800.5,2800.5,2801.5,2800.10009765625,2800.89990234375,653
2026-10-01 11:31:00-04:00,2801.60009765625,2801.60009765625,2802.300048828125,2799.60009765625,2800.699951171875,282
2026-10-01 11:32:00-04:00,2799.89990234375,2799.89990234375,2801.60009765625,2799.699951171875,2801.5,331
2026-10-01 11:33:00-04:00,2798.39990234375,2798.39990234375,2800.10009765625,2798.300048828125,2799.89990234375,593
2026-10-01 11:34:00-04:00,2797.300048828125,2797.300048828125,2799.10009765625,2796.5,2798.39990234375,871
2026-10-01 11:35:00-04:00,2797.0,2797.0,2798.300048828125,2796.699951171875,2797.300048828125,672
2026-10-01 11:36:00-04:00,2800.800048828125,2800.800048828125,2801.300048828125,2797.0,2797.0,570
2026-10-01 11:37:00-04:00,2802.39990234375,2802.39990234375,2802.39990234375,2800.39990234375,2800.699951171875,523
2026-10-01 11:38:00-04:00,2806.10009765625,2806.10009765625,2806.39990234375,2801.89990234375,2802.39990234375,718
2026-10-01 11:39:00-04:00,2807.0,2807.0,2808.10009765625,2806.0,2806.10009765625,730
2026-10-01 11:40:00-04:00,2807.39990234375,2807.39990234375,2809.0,2806.800048828125,2807.0,712
2026-10-01 11:41:00-04:00,2806.699951171875,2806.699951171875,2808.699951171875,2805.699951171875,2807.300048828125,598
2026-10-01 11:42:00-04:00,2808.0,2808.0,2808.199951171875,2806.39990234375,2806.699951171875,508
2026-10-01 11:43:00-04:00,2805.10009765625,2805.10009765625,2808.0,2805.0,2808.0,928
2026-10-01 11:44:00-04:00,2806.0,2806.0,2806.199951171875,2803.60009765625,2805.199951171875,629
2026-10-01 11:45:00-04:00,2806.800048828125,2806.800048828125,2807.10009765625,2804.60009765625,2806.0,413
2026-10-01 11:46:00-04:00,2806.0,2806.0,2807.39990234375,2805.699951171875,2806.800048828125,277
2026-10-01 11:47:00-04:00,2808.10009765625,2808.10009765625,2808.60009765625,2806.10009765625,2806.10009765625,345
2026-10-01 11:48:00-04:00,2808.0,2808.0,2809.39990234375,2807.300048828125,2808.199951171875,719
2026-10-01 11:49:00-04:00,2807.300048828125,2807.300048828125,2808.10009765625,2806.300048828125,2808.10009765625,334
2026-10-01 11:50:00-04:00,2805.199951171875,2805.199951171875,2807.39990234375,2805.10009765625,2807.39990234375,377
2026-10-01 11:51:00-04:00,2806.10009765625,2806.10009765625,2806.800048828125,2804.300048828125,2805.199951171875,416
2026-10-01 11:52:00-04:00,2806.60009765625,2806.60009765625,2807.300048828125,2805.89990234375,2806.300048828125,278
2026-10-01 11:53:00-04:00,2806.0,2806.0,2806.699951171875,2804.89990234375,2806.699951171875,392
2026-10-01 11:54:00-04:00,2806.800048828125,2806.800048828125,2807.800048828125,2805.5,2806.0,649
2026-10-01 11:55:00-04:00,2810.0,2810.0,2810.10009765625,2806.800048828125,2806.89990234375,525
2026-10-01 11:56:00-04:00,2812.0,2812.0,2814.300048828125,2809.699951171875,2810.199951171875,1609
2026-10-01 11:57:00-04:00,2812.800048828125,2812.800048828125,2813.89990234375,2810.89990234375,2812.0,531
2026-10-01 11:58:00-04:00,2811.0,2811.0,2813.10009765625,2810.5,2812.89990234375,308
2026-10-01 11:59:00-04:00,2812.0,2812.0,2812.39990234375,2810.60009765625,2810.89990234375,348
2026-10-01 12:00:00-04:00,2812.60009765625,2812.60009765625,2813.0,2810.800048828125,2812.10009765625,436
2026-10-01 12:01:00-04:00,2813.199951171875,2813.199951171875,2813.800048828125,2811.89990234375,2812.60009765625,318
2026-10-01 12:02:00-04:00,2816.5,2816.5,2816.5,2812.89990234375,2813.10009765625,1344
2026-10-01 12:03:00-04:00,2815.60009765625,2815.60009765625,2817.10009765625,2815.60009765625,2816.39990234375,1481
2026-10-01 12:04:00-04:00,2815.60009765625,2815.60009765625,2816.699951171875,2815.39990234375,2815.60009765625,328
2026-10-01 12:05:00-04:00,2814.300048828125,2814.300048828125,2815.699951171875,2814.10009765625,2815.60009765625,419
2026-10-01 12:06:00-04:00,2817.800048828125,2817.800048828125,2818.10009765625,2813.89990234375,2814.300048828125,405
2026-10-01 12:07:00-04:00,2817.199951171875,2817.199951171875,2818.5,2817.0,2817.699951171875,506
2026-10-01 12:08:00-04:00,2817.199951171875,2817.199951171875,2818.300048828125,2817.0,2817.10009765625,230
2026-10-01 12:09:00-04:00,2816.60009765625,2816.60009765625,2817.199951171875,2815.199951171875,2817.10009765625,245
2026-10-01 12:10:00-04:00,2817.60009765625,2817.60009765625,2819.199951171875,2816.5,2816.5,709
2026-10-01 12:11:00-04:00,2818.10009765625,2818.10009765625,2818.300048828125,2816.89990234375,2817.5,388
2026-10-01 12:12:00-04:00,2816.89990234375,2816.89990234375,2818.60009765625,2815.89990234375,2818.0,385
2026-10-01 12:13:00-04:00,2815.699951171875,2815.699951171875,2816.89990234375,2815.699951171875,2816.699951171875,177
2026-10-01 12:14:00-04:00,2814.800048828125,2814.800048828125,2815.89990234375,2814.60009765625,2815.800048828125,233
2026-10-01 12:15:00-04:00,2814.89990234375,2814.89990234375,2815.39990234375,2813.60009765625,2814.699951171875,179
2026-10-01 12:16:00-04:00,2816.5,2816.5,2816.60009765625,2814.60009765625,2815.0,301
2026-10-01 12:17:00-04:00,2819.0,2819.0,2819.199951171875,2816.300048828125,2816.5,320
2026-10-01 12:18:00-04:00,2818.199951171875,2818.199951171875,2820.300048828125,2818.10009765625,2818.89990234375,478
2026-10-01 12:19:00-04:00,2818.39990234375,2818.39990234375,2819.39990234375,2817.39990234375,2818.300048828125,371
2026-10-01 12:20:00-04:00,2818.5,2818.5,2818.5,2817.39990234375,2818.300048828125,385
2026-10-01 12:21:00-04:00,2817.89990234375,2817.89990234375,2818.89990234375,2817.89990234375,2818.5,239
2026-10-01 12:22:00-04:00,2819.800048828125,2819.800048828125,2819.89990234375,2817.800048828125,2818.10009765625,338
2026-10-01 12:23:00-04:00,2820.199951171875,2820.199951171875,2820.39990234375,2818.89990234375,2819.699951171875,386
2026-10-01 12:24:00-04:00,2821.60009765625,2821.60009765625,2821.89990234375,2819.800048828125,2820.199951171875,447
2026-10-01 12:25:00-04:00,2821.300048828125,2821.300048828125,2821.89990234375,2820.199951171875,2821.5,339
2026-10-01 12:26:00-04:00,2821.800048828125,2821.800048828125,2823.0,2821.300048828125,2821.300048828125,383
2026-10-01 12:27:00-04:00,2822.199951171875,2822.199951171875,2822.699951171875,2821.5,2821.699951171875,442
2026-10-01 12:28:00-04:00,2822.300048828125,2822.300048828125,2822.5,2821.39990234375,2822.39990234375,283
2026-10-01 12:29:00-04:00,2821.800048828125,2821.800048828125,2822.5,2821.5,2822.300048828125,218
2026-10-01 12:30:00-04:00,2824.199951171875,2824.199951171875,2824.199951171875,2820.89990234375,2821.89990234375,435
2026-10-01 12:31:00-04:00,2825.39990234375,2825.39990234375,2825.89990234375,2824.300048828125,2824.300048828125,539
2026-10-01 12:32:00-04:00,2826.0,2826.0,2826.300048828125,2824.89990234375,2825.300048828125,501
2026-10-01 12:33:00-04:00,2825.699951171875,2825.699951171875,2826.199951171875,2825.300048828125,2826.0,557
2026-10-01 12:34:00-04:00,2826.60009765625,2826.60009765625,2826.800048828125,2824.800048828125,2825.800048828125,468
2026-10-01 12:35:00-04:00,2826.699951171875,2826.699951171875,2826.89990234375,2825.800048828125,2826.5,304
2026-10-01 12:36:00-04:00,2826.699951171875,2826.699951171875,2826.800048828125,2825.39990234375,2826.60009765625,372
2026-10-01 12:37:00-04:00,2825.0,2825.0,2827.60009765625,2825.0,2826.800048828125,320
2026-10-01 12:38:00-04:00,2824.60009765625,2824.60009765625,2825.0,2823.699951171875,2825.0,402
2026-10-01 12:39:00-04:00,2824.699951171875,2824.699951171875,2825.0,2824.10009765625,2824.699951171875,300
2026-10-01 12:40:00-04:00,2825.5,2825.5,2825.800048828125,2824.699951171875,2825.10009765625,341
2026-10-01 12:41:00-04:00,2824.699951171875,2824.699951171875,2825.800048828125,2824.300048828125,2825.5,210
2026-10-01 12:42:00-04:00,2826.300048828125,2826.300048828125,2826.89990234375,2824.10009765625,2824.699951171875,331
2026-10-01 12:43:00-04:00,2827.0,2827.0,2827.699951171875,2826.199951171875,2826.199951171875,284
2026-10-01 12:44:00-04:00,2825.800048828125,2825.800048828125,2826.800048828125,2825.300048828125,2826.800048828125,378
2026-10-01 12:45:00-04:00,2825.800048828125,2825.800048828125,2826.5,2825.5,2825.89990234375,203
2026-10-01 12:46:00-04:00,2825.89990234375,2825.89990234375,2826.0,2824.800048828125,2825.699951171875,177
2026-10-01 12:47:00-04:00,2826.60009765625,2826.60009765625,2827.0,2825.800048828125,2825.89990234375,388
2026-10-01 12:48:00-04:00,2826.699951171875,2826.699951171875,2827.39990234375,2826.300048828125,2826.60009765625,188
2026-10-01 12:49:00-04:00,2825.699951171875,2825.699951171875,2826.800048828125,2825.199951171875,2826.800048828125,323
2026-10-01 12:50:00-04:00,2826.10009765625,2826.10009765625,2826.60009765625,2824.800048828125,2825.800048828125,524
2026-10-01 12:51:00-04:00,2824.699951171875,2824.699951171875,2826.39990234375,2824.300048828125,2826.199951171875,390
2026-10-01 12:52:00-04:00,2825.39990234375,2825.39990234375,2825.5,2824.60009765625,2824.800048828125,391
2026-10-01 12:53:00-04:00,2825.199951171875,2825.199951171875,2825.699951171875,2824.60009765625,2825.5,280
2026-10-01 12:54:00-04:00,2823.60009765625,2823.60009765625,2825.300048828125,2823.199951171875,2825.199951171875,530
2026-10-01 12:55:00-04:00,2822.10009765625,2822.10009765625,2824.0,2821.800048828125,2823.699951171875,919
2026-10-01 12:56:00-04:00,2821.199951171875,2821.199951171875,2822.5,2820.60009765625,2822.10009765625,660
2026-10-01 12:57:00-04:00,2821.5,2821.5,2821.800048828125,2820.60009765625,2821.300048828125,578
2026-10-01 12:58:00-04:00,2821.699951171875,2821.699951171875,2822.199951171875,2821.199951171875,2821.60009765625,171
2026-10-01 12:59:00-04:00,2822.10009765625,2822.10009765625,2822.60009765625,2821.300048828125,2821.699951171875,159
2026-10-01 13:00:00-04:00,2821.300048828125,2821.300048828125,2822.60009765625,2820.800048828125,2822.199951171875,258
2026-10-01 13:01:00-04:00,2823.10009765625,2823.10009765625,2823.10009765625,2820.699951171875,2821.39990234375,556
2026-10-01 13:02:00-04:00,2825.0,2825.0,2825.5,2822.89990234375,2823.10009765625,390
2026-10-01 13:03:00-04:00,2824.10009765625,2824.10009765625,2825.0,2823.699951171875,2825.0,209
2026-10-01 13:04:00-04:00,2827.0,2827.0,2827.300048828125,2823.89990234375,2824.199951171875,540
2026-10-01 13:05:00-04:00,2827.60009765625,2827.60009765625,2828.300048828125,2826.5,2826.800048828125,380
2026-10-01 13:06:00-04:00,2827.5,2827.5,2828.39990234375,2827.10009765625,2827.5,413
2026-10-01 13:07:00-04:00,2825.699951171875,2825.699951171875,2827.5,2825.10009765625,2827.39990234375,333
2026-10-01 13:08:00-04:00,2825.89990234375,2825.89990234375,2826.89990234375,2825.60009765625,2825.60009765625,177
2026-10-01 13:09:00-04:00,2825.5,2825.5,2826.199951171875,2825.0,2825.89990234375,268
2026-10-01 13:10:00-04:00,2827.10009765625,2827.10009765625,2827.39990234375,2825.60009765625,2825.60009765625,147
2026-10-01 13:11:00-04:00,2827.300048828125,2827.300048828125,2827.800048828125,2826.699951171875,2827.10009765625,164
2026-10-01 13:12:00-04:00,2826.39990234375,2826.39990234375,2827.699951171875,2826.199951171875,2827.199951171875,293
2026-10-01 13:13:00-04:00,2826.89990234375,2826.89990234375,2827.10009765625,2826.0,2826.39990234375,229
2026-10-01 13:14:00-04:00,2825.699951171875,2825.699951171875,2827.10009765625,2825.60009765625,2827.0,172
2026-10-01 13:15:00-04:00,2826.199951171875,2826.199951171875,2826.199951171875,2824.60009765625,2825.60009765625,152
2026-10-01 13:16:00-04:00,2826.39990234375,2826.39990234375,2826.89990234375,2825.800048828125,2826.300048828125,188
2026-10-01 13:17:00-04:00,2826.300048828125,2826.300048828125,2826.800048828125,2826.0,2826.39990234375,143
2026-10-01 13:18:00-04:00,2827.800048828125,2827.800048828125,2827.800048828125,2826.300048828125,2826.300048828125,244
2026-10-01 13:19:00-04:00,2828.60009765625,2828.60009765625,2829.199951171875,2827.800048828125,2827.800048828125,509
2026-10-01 13:20:00-04:00,2830.800048828125,2830.800048828125,2831.699951171875,2828.39990234375,2828.5,656
2026-10-01 13:21:00-04:00,2830.60009765625,2830.60009765625,2831.10009765625,2830.10009765625,2830.800048828125,424
2026-10-01 13:22:00-04:00,2831.800048828125,2831.800048828125,2831.89990234375,2830.39990234375,2830.699951171875,187
2026-10-01 13:23:00-04:00,2832.10009765625,2832.10009765625,2832.5,2831.60009765625,2831.699951171875,378
2026-10-01 13:24:00-04:00,2833.89990234375,2833.89990234375,2833.89990234375,2831.699951171875,2832.0,356
2026-10-01 13:25:00-04:00,2835.800048828125,2835.800048828125,2836.199951171875,2833.800048828125,2834.0,860
2026-10-01 13:26:00-04:00,2836.199951171875,2836.199951171875,2836.5,2835.5,2835.89990234375,398
2026-10-01 13:27:00-04:00,2836.800048828125,2836.800048828125,2836.800048828125,2835.39990234375,2836.10009765625,666
2026-10-01 13:28:00-04:00,2836.300048828125,2836.300048828125,2837.60009765625,2836.199951171875,2836.699951171875,806
2026-10-01 13:29:00-04:00,2835.300048828125,2835.300048828125,2836.60009765625,2835.0,2836.300048828125,558
2026-10-01 13:30:00-04:00,2841.39990234375,2841.39990234375,2843.300048828125,2835.10009765625,2835.300048828125,3947
2026-10-01 13:31:00-04:00,2841.800048828125,2841.800048828125,2843.300048828125,2840.5,2841.5,2100
2026-10-01 13:32:00-04:00,2839.300048828125,2839.300048828125,2843.300048828125,2838.699951171875,2841.89990234375,1066
2026-10-01 13:33:00-04:00,2838.800048828125,2838.800048828125,2840.199951171875,2837.699951171875,2839.300048828125,845
2026-10-01 13:34:00-04:00,2839.199951171875,2839.199951171875,2840.199951171875,2838.60009765625,2838.800048828125,445
2026-10-01 13:35:00-04:00,2837.0,2837.0,2839.800048828125,2836.89990234375,2839.39990234375,812
2026-10-01 13:36:00-04:00,2837.699951171875,2837.699951171875,2837.800048828125,2836.5,2837.10009765625,475
2026-10-01 13:37:00-04:00,2836.199951171875,2836.199951171875,2837.800048828125,2835.800048828125,2837.5,347
2026-10-01 13:38:00-04:00,2835.39990234375,2835.39990234375,2836.699951171875,2834.800048828125,2836.199951171875,479
2026-10-01 13:39:00-04:00,2834.89990234375,2834.89990234375,2835.699951171875,2834.60009765625,2835.300048828125,252
2026-10-01 13:40:00-04:00,2835.89990234375,2835.89990234375,2836.10009765625,2834.5,2834.89990234375,617
2026-10-01 13:41:00-04:00,2837.39990234375,2837.39990234375,2837.800048828125,2835.10009765625,2835.699951171875,296
2026-10-01 13:42:00-04:00,2838.0,2838.0,2838.300048828125,2836.699951171875,2837.300048828125,303
2026-10-01 13:43:00-04:00,2838.800048828125,2838.800048828125,2839.0,2837.60009765625,2838.0,276
2026-10-01 13:44:00-04:00,2838.60009765625,2838.60009765625,2839.60009765625,2838.39990234375,2838.800048828125,505
2026-10-01 13:45:00-04:00,2839.300048828125,2839.300048828125,2839.89990234375,2838.10009765625,2838.699951171875,733
2026-10-01 13:46:00-04:00,2838.699951171875,2838.699951171875,2839.10009765625,2837.39990234375,2839.10009765625,702
2026-10-01 13:47:00-04:00,2836.89990234375,2836.89990234375,2839.60009765625,2836.89990234375,2838.800048828125,235
2026-10-01 13:48:00-04:00,2837.5,2837.5,2837.5,2836.10009765625,2836.89990234375,324
2026-10-01 13:49:00-04:00,2837.10009765625,2837.10009765625,2838.0,2836.60009765625,2837.60009765625,346
2026-10-01 13:50:00-04:00,2834.89990234375,2834.89990234375,2837.199951171875,2834.699951171875,2837.0,330
2026-10-01 13:51:00-04:00,2834.5,2834.5,2835.699951171875,2834.199951171875,2834.800048828125,216
2026-10-01 13:52:00-04:00,2834.60009765625,2834.60009765625,2835.5,2834.300048828125,2834.60009765625,369
2026-10-01 13:53:00-04:00,2834.0,2834.0,2834.60009765625,2833.5,2834.5,472
2026-10-01 13:54:00-04:00,2829.0,2829.0,2834.10009765625,2828.699951171875,2833.800048828125,2171
2026-10-01 13:55:00-04:00,2830.60009765625,2830.60009765625,2830.800048828125,2828.0,2829.10009765625,1645
2026-10-01 13:56:00-04:00,2828.699951171875,2828.699951171875,2831.300048828125,2827.60009765625,2830.699951171875,674
2026-10-01 13:57:00-04:00,2827.39990234375,2827.39990234375,2828.89990234375,2827.10009765625,2828.800048828125,710
2026-10-01 13:58:00-04:00,2827.39990234375,2827.39990234375,2828.60009765625,2827.199951171875,2827.60009765625,443
2026-10-01 13:59:00-04:00,2828.199951171875,2828.199951171875,2828.39990234375,2826.699951171875,2827.39990234375,521
2026-10-01 14:00:00-04:00,2825.89990234375,2825.89990234375,2828.699951171875,2825.10009765625,2828.199951171875,752
2026-10-01 14:01:00-04:00,2826.5,2826.5,2826.60009765625,2824.60009765625,2825.800048828125,895
2026-10-01 14:02:00-04:00,2826.39990234375,2826.39990234375,2827.0,2825.39990234375,2826.39990234375,381
2026-10-01 14:03:00-04:00,2824.300048828125,2824.300048828125,2826.60009765625,2824.10009765625,2826.39990234375,255
2026-10-01 14:04:00-04:00,2824.199951171875,2824.199951171875,2825.0,2823.39990234375,2824.39990234375,373
2026-10-01 14:05:00-04:00,2823.0,2823.0,2824.699951171875,2822.5,2824.300048828125,334
2026-10-01 14:06:00-04:00,2821.199951171875,2821.199951171875,2822.89990234375,2820.60009765625,2822.89990234375,440
2026-10-01 14:07:00-04:00,2821.39990234375,2821.39990234375,2821.60009765625,2820.300048828125,2821.10009765625,380
2026-10-01 14:08:00-04:00,2821.5,2821.5,2822.39990234375,2821.199951171875,2821.300048828125,281
2026-10-01 14:09:00-04:00,2823.199951171875,2823.199951171875,2823.699951171875,2821.39990234375,2821.39990234375,347
2026-10-01 14:10:00-04:00,2822.699951171875,2822.699951171875,2824.10009765625,2821.89990234375,2823.10009765625,237
2026-10-01 14:11:00-04:00,2823.699951171875,2823.699951171875,2824.10009765625,2822.300048828125,2822.699951171875,298
2026-10-01 14:12:00-04:00,2824.300048828125,2824.300048828125,2825.10009765625,2823.699951171875,2823.699951171875,507
2026-10-01 14:13:00-04:00,2824.89990234375,2824.89990234375,2826.699951171875,2824.300048828125,2824.300048828125,939
2026-10-01 14:14:00-04:00,2826.0,2826.0,2826.0,2824.39990234375,2824.89990234375,186
2026-10-01 14:15:00-04:00,2826.89990234375,2826.89990234375,2827.5,2825.89990234375,2826.0,368
2026-10-01 14:16:00-04:00,2828.0,2828.0,2828.199951171875,2826.5,2826.89990234375,242
2026-10-01 14:17:00-04:00,2828.199951171875,2828.199951171875,2828.699951171875,2827.5,2828.199951171875,228
2026-10-01 14:18:00-04:00,2830.199951171875,2830.199951171875,2830.199951171875,2828.199951171875,2828.300048828125,457
2026-10-01 14:19:00-04:00,2829.699951171875,2829.699951171875,2830.39990234375,2829.39990234375,2830.10009765625,627
2026-10-01 14:20:00-04:00,2829.199951171875,2829.199951171875,2829.5,2828.199951171875,2829.39990234375,246
2026-10-01 14:21:00-04:00,2829.199951171875,2829.199951171875,2830.0,2828.800048828125,2829.199951171875,150
2026-10-01 14:22:00-04:00,2828.89990234375,2828.89990234375,2829.199951171875,2827.199951171875,2829.10009765625,588
2026-10-01 14:23:00-04:00,2832.10009765625,2832.10009765625,2832.800048828125,2828.5,2828.89990234375,1509
2026-10-01 14:24:00-04:00,2831.60009765625,2831.60009765625,2832.800048828125,2831.199951171875,2832.10009765625,641
2026-10-01 14:25:00-04:00,2831.5,2831.5,2831.89990234375,2829.60009765625,2831.5,469
2026-10-01 14:26:00-04:00,2830.60009765625,2830.60009765625,2832.10009765625,2830.10009765625,2831.5,213
2026-10-01 14:27:00-04:00,2830.0,2830.0,2830.60009765625,2829.300048828125,2830.60009765625,254
2026-10-01 14:28:00-04:00,2829.60009765625,2829.60009765625,2831.39990234375,2829.5,2830.0,217
2026-10-01 14:29:00-04:00,2830.39990234375,2830.39990234375,2831.0,2829.10009765625,2829.60009765625,616
2026-10-01 14:30:00-04:00,2829.199951171875,2829.199951171875,2830.89990234375,2829.199951171875,2830.39990234375,351
2026-10-01 14:31:00-04:00,2828.699951171875,2828.699951171875,2829.39990234375,2828.39990234375,2829.10009765625,171
2026-10-01 14:32:00-04:00,2830.699951171875,2830.699951171875,2831.10009765625,2828.39990234375,2828.699951171875,204
2026-10-01 14:33:00-04:00,2832.39990234375,2832.39990234375,2832.5,2830.60009765625,2830.800048828125,220
2026-10-01 14:34:00-04:00,2836.10009765625,2836.10009765625,2836.10009765625,2831.800048828125,2832.39990234375,1165
2026-10-01 14:35:00-04:00,2834.39990234375,2834.39990234375,2835.89990234375,2833.699951171875,2835.89990234375,568
2026-10-01 14:36:00-04:00,2832.300048828125,2832.300048828125,2834.300048828125,2831.89990234375,2834.300048828125,282
2026-10-01 14:37:00-04:00,2831.5,2831.5,2832.39990234375,2831.199951171875,2832.39990234375,226
2026-10-01 14:38:00-04:00,2831.300048828125,2831.300048828125,2832.199951171875,2830.800048828125,2831.60009765625,248
2026-10-01 14:39:00-04:00,2830.5,2830.5,2831.5,2830.300048828125,2831.10009765625,150
2026-10-01 14:40:00-04:00,2830.39990234375,2830.39990234375,2830.89990234375,2829.89990234375,2830.5,442
2026-10-01 14:41:00-04:00,2831.5,2831.5,2832.10009765625,2830.10009765625,2830.5,176
2026-10-01 14:42:00-04:00,2831.0,2831.0,2831.800048828125,2830.89990234375,2831.60009765625,190
2026-10-01 14:43:00-04:00,2829.800048828125,2829.800048828125,2831.0,2829.5,2830.89990234375,208
2026-10-01 14:44:00-04:00,2829.89990234375,2829.89990234375,2830.39990234375,2829.699951171875,2829.89990234375,176
2026-10-01 14:45:00-04:00,2829.300048828125,2829.300048828125,2830.0,2829.300048828125,2829.89990234375,183
2026-10-01 14:46:00-04:00,2829.699951171875,2829.699951171875,2829.699951171875,2828.699951171875,2829.39990234375,118
2026-10-01 14:47:00-04:00,2829.800048828125,2829.800048828125,2830.10009765625,2829.10009765625,2829.699951171875,184
2026-10-01 14:48:00-04:00,2829.39990234375,2829.39990234375,2829.89990234375,2829.199951171875,2829.89990234375,77
2026-10-01 14:49:00-04:00,2828.5,2828.5,2829.39990234375,2828.5,2829.199951171875,52
2026-10-01 14:50:00-04:00,2828.39990234375,2828.39990234375,2828.89990234375,2827.699951171875,2828.5,215
2026-10-01 14:51:00-04:00,2828.5,2828.5,2828.699951171875,2827.89990234375,2828.5,83
2026-10-01 14:52:00-04:00,2828.800048828125,2828.800048828125,2829.89990234375,2828.699951171875,2828.699951171875,150
2026-10-01 14:53:00-04:00,2829.300048828125,2829.300048828125,2829.60009765625,2828.699951171875,2828.89990234375,97
2026-10-01 14:54:00-04:00,2828.800048828125,2828.800048828125,2829.5,2828.300048828125,2829.199951171875,85
2026-10-01 14:55:00-04:00,2829.10009765625,2829.10009765625,2829.10009765625,2828.199951171875,2828.60009765625,108
2026-10-01 14:56:00-04:00,2829.199951171875,2829.199951171875,2829.39990234375,2828.89990234375,2829.0,111
2026-10-01 14:57:00-04:00,2829.0,2829.0,2829.300048828125,2828.699951171875,2829.300048828125,81
2026-10-01 14:58:00-04:00,2829.0,2829.0,2829.199951171875,2828.89990234375,2829.0,51
2026-10-01 14:59:00-04:00,2830.5,2830.5,2830.699951171875,2829.0,2829.0,285
2026-10-01 15:00:00-04:00,2829.300048828125,2829.300048828125,2830.800048828125,2829.300048828125,2830.5,222
2026-10-01 15:01:00-04:00,2828.5,2828.5,2829.39990234375,2828.5,2829.300048828125,165
2026-10-01 15:02:00-04:00,2827.89990234375,2827.89990234375,2829.0,2827.800048828125,2828.60009765625,118
2026-10-01 15:03:00-04:00,2828.199951171875,2828.199951171875,2828.699951171875,2827.39990234375,2827.89990234375,145
2026-10-01 15:04:00-04:00,2829.300048828125,2829.300048828125,2829.300048828125,2828.199951171875,2828.199951171875,117
2026-10-01 15:05:00-04:00,2828.699951171875,2828.699951171875,2829.199951171875,2827.89990234375,2829.199951171875,293
2026-10-01 15:06:00-04:00,2827.800048828125,2827.800048828125,2828.800048828125,2827.800048828125,2828.800048828125,123
2026-10-01 15:07:00-04:00,2828.10009765625,2828.10009765625,2828.39990234375,2827.60009765625,2827.89990234375,171
2026-10-01 15:08:00-04:00,2828.800048828125,2828.800048828125,2828.89990234375,2828.0,2828.199951171875,123
2026-10-01 15:09:00-04:00,2829.39990234375,2829.39990234375,2829.39990234375,2828.300048828125,2828.60009765625,129
2026-10-01 15:10:00-04:00,2828.60009765625,2828.60009765625,2830.10009765625,2828.60009765625,2829.39990234375,133
2026-10-01 15:11:00-04:00,2828.699951171875,2828.699951171875,2829.0,2828.300048828125,2828.699951171875,108
2026-10-01 15:12:00-04:00,2828.300048828125,2828.300048828125,2829.0,2828.300048828125,2828.699951171875,164
2026-10-01 15:13:00-04:00,2828.89990234375,2828.89990234375,2829.10009765625,2827.89990234375,2828.10009765625,77
2026-10-01 15:14:00-04:00,2828.89990234375,2828.89990234375,2828.89990234375,2828.60009765625,2828.89990234375,76
2026-10-01 15:15:00-04:00,2829.39990234375,2829.39990234375,2829.5,2828.300048828125,2828.89990234375,198
2026-10-01 15:16:00-04:00,2829.39990234375,2829.39990234375,2829.5,2829.0,2829.300048828125,130
2026-10-01 15:17:00-04:00,2828.800048828125,2828.800048828125,2830.0,2828.699951171875,2829.300048828125,203
2026-10-01 15:18:00-04:00,2830.10009765625,2830.10009765625,2830.5,2828.699951171875,2828.800048828125,100
2026-10-01 15:19:00-04:00,2830.699951171875,2830.699951171875,2830.89990234375,2829.89990234375,2830.0,137
2026-10-01 15:20:00-04:00,2830.800048828125,2830.800048828125,2830.800048828125,2830.10009765625,2830.5,169
2026-10-01 15:21:00-04:00,2831.39990234375,2831.39990234375,2831.89990234375,2830.699951171875,2830.800048828125,155
2026-10-01 15:22:00-04:00,2830.39990234375,2830.39990234375,2831.39990234375,2830.10009765625,2831.39990234375,217
2026-10-01 15:23:00-04:00,2830.10009765625,2830.10009765625,2830.39990234375,2829.89990234375,2830.39990234375,242
2026-10-01 15:24:00-04:00,2829.39990234375,2829.39990234375,2830.300048828125,2829.300048828125,2830.0,228
2026-10-01 15:25:00-04:00,2830.5,2830.5,2830.5,2829.39990234375,2829.39990234375,133
2026-10-01 15:26:00-04:00,2830.39990234375,2830.39990234375,2831.0,2830.0,2830.60009765625,135
2026-10-01 15:27:00-04:00,2829.699951171875,2829.699951171875,2830.300048828125,2829.5,2830.300048828125,120
2026-10-01 15:28:00-04:00,2830.800048828125,2830.800048828125,2831.0,2829.699951171875,2829.699951171875,242
2026-10-01 15:29:00-04:00,2830.5,2830.5,2831.0,2829.800048828125,2830.89990234375,174
2026-10-01 15:30:00-04:00,2830.39990234375,2830.39990234375,2831.199951171875,2830.300048828125,2830.60009765625,243
2026-10-01 15:31:00-04:00,2831.10009765625,2831.10009765625,2831.699951171875,2830.699951171875,2830.699951171875,247
2026-10-01 15:32:00-04:00,2830.0,2830.0,2831.199951171875,2830.0,2831.199951171875,305
2026-10-01 15:33:00-04:00,2830.199951171875,2830.199951171875,2830.60009765625,2829.699951171875,2830.5,156
2026-10-01 15:34:00-04:00,2829.39990234375,2829.39990234375,2831.0,2829.10009765625,2830.199951171875,179
2026-10-01 15:35:00-04:00,2829.39990234375,2829.39990234375,2829.5,2828.89990234375,2829.300048828125,146
2026-10-01 15:36:00-04:00,2828.199951171875,2828.199951171875,2829.300048828125,2828.0,2829.300048828125,262
2026-10-01 15:37:00-04:00,2828.39990234375,2828.39990234375,2828.699951171875,2828.0,2828.199951171875,191
2026-10-01 15:38:00-04:00,2829.0,2829.0,2829.39990234375,2828.39990234375,2828.39990234375,374
2026-10-01 15:39:00-04:00,2827.800048828125,2827.800048828125,2828.89990234375,2827.800048828125,2828.89990234375,245
2026-10-01 15:40:00-04:00,2828.39990234375,2828.39990234375,2828.39990234375,2827.60009765625,2827.89990234375,137
2026-10-01 15:41:00-04:00,2828.5,2828.5,2828.699951171875,2828.0,2828.39990234375,180
2026-10-01 15:42:00-04:00,2827.300048828125,2827.300048828125,2828.800048828125,2827.300048828125,2828.60009765625,194
2026-10-01 15:43:00-04:00,2826.800048828125,2826.800048828125,2827.5,2826.800048828125,2827.300048828125,214
2026-10-01 15:44:00-04:00,2826.39990234375,2826.39990234375,2827.0,2826.300048828125,2826.800048828125,240
2026-10-01 15:45:00-04:00,2827.199951171875,2827.199951171875,2827.39990234375,2826.300048828125,2826.300048828125,598
2026-10-01 15:46:00-04:00,2828.39990234375,2828.39990234375,2828.60009765625,2827.0,2827.300048828125,391
2026-10-01 15:47:00-04:00,2828.300048828125,2828.300048828125,2828.39990234375,2827.699951171875,2828.300048828125,294
2026-10-01 15:48:00-04:00,2828.199951171875,2828.199951171875,2829.199951171875,2828.0,2828.300048828125,308
2026-10-01 15:49:00-04:00,2828.60009765625,2828.60009765625,2828.89990234375,2828.10009765625,2828.199951171875,220
2026-10-01 15:50:00-04:00,2829.800048828125,2829.800048828125,2830.0,2828.10009765625,2828.60009765625,1071
2026-10-01 15:51:00-04:00,2830.39990234375,2830.39990234375,2831.199951171875,2829.699951171875,2829.800048828125,624
2026-10-01 15:52:00-04:00,2830.39990234375,2830.39990234375,2831.39990234375,2829.800048828125,2830.5,582
2026-10-01 15:53:00-04:00,2828.5,2828.5,2830.39990234375,2828.5,2830.39990234375,549
2026-10-01 15:54:00-04:00,2827.89990234375,2827.89990234375,2828.800048828125,2827.39990234375,2828.699951171875,957
2026-10-01 15:55:00-04:00,2827.0,2827.0,2827.89990234375,2826.300048828125,2827.89990234375,1081
2026-10-01 15:56:00-04:00,2827.89990234375,2827.89990234375,2828.10009765625,2826.800048828125,2827.0,705
2026-10-01 15:57:00-04:00,2827.10009765625,2827.10009765625,2828.39990234375,2826.800048828125,2827.800048828125,738
2026-10-01 15:58:00-04:00,2826.89990234375,2826.89990234375,2827.300048828125,2826.60009765625,2827.300048828125,956
2026-10-01 15:59:00-04:00,2827.89990234375,2827.89990234375,2828.10009765625,2825.800048828125,2826.89990234375,13917
2026-10-01 16:00:00-04:00,2829.199951171875,2829.199951171875,2829.199951171875,2827.199951171875,2827.800048828125,1713
2026-10-01 16:01:00-04:00,2829.699951171875,2829.699951171875,2829.800048828125,2828.89990234375,2829.199951171875,491
2026-10-01 16:02:00-04:00,2829.699951171875,2829.699951171875,2830.0,2829.39990234375,2829.60009765625,263
2026-10-01 16:03:00-04:00,2829.699951171875,2829.699951171875,2830.10009765625,2829.300048828125,2829.699951171875,565
2026-10-01 16:04:00-04:00,2830.199951171875,2830.199951171875,2830.39990234375,2829.0,2829.60009765625,290
2026-10-01 16:05:00-04:00,2830.5,2830.5,2830.89990234375,2830.0,2830.199951171875,256
2026-10-01 16:06:00-04:00,2830.699951171875,2830.699951171875,2830.699951171875,2830.199951171875,2830.5,128
2026-10-01 16:07:00-04:00,2830.60009765625,2830.60009765625,2830.699951171875,2830.0,2830.699951171875,118
2026-10-01 16:08:00-04:00,2830.699951171875,2830.699951171875,2831.10009765625,2830.39990234375,2830.60009765625,160
2026-10-01 16:09:00-04:00,2830.60009765625,2830.60009765625,2831.0,2830.5,2830.699951171875,163
2026-10-01 16:10:00-04:00,2830.60009765625,2830.60009765625,2830.800048828125,2830.300048828125,2830.60009765625,113
2026-10-01 16:11:00-04:00,2830.699951171875,2830.699951171875,2830.800048828125,2830.39990234375,2830.5,47
2026-10-01 16:12:00-04:00,2830.39990234375,2830.39990234375,2830.800048828125,2830.300048828125,2830.699951171875,282
2026-10-01 16:13:00-04:00,2831.10009765625,2831.10009765625,2831.199951171875,2830.5,2830.5,262
2026-10-01 16:14:00-04:00,2831.300048828125,2831.300048828125,2831.39990234375,2830.800048828125,2831.0,213
2026-10-01 16:15:00-04:00,2831.60009765625,2831.60009765625,2831.800048828125,2831.39990234375,2831.39990234375,94
2026-10-01 16:16:00-04:00,2831.699951171875,2831.699951171875,2831.89990234375,2831.300048828125,2831.60009765625,103
2026-10-01 16:17:00-04:00,2832.10009765625,2832.10009765625,2832.199951171875,2831.699951171875,2831.699951171875,107
2026-10-01 16:18:00-04:00,2831.800048828125,2831.800048828125,2832.199951171875,2831.800048828125,2832.10009765625,79
2026-10-01 16:19:00-04:00,2831.699951171875,2831.699951171875,2831.89990234375,2831.300048828125,2831.800048828125,191
2026-10-01 16:20:00-04:00,2832.0,2832.0,2832.0,2831.60009765625,2831.800048828125,138
2026-10-01 16:21:00-04:00,2832.39990234375,2832.39990234375,2832.39990234375,2831.800048828125,2832.10009765625,160
2026-10-01 16:22:00-04:00,2832.39990234375,2832.39990234375,2832.5,2832.300048828125,2832.39990234375,130
2026-10-01 16:23:00-04:00,2832.699951171875,2832.699951171875,2832.89990234375,2832.5,2832.5,111
2026-10-01 16:24:00-04:00,2832.39990234375,2832.39990234375,2832.60009765625,2832.39990234375,2832.60009765625,82
2026-10-01 16:25:00-04:00,2832.89990234375,2832.89990234375,2833.0,2832.300048828125,2832.39990234375,116
2026-10-01 16:26:00-04:00,2832.699951171875,2832.699951171875,2832.89990234375,2832.60009765625,2832.89990234375,135
2026-10-01 16:27:00-04:00,2833.0,2833.0,2833.199951171875,2832.800048828125,2832.800048828125,154
2026-10-01 16:28:00-04:00,2832.89990234375,2832.89990234375,2833.300048828125,2832.800048828125,2833.10009765625,176
2026-10-01 16:29:00-04:00,2832.0,2832.0,2832.800048828125,2832.0,2832.800048828125,130
2026-10-01 16:30:00-04:00,2832.199951171875,2832.199951171875,2832.300048828125,2831.89990234375,2831.89990234375,47
2026-10-01 16:31:00-04:00,2831.89990234375,2831.89990234375,2832.10009765625,2831.89990234375,2832.10009765625,32
2026-10-01 16:32:00-04:00,2832.10009765625,2832.10009765625,2832.300048828125,2831.800048828125,2832.0,119
2026-10-01 16:33:00-04:00,2831.699951171875,2831.699951171875,2832.10009765625,2831.699951171875,2832.10009765625,45
2026-10-01 16:34:00-04:00,2831.699951171875,2831.699951171875,2831.699951171875,2831.5,2831.60009765625,24
2026-10-01 16:35:00-04:00,2831.5,2831.5,2832.199951171875,2831.5,2831.800048828125,121
2026-10-01 16:36:00-04:00,2831.199951171875,2831.199951171875,2831.5,2831.10009765625,2831.5,35
2026-10-01 16:37:00-04:00,2831.0,2831.0,2831.300048828125,2831.0,2831.199951171875,37
2026-10-01 16:38:00-04:00,2831.0,2831.0,2831.0,2830.5,2830.89990234375,70
2026-10-01 16:39:00-04:00,2830.800048828125,2830.800048828125,2831.0,2830.800048828125,2830.89990234375,27
2026-10-01 16:40:00-04:00,2830.800048828125,2830.800048828125,2830.89990234375,2830.699951171875,2830.699951171875,26
2026-10-01 16:41:00-04:00,2830.5,2830.5,2830.800048828125,2830.5,2830.699951171875,31
2026-10-01 16:42:00-04:00,2830.5,2830.5,2830.60009765625,2830.39990234375,2830.5,36
2026-10-01 16:43:00-04:00,2830.5,2830.5,2830.60009765625,2830.39990234375,2830.39990234375,40
2026-10-01 16:44:00-04:00,2830.300048828125,2830.300048828125,2830.60009765625,2830.300048828125,2830.5,36
2026-10-01 16:45:00-04:00,2830.39990234375,2830.39990234375,2830.5,2830.199951171875,2830.39990234375,49
2026-10-01 16:46:00-04:00,2829.89990234375,2829.89990234375,2830.39990234375,2829.89990234375,2830.300048828125,46
2026-10-01 16:47:00-04:00,2830.0,2830.0,2830.0,2829.89990234375,2829.89990234375,34
2026-10-01 16:48:00-04:00,2830.10009765625,2830.10009765625,2830.199951171875,2830.0,2830.0,31
2026-10-01 16:49:00-04:00,2830.300048828125,2830.300048828125,2830.39990234375,2830.0,2830.10009765625,67
2026-10-01 16:50:00-04:00,2831.10009765625,2831.10009765625,2831.300048828125,2830.300048828125,2830.39990234375,49
2026-10-01 16:51:00-04:00,2830.60009765625,2830.60009765625,2831.199951171875,2830.60009765625,2831.199951171875,51
2026-10-01 16:52:00-04:00,2830.60009765625,2830.60009765625,2830.699951171875,2830.300048828125,2830.5,89
2026-10-01 16:53:00-04:00,2830.89990234375,2830.89990234375,2830.89990234375,2830.199951171875,2830.5,62
2026-10-01 16:54:00-04:00,2830.300048828125,2830.300048828125,2831.199951171875,2830.300048828125,2830.89990234375,201
2026-10-01 16:55:00-04:00,2829.699951171875,2829.699951171875,2830.300048828125,2829.699951171875,2830.300048828125,127
2026-10-01 16:56:00-04:00,2829.60009765625,2829.60009765625,2829.699951171875,2829.10009765625,2829.699951171875,220
2026-10-01 16:57:00-04:00,2829.60009765625,2829.60009765625,2830.0,2829.5,2829.800048828125,102
2026-10-01 16:58:00-04:00,2830.300048828125,2830.300048828125,2830.39990234375,2829.60009765625,2829.60009765625,119
2026-10-01 16:59:00-04:00,2829.800048828125,2829.800048828125,2830.300048828125,2829.699951171875,2830.199951171875,130
2026-10-01 18:00:00-04:00,2829.89990234375,2829.89990234375,2830.300048828125,2828.5,2829.0,0
2026-10-01 18:01:00-04:00,2830.39990234375,2830.39990234375,2830.5,2829.39990234375,2830.0,38
2026-10-01 18:02:00-04:00,2830.39990234375,2830.39990234375,2830.5,2830.199951171875,2830.5,26
2026-10-01 18:03:00-04:00,2829.89990234375,2829.89990234375,2830.60009765625,2829.89990234375,2830.5,33
2026-10-01 18:04:00-04:00,2830.199951171875,2830.199951171875,2830.39990234375,2829.5,2829.5,33
2026-10-01 18:05:00-04:00,2831.0,2831.0,2831.10009765625,2830.199951171875,2830.199951171875,35
2026-10-01 18:06:00-04:00,2831.39990234375,2831.39990234375,2831.5,2831.0,2831.0,9
2026-10-01 18:07:00-04:00,2831.699951171875,2831.699951171875,2831.699951171875,2831.39990234375,2831.5,25
2026-10-01 18:08:00-04:00,2832.0,2832.0,2832.0,2831.60009765625,2831.60009765625,7
2026-10-01 18:09:00-04:00,2831.10009765625,2831.10009765625,2832.10009765625,2830.800048828125,2832.10009765625,27
2026-10-01 18:10:00-04:00,2831.60009765625,2831.60009765625,2831.60009765625,2831.39990234375,2831.39990234375,3
2026-10-01 18:11:00-04:00,2831.39990234375,2831.39990234375,2831.39990234375,2831.39990234375,2831.39990234375,3
2026-10-01 18:12:00-04:00,2831.10009765625,2831.10009765625,2831.300048828125,2830.89990234375,2831.10009765625,7
2026-10-01 18:13:00-04:00,2830.699951171875,2830.699951171875,2831.10009765625,2830.699951171875,2831.10009765625,2
2026-10-01 18:14:00-04:00,2830.699951171875,2830.699951171875,2831.0,2830.699951171875,2830.89990234375,6
2026-10-01 18:15:00-04:00,2830.300048828125,2830.300048828125,2830.39990234375,2830.10009765625,2830.39990234375,8
2026-10-01 18:17:00-04:00,2830.300048828125,2830.300048828125,2830.300048828125,2830.300048828125,2830.300048828125,1
2026-10-01 18:18:00-04:00,2830.0,2830.0,2830.199951171875,2830.0,2830.199951171875,7
2026-10-01 18:19:00-04:00,2830.0,2830.0,2830.10009765625,2830.0,2830.10009765625,3
2026-10-01 18:20:00-04:00,2829.800048828125,2829.800048828125,2830.199951171875,2829.800048828125,2830.199951171875,9
2026-10-01 18:21:00-04:00,2829.39990234375,2829.39990234375,2829.89990234375,2829.300048828125,2829.89990234375,11
2026-10-01 18:22:00-04:00,2829.10009765625,2829.10009765625,2829.5,2829.10009765625,2829.5,10
2026-10-01 18:23:00-04:00,2828.60009765625,2828.60009765625,2829.10009765625,2828.5,2829.0,34
2026-10-01 18:24:00-04:00,2829.0,2829.0,2829.0,2828.800048828125,2828.800048828125,15
2026-10-01 18:25:00-04:00,2829.5,2829.5,2829.5,2829.0,2829.0,7
2026-10-01 18:26:00-04:00,2829.699951171875,2829.699951171875,2829.699951171875,2829.10009765625,2829.39990234375,39
2026-10-01 18:27:00-04:00,2829.300048828125,2829.300048828125,2829.699951171875,2829.300048828125,2829.300048828125,21
2026-10-01 18:28:00-04:00,2829.300048828125,2829.300048828125,2829.300048828125,2829.10009765625,2829.10009765625,6
2026-10-01 18:29:00-04:00,2829.60009765625,2829.60009765625,2829.60009765625,2829.5,2829.5,5
2026-10-01 18:30:00-04:00,2830.199951171875,2830.199951171875,2830.199951171875,2829.60009765625,2829.699951171875,16
2026-10-01 18:31:00-04:00,2830.10009765625,2830.10009765625,2830.10009765625,2830.10009765625,2830.10009765625,3
2026-10-01 18:32:00-04:00,2830.5,2830.5,2830.60009765625,2830.199951171875,2830.199951171875,8
2026-10-01 18:33:00-04:00,2830.5,2830.5,2830.5,2830.5,2830.5,1
2026-10-01 18:34:00-04:00,2829.800048828125,2829.800048828125,2830.0,2829.800048828125,2830.0,3
2026-10-01 18:35:00-04:00,2830.10009765625,2830.10009765625,2830.10009765625,2830.10009765625,2830.10009765625,2
2026-10-01 18:36:00-04:00,2830.199951171875,2830.199951171875,2830.300048828125,2830.10009765625,2830.10009765625,6
2026-10-01 18:37:00-04:00,2830.300048828125,2830.300048828125,2830.39990234375,2830.10009765625,2830.10009765625,10
2026-10-01 18:38:00-04:00,2830.199951171875,2830.199951171875,2830.39990234375,2830.199951171875,2830.39990234375,4
2026-10-01 18:39:00-04:00,2830.10009765625,2830.10009765625,2830.10009765625,2830.10009765625,2830.10009765625,2
2026-10-01 18:40:00-04:00,2830.10009765625,2830.10009765625,2830.199951171875,2830.10009765625,2830.199951171875,3
2026-10-01 18:41:00-04:00,2830.199951171875,2830.199951171875,2830.300048828125,2830.0,2830.10009765625,20
2026-10-01 18:42:00-04:00,2830.199951171875,2830.199951171875,2830.199951171875,2830.0,2830.0,5
2026-10-01 18:43:00-04:00,2830.199951171875,2830.199951171875,2830.199951171875,2829.89990234375,2829.89990234375,6
2026-10-01 18:44:00-04:00,2829.89990234375,2829.89990234375,2830.199951171875,2829.89990234375,2830.199951171875,10
2026-10-01 18:45:00-04:00,2829.89990234375,2829.89990234375,2830.10009765625,2829.89990234375,2830.10009765625,2
2026-10-01 18:46:00-04:00,2830.0,2830.0,2830.0,2829.89990234375,2829.89990234375,2
2026-10-01 18:47:00-04:00,2829.5,2829.5,2829.699951171875,2829.5,2829.699951171875,5
2026-10-01 18:48:00-04:00,2829.699951171875,2829.699951171875,2829.699951171875,2829.699951171875,2829.699951171875,2
2026-10-01 18:49:00-04:00,2829.89990234375,2829.89990234375,2829.89990234375,2829.800048828125,2829.800048828125,3
2026-10-01 18:50:00-04:00,2830.10009765625,2830.10009765625,2830.199951171875,2830.0,2830.0,5
2026-10-01 18:51:00-04:00,2830.300048828125,2830.300048828125,2830.300048828125,2830.199951171875,2830.199951171875,25
2026-10-01 18:52:00-04:00,2830.800048828125,2830.800048828125,2831.0,2830.39990234375,2830.39990234375,57
2026-10-01 18:53:00-04:00,2830.699951171875,2830.699951171875,2830.800048828125,2830.699951171875,2830.800048828125,2
2026-10-01 18:55:00-04:00,2831.699951171875,2831.699951171875,2831.699951171875,2830.699951171875,2831.0,19
2026-10-01 18:56:00-04:00,2831.5,2831.5,2831.60009765625,2831.5,2831.60009765625,3
2026-10-01 18:57:00-04:00,2831.39990234375,2831.39990234375,2831.5,2831.300048828125,2831.5,6
2026-10-01 18:58:00-04:00,2831.89990234375,2831.89990234375,2831.89990234375,2831.300048828125,2831.300048828125,12
2026-10-01 18:59:00-04:00,2832.10009765625,2832.10009765625,2832.10009765625,2832.0,2832.10009765625,7
2026-10-01 19:00:00-04:00,2831.800048828125,2831.800048828125,2831.89990234375,2830.89990234375,2831.800048828125,52
2026-10-01 19:01:00-04:00,2831.199951171875,2831.199951171875,2831.5,2831.199951171875,2831.5,8
2026-10-01 19:02:00-04:00,2831.699951171875,2831.699951171875,2831.89990234375,2831.39990234375,2831.39990234375,16
2026-10-01 19:03:00-04:00,2832.699951171875,2832.699951171875,2832.800048828125,2831.699951171875,2831.800048828125,39
2026-10-01 19:04:00-04:00,2832.89990234375,2832.89990234375,2833.199951171875,2832.699951171875,2832.699951171875,23
2026-10-01 19:05:00-04:00,2832.199951171875,2832.199951171875,2832.699951171875,2832.199951171875,2832.699951171875,2
2026-10-01 19:06:00-04:00,2831.89990234375,2831.89990234375,2832.300048828125,2831.89990234375,2832.199951171875,15
2026-10-01 19:07:00-04:00,2831.60009765625,2831.60009765625,2831.89990234375,2831.60009765625,2831.89990234375,14
2026-10-01 19:08:00-04:00,2832.39990234375,2832.39990234375,2832.5,2831.800048828125,2831.800048828125,28
2026-10-01 19:09:00-04:00,2832.300048828125,2832.300048828125,2832.300048828125,2832.199951171875,2832.300048828125,11
2026-10-01 19:10:00-04:00,2832.300048828125,2832.300048828125,2832.699951171875,2832.0,2832.5,25
2026-10-01 19:11:00-04:00,2832.60009765625,2832.60009765625,2832.60009765625,2832.199951171875,2832.60009765625,15
2026-10-01 19:12:00-04:00,2832.39990234375,2832.39990234375,2832.699951171875,2832.39990234375,2832.5,14
2026-10-01 19:13:00-04:00,2832.699951171875,2832.699951171875,2832.699951171875,2832.60009765625,2832.60009765625,7
2026-10-01 19:14:00-04:00,2833.300048828125,2833.300048828125,2833.300048828125,2832.699951171875,2832.699951171875,16
2026-10-01 19:15:00-04:00,2832.60009765625,2832.60009765625,2833.199951171875,2832.60009765625,2833.199951171875,24
2026-10-01 19:16:00-04:00,2833.199951171875,2833.199951171875,2833.199951171875,2832.699951171875,2832.699951171875,12
2026-10-01 19:17:00-04:00,2833.0,2833.0,2833.199951171875,2833.0,2833.199951171875,6
2026-10-01 19:18:00-04:00,2833.199951171875,2833.199951171875,2833.699951171875,2833.199951171875,2833.199951171875,28
2026-10-01 19:19:00-04:00,2833.39990234375,2833.39990234375,2833.39990234375,2833.199951171875,2833.199951171875,11
2026-10-01 19:20:00-04:00,2833.199951171875,2833.199951171875,2833.39990234375,2833.10009765625,2833.39990234375,15
2026-10-01 19:21:00-04:00,2832.800048828125,2832.800048828125,2833.10009765625,2832.699951171875,2833.10009765625,8
2026-10-01 19:22:00-04:00,2832.199951171875,2832.199951171875,2832.89990234375,2832.199951171875,2832.800048828125,10
2026-10-01 19:23:00-04:00,2832.0,2832.0,2832.300048828125,2831.89990234375,2832.300048828125,6
2026-10-01 19:24:00-04:00,2832.39990234375,2832.39990234375,2832.5,2831.89990234375,2832.10009765625,8
2026-10-01 19:25:00-04:00,2832.699951171875,2832.699951171875,2832.699951171875,2832.39990234375,2832.39990234375,14
2026-10-01 19:26:00-04:00,2832.10009765625,2832.10009765625,2832.800048828125,2832.10009765625,2832.699951171875,29
2026-10-01 19:27:00-04:00,2832.300048828125,2832.300048828125,2832.5,2831.89990234375,2832.199951171875,53
2026-10-01 19:28:00-04:00,2831.89990234375,2831.89990234375,2832.300048828125,2831.699951171875,2832.199951171875,36
2026-10-01 19:29:00-04:00,2831.89990234375,2831.89990234375,2832.0,2831.89990234375,2832.0,7
2026-10-01 19:30:00-04:00,2831.39990234375,2831.39990234375,2832.199951171875,2831.199951171875,2832.0,56
2026-10-01 19:31:00-04:00,2830.199951171875,2830.199951171875,2831.199951171875,2829.89990234375,2831.199951171875,35
2026-10-01 19:32:00-04:00,2830.300048828125,2830.300048828125,2830.300048828125,2830.0,2830.0,25
2026-10-01 19:33:00-04:00,2830.39990234375,2830.39990234375,2830.39990234375,2829.89990234375,2830.199951171875,18
2026-10-01 19:34:00-04:00,2830.199951171875,2830.199951171875,2830.60009765625,2830.199951171875,2830.5,12
2026-10-01 19:35:00-04:00,2830.60009765625,2830.60009765625,2830.60009765625,2830.39990234375,2830.39990234375,6
2026-10-01 19:36:00-04:00,2830.300048828125,2830.300048828125,2830.5,2830.0,2830.5,8
2026-10-01 19:37:00-04:00,2829.60009765625,2829.60009765625,2829.89990234375,2829.5,2829.89990234375,17
2026-10-01 19:38:00-04:00,2829.39990234375,2829.39990234375,2829.5,2829.199951171875,2829.5,8
2026-10-01 19:39:00-04:00,2829.39990234375,2829.39990234375,2829.39990234375,2828.699951171875,2829.10009765625,17
2026-10-01 19:40:00-04:00,2828.89990234375,2828.89990234375,2829.199951171875,2828.89990234375,2829.199951171875,16
2026-10-01 19:41:00-04:00,2829.0,2829.0,2829.0,2828.89990234375,2828.89990234375,2
2026-10-01 19:42:00-04:00,2829.39990234375,2829.39990234375,2829.39990234375,2829.10009765625,2829.10009765625,10
2026-10-01 19:43:00-04:00,2829.89990234375,2829.89990234375,2830.0,2829.300048828125,2829.300048828125,14
2026-10-01 19:44:00-04:00,2830.699951171875,2830.699951171875,2830.699951171875,2830.39990234375,2830.39990234375,13
2026-10-01 19:45:00-04:00,2830.199951171875,2830.199951171875,2831.0,2830.10009765625,2830.699951171875,28
2026-10-01 19:46:00-04:00,2830.5,2830.5,2830.699951171875,2830.10009765625,2830.199951171875,25
2026-10-01 19:47:00-04:00,2830.199951171875,2830.199951171875,2830.39990234375,2830.10009765625,2830.39990234375,16
2026-10-01 19:48:00-04:00,2830.10009765625,2830.10009765625,2830.10009765625,2829.800048828125,2830.0,5
2026-10-01 19:49:00-04:00,2831.199951171875,2831.199951171875,2831.5,2830.39990234375,2830.39990234375,15
2026-10-01 19:50:00-04:00,2830.800048828125,2830.800048828125,2831.5,2830.800048828125,2831.10009765625,31
2026-10-01 19:51:00-04:00,2831.300048828125,2831.300048828125,2831.300048828125,2830.89990234375,2830.89990234375,2
2026-10-01 19:52:00-04:00,2831.0,2831.0,2831.300048828125,2831.0,2831.300048828125,3
2026-10-01 19:53:00-04:00,2832.5,2832.5,2832.60009765625,2831.39990234375,2831.39990234375,29
2026-10-01 19:54:00-04:00,2831.39990234375,2831.39990234375,2832.5,2831.39990234375,2832.5,5
2026-10-01 19:55:00-04:00,2831.60009765625,2831.60009765625,2831.60009765625,2831.39990234375,2831.60009765625,6
2026-10-01 19:56:00-04:00,2831.60009765625,2831.60009765625,2831.699951171875,2831.5,2831.699951171875,5
2026-10-01 19:57:00-04:00,2831.5,2831.5,2831.60009765625,2831.5,2831.5,5
2026-10-01 19:58:00-04:00,2831.89990234375,2831.89990234375,2832.0,2831.800048828125,2831.800048828125,10
2026-10-01 19:59:00-04:00,2831.89990234375,2831.89990234375,2832.199951171875,2831.89990234375,2832.10009765625,13
2026-10-01 20:00:00-04:00,2831.60009765625,2831.60009765625,2832.199951171875,2831.300048828125,2832.0,54
2026-10-01 20:01:00-04:00,2831.800048828125,2831.800048828125,2832.10009765625,2831.5,2832.10009765625,10
2026-10-01 20:02:00-04:00,2830.89990234375,2830.89990234375,2831.60009765625,2830.89990234375,2831.60009765625,10
2026-10-01 20:03:00-04:00,2831.5,2831.5,2831.5,2831.0,2831.0,14
2026-10-01 20:04:00-04:00,2831.300048828125,2831.300048828125,2831.5,2830.89990234375,2831.5,13
2026-10-01 20:05:00-04:00,2831.0,2831.0,2831.39990234375,2830.60009765625,2831.39990234375,21
2026-10-01 20:06:00-04:00,2830.89990234375,2830.89990234375,2831.300048828125,2830.60009765625,2831.300048828125,12
2026-10-01 20:07:00-04:00,2830.800048828125,2830.800048828125,2831.5,2830.699951171875,2830.89990234375,27
2026-10-01 20:08:00-04:00,2830.60009765625,2830.60009765625,2830.699951171875,2830.60009765625,2830.699951171875,3
2026-10-01 20:09:00-04:00,2830.39990234375,2830.39990234375,2830.39990234375,2830.10009765625,2830.39990234375,6
2026-10-01 20:10:00-04:00,2831.39990234375,2831.39990234375,2831.60009765625,2830.300048828125,2830.300048828125,54
2026-10-01 20:11:00-04:00,2831.5,2831.5,2831.60009765625,2831.300048828125,2831.39990234375,17
2026-10-01 20:12:00-04:00,2831.5,2831.5,2831.89990234375,2831.39990234375,2831.39990234375,16
2026-10-01 20:13:00-04:00,2831.300048828125,2831.300048828125,2831.800048828125,2831.300048828125,2831.800048828125,12
2026-10-01 20:14:00-04:00,2831.699951171875,2831.699951171875,2831.699951171875,2831.39990234375,2831.39990234375,7
2026-10-01 20:15:00-04:00,2831.89990234375,2831.89990234375,2832.0,2830.699951171875,2831.60009765625,30
2026-10-01 20:16:00-04:00,2830.89990234375,2830.89990234375,2831.800048828125,2830.89990234375,2831.800048828125,17
2026-10-01 20:17:00-04:00,2831.5,2831.5,2831.699951171875,2831.199951171875,2831.199951171875,11
2026-10-01 20:18:00-04:00,2832.199951171875,2832.199951171875,2832.199951171875,2831.300048828125,2831.5,15
2026-10-01 20:19:00-04:00,2832.0,2832.0,2832.5,2832.0,2832.300048828125,33
2026-10-01 20:20:00-04:00,2832.0,2832.0,2832.300048828125,2831.89990234375,2832.0,30
2026-10-01 20:21:00-04:00,2831.60009765625,2831.60009765625,2832.39990234375,2831.5,2832.10009765625,47
2026-10-01 20:22:00-04:00,2831.5,2831.5,2831.5,2831.5,2831.5,1
2026-10-01 20:23:00-04:00,2831.199951171875,2831.199951171875,2831.89990234375,2831.10009765625,2831.60009765625,37
2026-10-01 20:24:00-04:00,2830.800048828125,2830.800048828125,2831.39990234375,2830.699951171875,2831.199951171875,24
2026-10-01 20:25:00-04:00,2830.39990234375,2830.39990234375,2830.800048828125,2830.0,2830.800048828125,22
2026-10-01 20:26:00-04:00,2829.699951171875,2829.699951171875,2830.39990234375,2829.5,2830.300048828125,19
2026-10-01 20:27:00-04:00,2829.10009765625,2829.10009765625,2829.5,2828.89990234375,2829.5,28
2026-10-01 20:28:00-04:00,2829.39990234375,2829.39990234375,2829.39990234375,2829.10009765625,2829.199951171875,4
2026-10-01 20:29:00-04:00,2829.60009765625,2829.60009765625,2829.60009765625,2829.300048828125,2829.300048828125,8
2026-10-01 20:30:00-04:00,2829.89990234375,2829.89990234375,2829.89990234375,2829.39990234375,2829.5,7
2026-10-01 20:31:00-04:00,2830.0,2830.0,2830.39990234375,2829.800048828125,2830.0,19
2026-10-01 20:32:00-04:00,2830.10009765625,2830.10009765625,2830.10009765625,2829.60009765625,2829.800048828125,19
2026-10-01 20:33:00-04:00,2830.300048828125,2830.300048828125,2830.60009765625,2830.300048828125,2830.39990234375,5
2026-10-01 20:34:00-04:00,2830.800048828125,2830.800048828125,2831.10009765625,2830.0,2830.0,18
2026-10-01 20:35:00-04:00,2831.5,2831.5,2831.699951171875,2830.800048828125,2830.800048828125,20
2026-10-01 20:36:00-04:00,2831.60009765625,2831.60009765625,2831.699951171875,2831.300048828125,2831.699951171875,19
2026-10-01 20:37:00-04:00,2831.300048828125,2831.300048828125,2831.39990234375,2831.300048828125,2831.39990234375,3
2026-10-01 20:38:00-04:00,2830.199951171875,2830.199951171875,2830.5,2830.199951171875,2830.5,2
2026-10-01 20:39:00-04:00,2830.699951171875,2830.699951171875,2830.800048828125,2830.39990234375,2830.39990234375,17
2026-10-01 20:40:00-04:00,2830.39990234375,2830.39990234375,2831.0,2830.39990234375,2830.699951171875,22
2026-10-01 20:41:00-04:00,2829.89990234375,2829.89990234375,2830.39990234375,2829.89990234375,2830.199951171875,22
2026-10-01 20:42:00-04:00,2830.300048828125,2830.300048828125,2830.5,2829.800048828125,2829.800048828125,7
2026-10-01 20:45:00-04:00,2830.10009765625,2830.10009765625,2830.10009765625,2830.10009765625,2830.10009765625,1
2026-10-01 20:46:00-04:00,2829.800048828125,2829.800048828125,2830.199951171875,2829.800048828125,2830.199951171875,6
2026-10-01 20:47:00-04:00,2830.800048828125,2830.800048828125,2830.800048828125,2830.10009765625,2830.10009765625,10
2026-10-01 20:48:00-04:00,2830.89990234375,2830.89990234375,2831.0,2830.800048828125,2830.89990234375,9
2026-10-01 20:49:00-04:00,2830.89990234375,2830.89990234375,2831.0,2830.800048828125,2831.0,5
2026-10-01 20:50:00-04:00,2830.60009765625,2830.60009765625,2830.699951171875,2830.60009765625,2830.699951171875,3
2026-10-01 20:52:00-04:00,2830.60009765625,2830.60009765625,2830.60009765625,2830.60009765625,2830.60009765625,1
2026-10-01 20:53:00-04:00,2830.699951171875,2830.699951171875,2830.699951171875,2830.60009765625,2830.699951171875,5
2026-10-01 20:55:00-04:00,2829.89990234375,2829.89990234375,2830.300048828125,2829.800048828125,2830.300048828125,3
2026-10-01 20:56:00-04:00,2829.699951171875,2829.699951171875,2829.800048828125,2829.699951171875,2829.800048828125,3
2026-10-01 20:57:00-04:00,2829.89990234375,2829.89990234375,2829.89990234375,2829.699951171875,2829.699951171875,6
2026-10-01 20:58:00-04:00,2829.89990234375,2829.89990234375,2829.89990234375,2829.800048828125,2829.89990234375,6
2026-10-01 20:59:00-04:00,2829.300048828125,2829.300048828125,2829.699951171875,2829.0,2829.699951171875,20
2026-10-01 21:00:00-04:00,2829.5,2829.5,2829.5,2829.10009765625,2829.10009765625,13
2026-10-01 21:01:00-04:00,2829.300048828125,2829.300048828125,2830.10009765625,2829.199951171875,2830.0,18
2026-10-01 21:02:00-04:00,2829.5,2829.5,2829.800048828125,2829.39990234375,2829.39990234375,12
2026-10-01 21:03:00-04:00,2829.5,2829.5,2829.699951171875,2829.39990234375,2829.60009765625,7
2026-10-01 21:04:00-04:00,2829.300048828125,2829.300048828125,2829.800048828125,2829.300048828125,2829.60009765625,22
2026-10-01 21:05:00-04:00,2829.800048828125,2829.800048828125,2829.89990234375,2829.300048828125,2829.300048828125,9
2026-10-01 21:06:00-04:00,2829.699951171875,2829.699951171875,2829.699951171875,2829.60009765625,2829.60009765625,2
2026-10-01 21:07:00-04:00,2829.5,2829.5,2829.5,2829.199951171875,2829.300048828125,15
2026-10-01 21:08:00-04:00,2829.60009765625,2829.60009765625,2829.60009765625,2829.39990234375,2829.60009765625,12
2026-10-01 21:09:00-04:00,2829.60009765625,2829.60009765625,2829.699951171875,2829.60009765625,2829.699951171875,7
2026-10-01 21:10:00-04:00,2829.60009765625,2829.60009765625,2829.699951171875,2829.60009765625,2829.699951171875,7
2026-10-01 21:12:00-04:00,2829.89990234375,2829.89990234375,2829.89990234375,2829.699951171875,2829.800048828125,6
2026-10-01 21:13:00-04:00,2829.39990234375,2829.39990234375,2829.39990234375,2829.199951171875,2829.199951171875,2
2026-10-01 21:14:00-04:00,2829.699951171875,2829.699951171875,2829.699951171875,2829.39990234375,2829.699951171875,8
2026-10-01 21:15:00-04:00,2829.300048828125,2829.300048828125,2829.300048828125,2828.89990234375,2829.10009765625,19
2026-10-01 21:16:00-04:00,2829.5,2829.5,2829.5,2829.199951171875,2829.39990234375,6
2026-10-01 21:17:00-04:00,2829.699951171875,2829.699951171875,2829.699951171875,2829.199951171875,2829.300048828125,7
2026-10-01 21:18:00-04:00,2830.199951171875,2830.199951171875,2830.199951171875,2829.800048828125,2829.89990234375,16
2026-10-01 21:19:00-04:00,2829.39990234375,2829.39990234375,2829.699951171875,2829.39990234375,2829.60009765625,4
2026-10-01 21:20:00-04:00,2828.699951171875,2828.699951171875,2829.199951171875,2828.60009765625,2829.10009765625,15
2026-10-01 21:21:00-04:00,2828.5,2828.5,2828.89990234375,2828.5,2828.800048828125,41
2026-10-01 21:22:00-04:00,2828.800048828125,2828.800048828125,2828.800048828125,2828.199951171875,2828.5,25
2026-10-01 21:23:00-04:00,2829.0,2829.0,2829.199951171875,2828.800048828125,2828.800048828125,10
2026-10-01 21:24:00-04:00,2828.800048828125,2828.800048828125,2828.89990234375,2828.800048828125,2828.800048828125,5
2026-10-01 21:25:00-04:00,2828.300048828125,2828.300048828125,2829.300048828125,2828.300048828125,2829.300048828125,3
2026-10-01 21:26:00-04:00,2827.800048828125,2827.800048828125,2828.39990234375,2827.800048828125,2828.39990234375,11
2026-10-01 21:27:00-04:00,2827.800048828125,2827.800048828125,2828.0,2827.699951171875,2827.800048828125,9
2026-10-01 21:28:00-04:00,2828.10009765625,2828.10009765625,2828.10009765625,2827.800048828125,2827.800048828125,15
2026-10-01 21:29:00-04:00,2828.300048828125,2828.300048828125,2828.39990234375,2827.89990234375,2827.89990234375,12
2026-10-01 21:30:00-04:00,2828.39990234375,2828.39990234375,2828.89990234375,2828.300048828125,2828.39990234375,21
2026-10-01 21:31:00-04:00,2828.699951171875,2828.699951171875,2828.800048828125,2828.300048828125,2828.60009765625,15
2026-10-01 21:32:00-04:00,2828.39990234375,2828.39990234375,2828.5,2828.199951171875,2828.5,0
